2025-03-09 02:22:11,725 [32mINFO [m [m[main][m [mc.m.m.Launcher.main(76)[m: ModLauncher running: args [--launchTarget, forgeserver, --fml.forgeVersion, 40.2.21, --fml.mcVersion, 1.18.2, --fml.forgeGroup, net.minecraftforge, --fml.mcpVersion, 20220404.173914, nogui]
2025-03-09 02:22:11,729 [32mINFO [m [m[main][m [mc.m.m.Launcher.<init>(51)[m: ModLauncher 9.1.3+9.1.3+main.9b69c82a starting: java version 21.0.5 by Microsoft
2025-03-09 02:22:12,092 [32mINFO [m [m[main][m [mmixin.info(97)[m: SpongePowered MIXIN Subsystem Version=0.8.5 Source=union:/workspaces/plomeros-codespace-2/minecraft-servers/server-v2/libraries/org/spongepowered/mixin/0.8.5/mixin-0.8.5.jar%2316!/ Service=ModLauncher Env=SERVER
2025-03-09 02:22:12,835 [32mINFO [m [m[main][m [mn.m.f.l.m.JarInJarDependencyLocator.scanMods(55)[m: Found 1 dependencies adding them to mods collection
2025-03-09 02:22:16,018 [32mINFO [m [m[main][m [mmixin.info(97)[m: Compatibility level set to JAVA_17
2025-03-09 02:22:16,107 [1;31mERROR[m [m[main][m [mmixin.error(77)[m: Mixin config azurelib.mixins.json does not specify "minVersion" property
2025-03-09 02:22:16,238 [32mINFO [m [m[main][m [mc.m.m.LaunchServiceHandler.launch(52)[m: Launching target 'forgeserver' with arguments [nogui]
2025-03-09 02:22:16,347 [33mWARN [m [m[main][m [mmixin.warn(132)[m: Reference map 'cristellib-common-refmap.json' for cristellib-common.mixins.json could not be read. If this is a development environment you can ignore this message
2025-03-09 02:22:16,349 [33mWARN [m [m[main][m [mmixin.warn(132)[m: Reference map 'cristellib-forge-refmap.json' for cristellib.mixins.json could not be read. If this is a development environment you can ignore this message
2025-03-09 02:22:17,528 [33mWARN [m [m[main][m [mmixin.warn(132)[m: Error loading class: net/minecraft/client/gui/screens/inventory/AnvilScreen (java.lang.ClassNotFoundException: net.minecraft.client.gui.screens.inventory.AnvilScreen)
2025-03-09 02:22:17,529 [33mWARN [m [m[main][m [mmixin.log(107)[m: @Mixin target net.minecraft.client.gui.screens.inventory.AnvilScreen was not found ante.mixins.json:AnvilScreenMixin
2025-03-09 02:22:29,939 [33mWARN [m [m[modloading-worker-0][m [mmixin.warn(132)[m: Method overwrite conflict for extractPools in byg.mixins.json:common.world.level.storage.loot.MixinLootTableManager, previously written by corgitaco.enhancedcelestials.mixin.MixinLootTableManager. Skipping method.
2025-03-09 02:22:30,529 [32mINFO [m [m[modloading-worker-0][m [mFramework.registerDataKey(148)[m: Registered synced data key tac:aiming for minecraft:living_entity
2025-03-09 02:22:30,537 [32mINFO [m [m[modloading-worker-0][m [mFramework.registerDataKey(148)[m: Registered synced data key tac:shooting for minecraft:living_entity
2025-03-09 02:22:30,538 [32mINFO [m [m[modloading-worker-0][m [mFramework.registerDataKey(148)[m: Registered synced data key tac:reloading for minecraft:living_entity
2025-03-09 02:22:30,540 [32mINFO [m [m[modloading-worker-0][m [mFramework.registerDataKey(148)[m: Registered synced data key tac:moving for minecraft:living_entity
2025-03-09 02:22:30,540 [32mINFO [m [m[modloading-worker-0][m [mFramework.registerDataKey(148)[m: Registered synced data key tac:stop_anima for minecraft:living_entity
2025-03-09 02:22:30,540 [32mINFO [m [m[modloading-worker-0][m [mFramework.registerDataKey(148)[m: Registered synced data key tac:qrepairing for minecraft:living_entity
2025-03-09 02:22:30,913 [32mINFO [m [m[modloading-worker-0][m [mDungeon Crawl.<init>(52)[m: Here we go! Launching Dungeon Crawl 2.3.14...
2025-03-09 02:22:31,880 [32mINFO [m [m[modloading-worker-0][m [mn.m.c.ForgeMod.<init>(143)[m: Forge mod loading, version 40.2.21, for MC 1.18.2 with MCP 20220404.173914
2025-03-09 02:22:31,882 [32mINFO [m [m[modloading-worker-0][m [mn.m.c.MinecraftForge.initialize(41)[m: MinecraftForge v40.2.21 Initialized
2025-03-09 02:22:31,905 [32mINFO [m [m[modloading-worker-0][m [mm.a.a.AzureLib.addTrackedConfig(102)[m: Registered azurelib config for auto-sync function
2025-03-09 02:22:32,112 [32mINFO [m [m[modloading-worker-0][m [mc.m.MohistMC.init(17)[m: EventDispatcherRegistry initialized
2025-03-09 02:22:33,105 [32mINFO [m [m[modloading-worker-0][m [md.w.b.BCC.<init>(35)[m: Better Compatibility Checker loading
2025-03-09 02:22:34,819 [32mINFO [m [m[modloading-worker-0][m [md.a.n.f.NetworkManagerImpl.registerC2SReceiver(169)[m: Registering C2S receiver with id architectury:sync_ids
2025-03-09 02:22:34,918 [32mINFO [m [m[modloading-worker-0][m [mPuzzles Lib.construct(30)[m: Constructing common components for puzzleslib:main
2025-03-09 02:22:35,098 [32mINFO [m [m[modloading-worker-0][m [mc.t.l.LegendsMod.register(33)[m: Registered Superheroes pack with id: legends_superheroes
2025-03-09 02:22:36,462 [32mINFO [m [m[modloading-worker-0][m [mCristel Lib.dumpDirect(134)[m: dumping Runtime Pack's assets and data
2025-03-09 02:22:37,543 [32mINFO [m [m[main][m [mc.t.l.LegendsMod.registerCapabilities(111)[m: legendsmod: capabilities are registered!
2025-03-09 02:22:37,548 [32mINFO [m [m[main][m [mc.t.l.LegendsMod.registerCapabilities(117)[m: legends_superheroes: capabilities are registered!
2025-03-09 02:22:58,964 [1;31mERROR[m [m[main][m [mn.m.Util.m_143785_(408)[m: Adding duplicate key 'ResourceKey[minecraft:worldgen/configured_feature / evilcraft:stone_netherfish]' to registry
2025-03-09 02:22:58,972 [1;31mERROR[m [m[main][m [mn.m.Util.m_143785_(408)[m: Adding duplicate key 'ResourceKey[minecraft:worldgen/configured_feature / evilcraft:stone_nether_silverfish_extra]' to registry
2025-03-09 02:22:58,972 [1;31mERROR[m [m[main][m [mn.m.Util.m_143785_(408)[m: Adding duplicate key 'ResourceKey[minecraft:worldgen/placed_feature / evilcraft:stone_netherfish]' to registry
2025-03-09 02:22:58,972 [1;31mERROR[m [m[main][m [mn.m.Util.m_143785_(408)[m: Adding duplicate key 'ResourceKey[minecraft:worldgen/placed_feature / evilcraft:stone_nether_silverfish_extra]' to registry
2025-03-09 02:22:58,977 [1;31mERROR[m [m[main][m [mn.m.Util.m_143785_(408)[m: Adding duplicate key 'ResourceKey[minecraft:worldgen/configured_feature / evilcraft:stone_netherfish]' to registry
2025-03-09 02:22:58,977 [1;31mERROR[m [m[main][m [mn.m.Util.m_143785_(408)[m: Adding duplicate key 'ResourceKey[minecraft:worldgen/configured_feature / evilcraft:stone_nether_silverfish_extra]' to registry
2025-03-09 02:22:58,978 [1;31mERROR[m [m[main][m [mn.m.Util.m_143785_(408)[m: Adding duplicate key 'ResourceKey[minecraft:worldgen/placed_feature / evilcraft:stone_netherfish]' to registry
2025-03-09 02:22:58,978 [1;31mERROR[m [m[main][m [mn.m.Util.m_143785_(408)[m: Adding duplicate key 'ResourceKey[minecraft:worldgen/placed_feature / evilcraft:stone_nether_silverfish_extra]' to registry
2025-03-09 02:23:00,021 [32mINFO [m [m[main][m [mn.m.r.GameData.checkPrefix(946)[m: Potentially Dangerous alternative prefix `legends_superheroes` for name `joker_head`, expected `legendsmod`. This could be a intended override, but in most cases indicates a broken mod.
2025-03-09 02:23:00,025 [32mINFO [m [m[main][m [mn.m.r.GameData.checkPrefix(946)[m: Potentially Dangerous alternative prefix `legends_superheroes` for name `joker_chest`, expected `legendsmod`. This could be a intended override, but in most cases indicates a broken mod.
2025-03-09 02:23:00,025 [32mINFO [m [m[main][m [mn.m.r.GameData.checkPrefix(946)[m: Potentially Dangerous alternative prefix `legends_superheroes` for name `joker_legs`, expected `legendsmod`. This could be a intended override, but in most cases indicates a broken mod.
2025-03-09 02:23:00,026 [32mINFO [m [m[main][m [mn.m.r.GameData.checkPrefix(946)[m: Potentially Dangerous alternative prefix `legends_superheroes` for name `joker_feet`, expected `legendsmod`. This could be a intended override, but in most cases indicates a broken mod.
2025-03-09 02:23:00,037 [32mINFO [m [m[main][m [mn.m.r.GameData.checkPrefix(946)[m: Potentially Dangerous alternative prefix `legends_superheroes` for name `homelander_head`, expected `legendsmod`. This could be a intended override, but in most cases indicates a broken mod.
2025-03-09 02:23:00,038 [32mINFO [m [m[main][m [mn.m.r.GameData.checkPrefix(946)[m: Potentially Dangerous alternative prefix `legends_superheroes` for name `homelander_chest`, expected `legendsmod`. This could be a intended override, but in most cases indicates a broken mod.
2025-03-09 02:23:00,038 [32mINFO [m [m[main][m [mn.m.r.GameData.checkPrefix(946)[m: Potentially Dangerous alternative prefix `legends_superheroes` for name `homelander_legs`, expected `legendsmod`. This could be a intended override, but in most cases indicates a broken mod.
2025-03-09 02:23:00,039 [32mINFO [m [m[main][m [mn.m.r.GameData.checkPrefix(946)[m: Potentially Dangerous alternative prefix `legends_superheroes` for name `homelander_feet`, expected `legendsmod`. This could be a intended override, but in most cases indicates a broken mod.
2025-03-09 02:23:00,039 [32mINFO [m [m[main][m [mn.m.r.GameData.checkPrefix(946)[m: Potentially Dangerous alternative prefix `legends_superheroes` for name `spider_man_head`, expected `legendsmod`. This could be a intended override, but in most cases indicates a broken mod.
2025-03-09 02:23:00,039 [32mINFO [m [m[main][m [mn.m.r.GameData.checkPrefix(946)[m: Potentially Dangerous alternative prefix `legends_superheroes` for name `spider_man_chest`, expected `legendsmod`. This could be a intended override, but in most cases indicates a broken mod.
2025-03-09 02:23:00,040 [32mINFO [m [m[main][m [mn.m.r.GameData.checkPrefix(946)[m: Potentially Dangerous alternative prefix `legends_superheroes` for name `spider_man_legs`, expected `legendsmod`. This could be a intended override, but in most cases indicates a broken mod.
2025-03-09 02:23:00,043 [32mINFO [m [m[main][m [mn.m.r.GameData.checkPrefix(946)[m: Potentially Dangerous alternative prefix `legends_superheroes` for name `spider_man_feet`, expected `legendsmod`. This could be a intended override, but in most cases indicates a broken mod.
2025-03-09 02:23:00,044 [32mINFO [m [m[main][m [mn.m.r.GameData.checkPrefix(946)[m: Potentially Dangerous alternative prefix `legends_superheroes` for name `superman_head`, expected `legendsmod`. This could be a intended override, but in most cases indicates a broken mod.
2025-03-09 02:23:00,044 [32mINFO [m [m[main][m [mn.m.r.GameData.checkPrefix(946)[m: Potentially Dangerous alternative prefix `legends_superheroes` for name `superman_chest`, expected `legendsmod`. This could be a intended override, but in most cases indicates a broken mod.
2025-03-09 02:23:00,044 [32mINFO [m [m[main][m [mn.m.r.GameData.checkPrefix(946)[m: Potentially Dangerous alternative prefix `legends_superheroes` for name `superman_legs`, expected `legendsmod`. This could be a intended override, but in most cases indicates a broken mod.
2025-03-09 02:23:00,045 [32mINFO [m [m[main][m [mn.m.r.GameData.checkPrefix(946)[m: Potentially Dangerous alternative prefix `legends_superheroes` for name `superman_feet`, expected `legendsmod`. This could be a intended override, but in most cases indicates a broken mod.
2025-03-09 02:23:00,045 [32mINFO [m [m[main][m [mn.m.r.GameData.checkPrefix(946)[m: Potentially Dangerous alternative prefix `legends_superheroes` for name `thor_head`, expected `legendsmod`. This could be a intended override, but in most cases indicates a broken mod.
2025-03-09 02:23:00,045 [32mINFO [m [m[main][m [mn.m.r.GameData.checkPrefix(946)[m: Potentially Dangerous alternative prefix `legends_superheroes` for name `thor_chest`, expected `legendsmod`. This could be a intended override, but in most cases indicates a broken mod.
2025-03-09 02:23:00,046 [32mINFO [m [m[main][m [mn.m.r.GameData.checkPrefix(946)[m: Potentially Dangerous alternative prefix `legends_superheroes` for name `thor_legs`, expected `legendsmod`. This could be a intended override, but in most cases indicates a broken mod.
2025-03-09 02:23:00,046 [32mINFO [m [m[main][m [mn.m.r.GameData.checkPrefix(946)[m: Potentially Dangerous alternative prefix `legends_superheroes` for name `thor_feet`, expected `legendsmod`. This could be a intended override, but in most cases indicates a broken mod.
2025-03-09 02:23:00,047 [32mINFO [m [m[main][m [mn.m.r.GameData.checkPrefix(946)[m: Potentially Dangerous alternative prefix `legends_superheroes` for name `robin_head`, expected `legendsmod`. This could be a intended override, but in most cases indicates a broken mod.
2025-03-09 02:23:00,047 [32mINFO [m [m[main][m [mn.m.r.GameData.checkPrefix(946)[m: Potentially Dangerous alternative prefix `legends_superheroes` for name `robin_chest`, expected `legendsmod`. This could be a intended override, but in most cases indicates a broken mod.
2025-03-09 02:23:00,048 [32mINFO [m [m[main][m [mn.m.r.GameData.checkPrefix(946)[m: Potentially Dangerous alternative prefix `legends_superheroes` for name `robin_legs`, expected `legendsmod`. This could be a intended override, but in most cases indicates a broken mod.
2025-03-09 02:23:00,048 [32mINFO [m [m[main][m [mn.m.r.GameData.checkPrefix(946)[m: Potentially Dangerous alternative prefix `legends_superheroes` for name `robin_feet`, expected `legendsmod`. This could be a intended override, but in most cases indicates a broken mod.
2025-03-09 02:23:00,049 [32mINFO [m [m[main][m [mn.m.r.GameData.checkPrefix(946)[m: Potentially Dangerous alternative prefix `legends_superheroes` for name `moon_knight_head`, expected `legendsmod`. This could be a intended override, but in most cases indicates a broken mod.
2025-03-09 02:23:00,049 [32mINFO [m [m[main][m [mn.m.r.GameData.checkPrefix(946)[m: Potentially Dangerous alternative prefix `legends_superheroes` for name `moon_knight_chest`, expected `legendsmod`. This could be a intended override, but in most cases indicates a broken mod.
2025-03-09 02:23:00,050 [32mINFO [m [m[main][m [mn.m.r.GameData.checkPrefix(946)[m: Potentially Dangerous alternative prefix `legends_superheroes` for name `moon_knight_legs`, expected `legendsmod`. This could be a intended override, but in most cases indicates a broken mod.
2025-03-09 02:23:00,057 [32mINFO [m [m[main][m [mn.m.r.GameData.checkPrefix(946)[m: Potentially Dangerous alternative prefix `legends_superheroes` for name `moon_knight_feet`, expected `legendsmod`. This could be a intended override, but in most cases indicates a broken mod.
2025-03-09 02:23:00,057 [32mINFO [m [m[main][m [mn.m.r.GameData.checkPrefix(946)[m: Potentially Dangerous alternative prefix `legends_superheroes` for name `batman_head`, expected `legendsmod`. This could be a intended override, but in most cases indicates a broken mod.
2025-03-09 02:23:00,058 [32mINFO [m [m[main][m [mn.m.r.GameData.checkPrefix(946)[m: Potentially Dangerous alternative prefix `legends_superheroes` for name `batman_chest`, expected `legendsmod`. This could be a intended override, but in most cases indicates a broken mod.
2025-03-09 02:23:00,058 [32mINFO [m [m[main][m [mn.m.r.GameData.checkPrefix(946)[m: Potentially Dangerous alternative prefix `legends_superheroes` for name `batman_legs`, expected `legendsmod`. This could be a intended override, but in most cases indicates a broken mod.
2025-03-09 02:23:00,058 [32mINFO [m [m[main][m [mn.m.r.GameData.checkPrefix(946)[m: Potentially Dangerous alternative prefix `legends_superheroes` for name `batman_feet`, expected `legendsmod`. This could be a intended override, but in most cases indicates a broken mod.
2025-03-09 02:23:00,059 [32mINFO [m [m[main][m [mn.m.r.GameData.checkPrefix(946)[m: Potentially Dangerous alternative prefix `legends_superheroes` for name `batman_dark_knight_head`, expected `legendsmod`. This could be a intended override, but in most cases indicates a broken mod.
2025-03-09 02:23:00,059 [32mINFO [m [m[main][m [mn.m.r.GameData.checkPrefix(946)[m: Potentially Dangerous alternative prefix `legends_superheroes` for name `batman_dark_knight_chest`, expected `legendsmod`. This could be a intended override, but in most cases indicates a broken mod.
2025-03-09 02:23:00,059 [32mINFO [m [m[main][m [mn.m.r.GameData.checkPrefix(946)[m: Potentially Dangerous alternative prefix `legends_superheroes` for name `batman_dark_knight_legs`, expected `legendsmod`. This could be a intended override, but in most cases indicates a broken mod.
2025-03-09 02:23:00,059 [32mINFO [m [m[main][m [mn.m.r.GameData.checkPrefix(946)[m: Potentially Dangerous alternative prefix `legends_superheroes` for name `batman_dark_knight_feet`, expected `legendsmod`. This could be a intended override, but in most cases indicates a broken mod.
2025-03-09 02:23:00,061 [32mINFO [m [m[main][m [mn.m.r.GameData.checkPrefix(946)[m: Potentially Dangerous alternative prefix `legends_superheroes` for name `scroll_batman_dark_knight`, expected `legendsmod`. This could be a intended override, but in most cases indicates a broken mod.
2025-03-09 02:23:00,061 [32mINFO [m [m[main][m [mn.m.r.GameData.checkPrefix(946)[m: Potentially Dangerous alternative prefix `legends_superheroes` for name `superman_bvs_head`, expected `legendsmod`. This could be a intended override, but in most cases indicates a broken mod.
2025-03-09 02:23:00,061 [32mINFO [m [m[main][m [mn.m.r.GameData.checkPrefix(946)[m: Potentially Dangerous alternative prefix `legends_superheroes` for name `superman_bvs_chest`, expected `legendsmod`. This could be a intended override, but in most cases indicates a broken mod.
2025-03-09 02:23:00,062 [32mINFO [m [m[main][m [mn.m.r.GameData.checkPrefix(946)[m: Potentially Dangerous alternative prefix `legends_superheroes` for name `superman_bvs_legs`, expected `legendsmod`. This could be a intended override, but in most cases indicates a broken mod.
2025-03-09 02:23:00,062 [32mINFO [m [m[main][m [mn.m.r.GameData.checkPrefix(946)[m: Potentially Dangerous alternative prefix `legends_superheroes` for name `superman_bvs_feet`, expected `legendsmod`. This could be a intended override, but in most cases indicates a broken mod.
2025-03-09 02:23:00,062 [32mINFO [m [m[main][m [mn.m.r.GameData.checkPrefix(946)[m: Potentially Dangerous alternative prefix `legends_superheroes` for name `scroll_superman_bvs`, expected `legendsmod`. This could be a intended override, but in most cases indicates a broken mod.
2025-03-09 02:23:00,062 [32mINFO [m [m[main][m [mn.m.r.GameData.checkPrefix(946)[m: Potentially Dangerous alternative prefix `legends_superheroes` for name `thor_modern_head`, expected `legendsmod`. This could be a intended override, but in most cases indicates a broken mod.
2025-03-09 02:23:00,063 [32mINFO [m [m[main][m [mn.m.r.GameData.checkPrefix(946)[m: Potentially Dangerous alternative prefix `legends_superheroes` for name `thor_modern_chest`, expected `legendsmod`. This could be a intended override, but in most cases indicates a broken mod.
2025-03-09 02:23:00,063 [32mINFO [m [m[main][m [mn.m.r.GameData.checkPrefix(946)[m: Potentially Dangerous alternative prefix `legends_superheroes` for name `thor_modern_legs`, expected `legendsmod`. This could be a intended override, but in most cases indicates a broken mod.
2025-03-09 02:23:00,064 [32mINFO [m [m[main][m [mn.m.r.GameData.checkPrefix(946)[m: Potentially Dangerous alternative prefix `legends_superheroes` for name `thor_modern_feet`, expected `legendsmod`. This could be a intended override, but in most cases indicates a broken mod.
2025-03-09 02:23:00,064 [32mINFO [m [m[main][m [mn.m.r.GameData.checkPrefix(946)[m: Potentially Dangerous alternative prefix `legends_superheroes` for name `scroll_thor_modern`, expected `legendsmod`. This could be a intended override, but in most cases indicates a broken mod.
2025-03-09 02:23:00,064 [32mINFO [m [m[main][m [mn.m.r.GameData.checkPrefix(946)[m: Potentially Dangerous alternative prefix `legends_superheroes` for name `robin_new52_head`, expected `legendsmod`. This could be a intended override, but in most cases indicates a broken mod.
2025-03-09 02:23:00,069 [32mINFO [m [m[main][m [mn.m.r.GameData.checkPrefix(946)[m: Potentially Dangerous alternative prefix `legends_superheroes` for name `robin_new52_chest`, expected `legendsmod`. This could be a intended override, but in most cases indicates a broken mod.
2025-03-09 02:23:00,069 [32mINFO [m [m[main][m [mn.m.r.GameData.checkPrefix(946)[m: Potentially Dangerous alternative prefix `legends_superheroes` for name `robin_new52_legs`, expected `legendsmod`. This could be a intended override, but in most cases indicates a broken mod.
2025-03-09 02:23:00,069 [32mINFO [m [m[main][m [mn.m.r.GameData.checkPrefix(946)[m: Potentially Dangerous alternative prefix `legends_superheroes` for name `robin_new52_feet`, expected `legendsmod`. This could be a intended override, but in most cases indicates a broken mod.
2025-03-09 02:23:00,070 [32mINFO [m [m[main][m [mn.m.r.GameData.checkPrefix(946)[m: Potentially Dangerous alternative prefix `legends_superheroes` for name `scroll_robin_new52`, expected `legendsmod`. This could be a intended override, but in most cases indicates a broken mod.
2025-03-09 02:23:00,070 [32mINFO [m [m[main][m [mn.m.r.GameData.checkPrefix(946)[m: Potentially Dangerous alternative prefix `legends_superheroes` for name `batman_first_appearance_head`, expected `legendsmod`. This could be a intended override, but in most cases indicates a broken mod.
2025-03-09 02:23:00,070 [32mINFO [m [m[main][m [mn.m.r.GameData.checkPrefix(946)[m: Potentially Dangerous alternative prefix `legends_superheroes` for name `batman_first_appearance_chest`, expected `legendsmod`. This could be a intended override, but in most cases indicates a broken mod.
2025-03-09 02:23:00,071 [32mINFO [m [m[main][m [mn.m.r.GameData.checkPrefix(946)[m: Potentially Dangerous alternative prefix `legends_superheroes` for name `batman_first_appearance_legs`, expected `legendsmod`. This could be a intended override, but in most cases indicates a broken mod.
2025-03-09 02:23:00,071 [32mINFO [m [m[main][m [mn.m.r.GameData.checkPrefix(946)[m: Potentially Dangerous alternative prefix `legends_superheroes` for name `batman_first_appearance_feet`, expected `legendsmod`. This could be a intended override, but in most cases indicates a broken mod.
2025-03-09 02:23:00,072 [32mINFO [m [m[main][m [mn.m.r.GameData.checkPrefix(946)[m: Potentially Dangerous alternative prefix `legends_superheroes` for name `scroll_batman_first_appearance`, expected `legendsmod`. This could be a intended override, but in most cases indicates a broken mod.
2025-03-09 02:23:00,072 [32mINFO [m [m[main][m [mn.m.r.GameData.checkPrefix(946)[m: Potentially Dangerous alternative prefix `legends_superheroes` for name `thor_emh_v2_head`, expected `legendsmod`. This could be a intended override, but in most cases indicates a broken mod.
2025-03-09 02:23:00,072 [32mINFO [m [m[main][m [mn.m.r.GameData.checkPrefix(946)[m: Potentially Dangerous alternative prefix `legends_superheroes` for name `thor_emh_v2_chest`, expected `legendsmod`. This could be a intended override, but in most cases indicates a broken mod.
2025-03-09 02:23:00,072 [32mINFO [m [m[main][m [mn.m.r.GameData.checkPrefix(946)[m: Potentially Dangerous alternative prefix `legends_superheroes` for name `thor_emh_v2_legs`, expected `legendsmod`. This could be a intended override, but in most cases indicates a broken mod.
2025-03-09 02:23:00,073 [32mINFO [m [m[main][m [mn.m.r.GameData.checkPrefix(946)[m: Potentially Dangerous alternative prefix `legends_superheroes` for name `thor_emh_v2_feet`, expected `legendsmod`. This could be a intended override, but in most cases indicates a broken mod.
2025-03-09 02:23:00,077 [32mINFO [m [m[main][m [mn.m.r.GameData.checkPrefix(946)[m: Potentially Dangerous alternative prefix `legends_superheroes` for name `scroll_thor_emh_v2`, expected `legendsmod`. This could be a intended override, but in most cases indicates a broken mod.
2025-03-09 02:23:00,077 [32mINFO [m [m[main][m [mn.m.r.GameData.checkPrefix(946)[m: Potentially Dangerous alternative prefix `legends_superheroes` for name `thor_heroes_reborn_head`, expected `legendsmod`. This could be a intended override, but in most cases indicates a broken mod.
2025-03-09 02:23:00,078 [32mINFO [m [m[main][m [mn.m.r.GameData.checkPrefix(946)[m: Potentially Dangerous alternative prefix `legends_superheroes` for name `thor_heroes_reborn_chest`, expected `legendsmod`. This could be a intended override, but in most cases indicates a broken mod.
2025-03-09 02:23:00,078 [32mINFO [m [m[main][m [mn.m.r.GameData.checkPrefix(946)[m: Potentially Dangerous alternative prefix `legends_superheroes` for name `thor_heroes_reborn_legs`, expected `legendsmod`. This could be a intended override, but in most cases indicates a broken mod.
2025-03-09 02:23:00,078 [32mINFO [m [m[main][m [mn.m.r.GameData.checkPrefix(946)[m: Potentially Dangerous alternative prefix `legends_superheroes` for name `thor_heroes_reborn_feet`, expected `legendsmod`. This could be a intended override, but in most cases indicates a broken mod.
2025-03-09 02:23:00,078 [32mINFO [m [m[main][m [mn.m.r.GameData.checkPrefix(946)[m: Potentially Dangerous alternative prefix `legends_superheroes` for name `scroll_thor_heroes_reborn`, expected `legendsmod`. This could be a intended override, but in most cases indicates a broken mod.
2025-03-09 02:23:00,079 [32mINFO [m [m[main][m [mn.m.r.GameData.checkPrefix(946)[m: Potentially Dangerous alternative prefix `legends_superheroes` for name `joker_btas_head`, expected `legendsmod`. This could be a intended override, but in most cases indicates a broken mod.
2025-03-09 02:23:00,079 [32mINFO [m [m[main][m [mn.m.r.GameData.checkPrefix(946)[m: Potentially Dangerous alternative prefix `legends_superheroes` for name `joker_btas_chest`, expected `legendsmod`. This could be a intended override, but in most cases indicates a broken mod.
2025-03-09 02:23:00,079 [32mINFO [m [m[main][m [mn.m.r.GameData.checkPrefix(946)[m: Potentially Dangerous alternative prefix `legends_superheroes` for name `joker_btas_legs`, expected `legendsmod`. This could be a intended override, but in most cases indicates a broken mod.
2025-03-09 02:23:00,081 [32mINFO [m [m[main][m [mn.m.r.GameData.checkPrefix(946)[m: Potentially Dangerous alternative prefix `legends_superheroes` for name `joker_btas_feet`, expected `legendsmod`. This could be a intended override, but in most cases indicates a broken mod.
2025-03-09 02:23:00,081 [32mINFO [m [m[main][m [mn.m.r.GameData.checkPrefix(946)[m: Potentially Dangerous alternative prefix `legends_superheroes` for name `scroll_joker_btas`, expected `legendsmod`. This could be a intended override, but in most cases indicates a broken mod.
2025-03-09 02:23:00,082 [32mINFO [m [m[main][m [mn.m.r.GameData.checkPrefix(946)[m: Potentially Dangerous alternative prefix `legends_superheroes` for name `superman_apokolips_head`, expected `legendsmod`. This could be a intended override, but in most cases indicates a broken mod.
2025-03-09 02:23:00,082 [32mINFO [m [m[main][m [mn.m.r.GameData.checkPrefix(946)[m: Potentially Dangerous alternative prefix `legends_superheroes` for name `superman_apokolips_chest`, expected `legendsmod`. This could be a intended override, but in most cases indicates a broken mod.
2025-03-09 02:23:00,082 [32mINFO [m [m[main][m [mn.m.r.GameData.checkPrefix(946)[m: Potentially Dangerous alternative prefix `legends_superheroes` for name `superman_apokolips_legs`, expected `legendsmod`. This could be a intended override, but in most cases indicates a broken mod.
2025-03-09 02:23:00,082 [32mINFO [m [m[main][m [mn.m.r.GameData.checkPrefix(946)[m: Potentially Dangerous alternative prefix `legends_superheroes` for name `superman_apokolips_feet`, expected `legendsmod`. This could be a intended override, but in most cases indicates a broken mod.
2025-03-09 02:23:00,083 [32mINFO [m [m[main][m [mn.m.r.GameData.checkPrefix(946)[m: Potentially Dangerous alternative prefix `legends_superheroes` for name `scroll_superman_apokolips`, expected `legendsmod`. This could be a intended override, but in most cases indicates a broken mod.
2025-03-09 02:23:00,083 [32mINFO [m [m[main][m [mn.m.r.GameData.checkPrefix(946)[m: Potentially Dangerous alternative prefix `legends_superheroes` for name `robin_young_justice_head`, expected `legendsmod`. This could be a intended override, but in most cases indicates a broken mod.
2025-03-09 02:23:00,089 [32mINFO [m [m[main][m [mn.m.r.GameData.checkPrefix(946)[m: Potentially Dangerous alternative prefix `legends_superheroes` for name `robin_young_justice_chest`, expected `legendsmod`. This could be a intended override, but in most cases indicates a broken mod.
2025-03-09 02:23:00,090 [32mINFO [m [m[main][m [mn.m.r.GameData.checkPrefix(946)[m: Potentially Dangerous alternative prefix `legends_superheroes` for name `robin_young_justice_legs`, expected `legendsmod`. This could be a intended override, but in most cases indicates a broken mod.
2025-03-09 02:23:00,090 [32mINFO [m [m[main][m [mn.m.r.GameData.checkPrefix(946)[m: Potentially Dangerous alternative prefix `legends_superheroes` for name `robin_young_justice_feet`, expected `legendsmod`. This could be a intended override, but in most cases indicates a broken mod.
2025-03-09 02:23:00,090 [32mINFO [m [m[main][m [mn.m.r.GameData.checkPrefix(946)[m: Potentially Dangerous alternative prefix `legends_superheroes` for name `scroll_robin_young_justice`, expected `legendsmod`. This could be a intended override, but in most cases indicates a broken mod.
2025-03-09 02:23:00,090 [32mINFO [m [m[main][m [mn.m.r.GameData.checkPrefix(946)[m: Potentially Dangerous alternative prefix `legends_superheroes` for name `batman_golden_age_head`, expected `legendsmod`. This could be a intended override, but in most cases indicates a broken mod.
2025-03-09 02:23:00,091 [32mINFO [m [m[main][m [mn.m.r.GameData.checkPrefix(946)[m: Potentially Dangerous alternative prefix `legends_superheroes` for name `batman_golden_age_chest`, expected `legendsmod`. This could be a intended override, but in most cases indicates a broken mod.
2025-03-09 02:23:00,091 [32mINFO [m [m[main][m [mn.m.r.GameData.checkPrefix(946)[m: Potentially Dangerous alternative prefix `legends_superheroes` for name `batman_golden_age_legs`, expected `legendsmod`. This could be a intended override, but in most cases indicates a broken mod.
2025-03-09 02:23:00,091 [32mINFO [m [m[main][m [mn.m.r.GameData.checkPrefix(946)[m: Potentially Dangerous alternative prefix `legends_superheroes` for name `batman_golden_age_feet`, expected `legendsmod`. This could be a intended override, but in most cases indicates a broken mod.
2025-03-09 02:23:00,091 [32mINFO [m [m[main][m [mn.m.r.GameData.checkPrefix(946)[m: Potentially Dangerous alternative prefix `legends_superheroes` for name `scroll_batman_golden_age`, expected `legendsmod`. This could be a intended override, but in most cases indicates a broken mod.
2025-03-09 02:23:00,092 [32mINFO [m [m[main][m [mn.m.r.GameData.checkPrefix(946)[m: Potentially Dangerous alternative prefix `legends_superheroes` for name `thor_iwv1_head`, expected `legendsmod`. This could be a intended override, but in most cases indicates a broken mod.
2025-03-09 02:23:00,092 [32mINFO [m [m[main][m [mn.m.r.GameData.checkPrefix(946)[m: Potentially Dangerous alternative prefix `legends_superheroes` for name `thor_iwv1_chest`, expected `legendsmod`. This could be a intended override, but in most cases indicates a broken mod.
2025-03-09 02:23:00,092 [32mINFO [m [m[main][m [mn.m.r.GameData.checkPrefix(946)[m: Potentially Dangerous alternative prefix `legends_superheroes` for name `thor_iwv1_legs`, expected `legendsmod`. This could be a intended override, but in most cases indicates a broken mod.
2025-03-09 02:23:00,093 [32mINFO [m [m[main][m [mn.m.r.GameData.checkPrefix(946)[m: Potentially Dangerous alternative prefix `legends_superheroes` for name `thor_iwv1_feet`, expected `legendsmod`. This could be a intended override, but in most cases indicates a broken mod.
2025-03-09 02:23:00,093 [32mINFO [m [m[main][m [mn.m.r.GameData.checkPrefix(946)[m: Potentially Dangerous alternative prefix `legends_superheroes` for name `scroll_thor_iwv1`, expected `legendsmod`. This could be a intended override, but in most cases indicates a broken mod.
2025-03-09 02:23:00,093 [32mINFO [m [m[main][m [mn.m.r.GameData.checkPrefix(946)[m: Potentially Dangerous alternative prefix `legends_superheroes` for name `superman_mos_head`, expected `legendsmod`. This could be a intended override, but in most cases indicates a broken mod.
2025-03-09 02:23:00,093 [32mINFO [m [m[main][m [mn.m.r.GameData.checkPrefix(946)[m: Potentially Dangerous alternative prefix `legends_superheroes` for name `superman_mos_chest`, expected `legendsmod`. This could be a intended override, but in most cases indicates a broken mod.
2025-03-09 02:23:00,094 [32mINFO [m [m[main][m [mn.m.r.GameData.checkPrefix(946)[m: Potentially Dangerous alternative prefix `legends_superheroes` for name `superman_mos_legs`, expected `legendsmod`. This could be a intended override, but in most cases indicates a broken mod.
2025-03-09 02:23:00,094 [32mINFO [m [m[main][m [mn.m.r.GameData.checkPrefix(946)[m: Potentially Dangerous alternative prefix `legends_superheroes` for name `superman_mos_feet`, expected `legendsmod`. This could be a intended override, but in most cases indicates a broken mod.
2025-03-09 02:23:00,094 [32mINFO [m [m[main][m [mn.m.r.GameData.checkPrefix(946)[m: Potentially Dangerous alternative prefix `legends_superheroes` for name `scroll_superman_mos`, expected `legendsmod`. This could be a intended override, but in most cases indicates a broken mod.
2025-03-09 02:23:00,095 [32mINFO [m [m[main][m [mn.m.r.GameData.checkPrefix(946)[m: Potentially Dangerous alternative prefix `legends_superheroes` for name `thor_ih_head`, expected `legendsmod`. This could be a intended override, but in most cases indicates a broken mod.
2025-03-09 02:23:00,095 [32mINFO [m [m[main][m [mn.m.r.GameData.checkPrefix(946)[m: Potentially Dangerous alternative prefix `legends_superheroes` for name `thor_ih_chest`, expected `legendsmod`. This could be a intended override, but in most cases indicates a broken mod.
2025-03-09 02:23:00,095 [32mINFO [m [m[main][m [mn.m.r.GameData.checkPrefix(946)[m: Potentially Dangerous alternative prefix `legends_superheroes` for name `thor_ih_legs`, expected `legendsmod`. This could be a intended override, but in most cases indicates a broken mod.
2025-03-09 02:23:00,096 [32mINFO [m [m[main][m [mn.m.r.GameData.checkPrefix(946)[m: Potentially Dangerous alternative prefix `legends_superheroes` for name `thor_ih_feet`, expected `legendsmod`. This could be a intended override, but in most cases indicates a broken mod.
2025-03-09 02:23:00,096 [32mINFO [m [m[main][m [mn.m.r.GameData.checkPrefix(946)[m: Potentially Dangerous alternative prefix `legends_superheroes` for name `scroll_thor_ih`, expected `legendsmod`. This could be a intended override, but in most cases indicates a broken mod.
2025-03-09 02:23:00,096 [32mINFO [m [m[main][m [mn.m.r.GameData.checkPrefix(946)[m: Potentially Dangerous alternative prefix `legends_superheroes` for name `batman_2022_head`, expected `legendsmod`. This could be a intended override, but in most cases indicates a broken mod.
2025-03-09 02:23:00,096 [32mINFO [m [m[main][m [mn.m.r.GameData.checkPrefix(946)[m: Potentially Dangerous alternative prefix `legends_superheroes` for name `batman_2022_chest`, expected `legendsmod`. This could be a intended override, but in most cases indicates a broken mod.
2025-03-09 02:23:00,097 [32mINFO [m [m[main][m [mn.m.r.GameData.checkPrefix(946)[m: Potentially Dangerous alternative prefix `legends_superheroes` for name `batman_2022_legs`, expected `legendsmod`. This could be a intended override, but in most cases indicates a broken mod.
2025-03-09 02:23:00,106 [32mINFO [m [m[main][m [mn.m.r.GameData.checkPrefix(946)[m: Potentially Dangerous alternative prefix `legends_superheroes` for name `batman_2022_feet`, expected `legendsmod`. This could be a intended override, but in most cases indicates a broken mod.
2025-03-09 02:23:00,106 [32mINFO [m [m[main][m [mn.m.r.GameData.checkPrefix(946)[m: Potentially Dangerous alternative prefix `legends_superheroes` for name `scroll_batman_2022`, expected `legendsmod`. This could be a intended override, but in most cases indicates a broken mod.
2025-03-09 02:23:00,107 [32mINFO [m [m[main][m [mn.m.r.GameData.checkPrefix(946)[m: Potentially Dangerous alternative prefix `legends_superheroes` for name `superman_antikryptonite_head`, expected `legendsmod`. This could be a intended override, but in most cases indicates a broken mod.
2025-03-09 02:23:00,107 [32mINFO [m [m[main][m [mn.m.r.GameData.checkPrefix(946)[m: Potentially Dangerous alternative prefix `legends_superheroes` for name `superman_antikryptonite_chest`, expected `legendsmod`. This could be a intended override, but in most cases indicates a broken mod.
2025-03-09 02:23:00,107 [32mINFO [m [m[main][m [mn.m.r.GameData.checkPrefix(946)[m: Potentially Dangerous alternative prefix `legends_superheroes` for name `superman_antikryptonite_legs`, expected `legendsmod`. This could be a intended override, but in most cases indicates a broken mod.
2025-03-09 02:23:00,107 [32mINFO [m [m[main][m [mn.m.r.GameData.checkPrefix(946)[m: Potentially Dangerous alternative prefix `legends_superheroes` for name `superman_antikryptonite_feet`, expected `legendsmod`. This could be a intended override, but in most cases indicates a broken mod.
2025-03-09 02:23:00,108 [32mINFO [m [m[main][m [mn.m.r.GameData.checkPrefix(946)[m: Potentially Dangerous alternative prefix `legends_superheroes` for name `scroll_superman_antikryptonite`, expected `legendsmod`. This could be a intended override, but in most cases indicates a broken mod.
2025-03-09 02:23:00,108 [32mINFO [m [m[main][m [mn.m.r.GameData.checkPrefix(946)[m: Potentially Dangerous alternative prefix `legends_superheroes` for name `superman_justice_lords_head`, expected `legendsmod`. This could be a intended override, but in most cases indicates a broken mod.
2025-03-09 02:23:00,108 [32mINFO [m [m[main][m [mn.m.r.GameData.checkPrefix(946)[m: Potentially Dangerous alternative prefix `legends_superheroes` for name `superman_justice_lords_chest`, expected `legendsmod`. This could be a intended override, but in most cases indicates a broken mod.
2025-03-09 02:23:00,109 [32mINFO [m [m[main][m [mn.m.r.GameData.checkPrefix(946)[m: Potentially Dangerous alternative prefix `legends_superheroes` for name `superman_justice_lords_legs`, expected `legendsmod`. This could be a intended override, but in most cases indicates a broken mod.
2025-03-09 02:23:00,109 [32mINFO [m [m[main][m [mn.m.r.GameData.checkPrefix(946)[m: Potentially Dangerous alternative prefix `legends_superheroes` for name `superman_justice_lords_feet`, expected `legendsmod`. This could be a intended override, but in most cases indicates a broken mod.
2025-03-09 02:23:00,109 [32mINFO [m [m[main][m [mn.m.r.GameData.checkPrefix(946)[m: Potentially Dangerous alternative prefix `legends_superheroes` for name `scroll_superman_justice_lords`, expected `legendsmod`. This could be a intended override, but in most cases indicates a broken mod.
2025-03-09 02:23:00,109 [32mINFO [m [m[main][m [mn.m.r.GameData.checkPrefix(946)[m: Potentially Dangerous alternative prefix `legends_superheroes` for name `thor_iwv2_head`, expected `legendsmod`. This could be a intended override, but in most cases indicates a broken mod.
2025-03-09 02:23:00,110 [32mINFO [m [m[main][m [mn.m.r.GameData.checkPrefix(946)[m: Potentially Dangerous alternative prefix `legends_superheroes` for name `thor_iwv2_chest`, expected `legendsmod`. This could be a intended override, but in most cases indicates a broken mod.
2025-03-09 02:23:00,110 [32mINFO [m [m[main][m [mn.m.r.GameData.checkPrefix(946)[m: Potentially Dangerous alternative prefix `legends_superheroes` for name `thor_iwv2_legs`, expected `legendsmod`. This could be a intended override, but in most cases indicates a broken mod.
2025-03-09 02:23:00,110 [32mINFO [m [m[main][m [mn.m.r.GameData.checkPrefix(946)[m: Potentially Dangerous alternative prefix `legends_superheroes` for name `thor_iwv2_feet`, expected `legendsmod`. This could be a intended override, but in most cases indicates a broken mod.
2025-03-09 02:23:00,110 [32mINFO [m [m[main][m [mn.m.r.GameData.checkPrefix(946)[m: Potentially Dangerous alternative prefix `legends_superheroes` for name `scroll_thor_iwv2`, expected `legendsmod`. This could be a intended override, but in most cases indicates a broken mod.
2025-03-09 02:23:00,111 [32mINFO [m [m[main][m [mn.m.r.GameData.checkPrefix(946)[m: Potentially Dangerous alternative prefix `legends_superheroes` for name `moon_knight_anad_head`, expected `legendsmod`. This could be a intended override, but in most cases indicates a broken mod.
2025-03-09 02:23:00,111 [32mINFO [m [m[main][m [mn.m.r.GameData.checkPrefix(946)[m: Potentially Dangerous alternative prefix `legends_superheroes` for name `moon_knight_anad_chest`, expected `legendsmod`. This could be a intended override, but in most cases indicates a broken mod.
2025-03-09 02:23:00,111 [32mINFO [m [m[main][m [mn.m.r.GameData.checkPrefix(946)[m: Potentially Dangerous alternative prefix `legends_superheroes` for name `moon_knight_anad_legs`, expected `legendsmod`. This could be a intended override, but in most cases indicates a broken mod.
2025-03-09 02:23:00,112 [32mINFO [m [m[main][m [mn.m.r.GameData.checkPrefix(946)[m: Potentially Dangerous alternative prefix `legends_superheroes` for name `moon_knight_anad_feet`, expected `legendsmod`. This could be a intended override, but in most cases indicates a broken mod.
2025-03-09 02:23:00,112 [32mINFO [m [m[main][m [mn.m.r.GameData.checkPrefix(946)[m: Potentially Dangerous alternative prefix `legends_superheroes` for name `scroll_moon_knight_anad`, expected `legendsmod`. This could be a intended override, but in most cases indicates a broken mod.
2025-03-09 02:23:00,112 [32mINFO [m [m[main][m [mn.m.r.GameData.checkPrefix(946)[m: Potentially Dangerous alternative prefix `legends_superheroes` for name `batman_89_head`, expected `legendsmod`. This could be a intended override, but in most cases indicates a broken mod.
2025-03-09 02:23:00,112 [32mINFO [m [m[main][m [mn.m.r.GameData.checkPrefix(946)[m: Potentially Dangerous alternative prefix `legends_superheroes` for name `batman_89_chest`, expected `legendsmod`. This could be a intended override, but in most cases indicates a broken mod.
2025-03-09 02:23:00,113 [32mINFO [m [m[main][m [mn.m.r.GameData.checkPrefix(946)[m: Potentially Dangerous alternative prefix `legends_superheroes` for name `batman_89_legs`, expected `legendsmod`. This could be a intended override, but in most cases indicates a broken mod.
2025-03-09 02:23:00,113 [32mINFO [m [m[main][m [mn.m.r.GameData.checkPrefix(946)[m: Potentially Dangerous alternative prefix `legends_superheroes` for name `batman_89_feet`, expected `legendsmod`. This could be a intended override, but in most cases indicates a broken mod.
2025-03-09 02:23:00,113 [32mINFO [m [m[main][m [mn.m.r.GameData.checkPrefix(946)[m: Potentially Dangerous alternative prefix `legends_superheroes` for name `scroll_batman_89`, expected `legendsmod`. This could be a intended override, but in most cases indicates a broken mod.
2025-03-09 02:23:00,114 [32mINFO [m [m[main][m [mn.m.r.GameData.checkPrefix(946)[m: Potentially Dangerous alternative prefix `legends_superheroes` for name `batman_jlu_head`, expected `legendsmod`. This could be a intended override, but in most cases indicates a broken mod.
2025-03-09 02:23:00,114 [32mINFO [m [m[main][m [mn.m.r.GameData.checkPrefix(946)[m: Potentially Dangerous alternative prefix `legends_superheroes` for name `batman_jlu_chest`, expected `legendsmod`. This could be a intended override, but in most cases indicates a broken mod.
2025-03-09 02:23:00,125 [32mINFO [m [m[main][m [mn.m.r.GameData.checkPrefix(946)[m: Potentially Dangerous alternative prefix `legends_superheroes` for name `batman_jlu_legs`, expected `legendsmod`. This could be a intended override, but in most cases indicates a broken mod.
2025-03-09 02:23:00,126 [32mINFO [m [m[main][m [mn.m.r.GameData.checkPrefix(946)[m: Potentially Dangerous alternative prefix `legends_superheroes` for name `batman_jlu_feet`, expected `legendsmod`. This could be a intended override, but in most cases indicates a broken mod.
2025-03-09 02:23:00,126 [32mINFO [m [m[main][m [mn.m.r.GameData.checkPrefix(946)[m: Potentially Dangerous alternative prefix `legends_superheroes` for name `scroll_batman_jlu`, expected `legendsmod`. This could be a intended override, but in most cases indicates a broken mod.
2025-03-09 02:23:00,126 [32mINFO [m [m[main][m [mn.m.r.GameData.checkPrefix(946)[m: Potentially Dangerous alternative prefix `legends_superheroes` for name `moon_knight_mcu_head`, expected `legendsmod`. This could be a intended override, but in most cases indicates a broken mod.
2025-03-09 02:23:00,126 [32mINFO [m [m[main][m [mn.m.r.GameData.checkPrefix(946)[m: Potentially Dangerous alternative prefix `legends_superheroes` for name `moon_knight_mcu_chest`, expected `legendsmod`. This could be a intended override, but in most cases indicates a broken mod.
2025-03-09 02:23:00,127 [32mINFO [m [m[main][m [mn.m.r.GameData.checkPrefix(946)[m: Potentially Dangerous alternative prefix `legends_superheroes` for name `moon_knight_mcu_legs`, expected `legendsmod`. This could be a intended override, but in most cases indicates a broken mod.
2025-03-09 02:23:00,127 [32mINFO [m [m[main][m [mn.m.r.GameData.checkPrefix(946)[m: Potentially Dangerous alternative prefix `legends_superheroes` for name `moon_knight_mcu_feet`, expected `legendsmod`. This could be a intended override, but in most cases indicates a broken mod.
2025-03-09 02:23:00,127 [32mINFO [m [m[main][m [mn.m.r.GameData.checkPrefix(946)[m: Potentially Dangerous alternative prefix `legends_superheroes` for name `scroll_moon_knight_mcu`, expected `legendsmod`. This could be a intended override, but in most cases indicates a broken mod.
2025-03-09 02:23:00,128 [32mINFO [m [m[main][m [mn.m.r.GameData.checkPrefix(946)[m: Potentially Dangerous alternative prefix `legends_superheroes` for name `superman_wonk_head`, expected `legendsmod`. This could be a intended override, but in most cases indicates a broken mod.
2025-03-09 02:23:00,128 [32mINFO [m [m[main][m [mn.m.r.GameData.checkPrefix(946)[m: Potentially Dangerous alternative prefix `legends_superheroes` for name `superman_wonk_chest`, expected `legendsmod`. This could be a intended override, but in most cases indicates a broken mod.
2025-03-09 02:23:00,128 [32mINFO [m [m[main][m [mn.m.r.GameData.checkPrefix(946)[m: Potentially Dangerous alternative prefix `legends_superheroes` for name `superman_wonk_legs`, expected `legendsmod`. This could be a intended override, but in most cases indicates a broken mod.
2025-03-09 02:23:00,128 [32mINFO [m [m[main][m [mn.m.r.GameData.checkPrefix(946)[m: Potentially Dangerous alternative prefix `legends_superheroes` for name `superman_wonk_feet`, expected `legendsmod`. This could be a intended override, but in most cases indicates a broken mod.
2025-03-09 02:23:00,132 [32mINFO [m [m[main][m [mn.m.r.GameData.checkPrefix(946)[m: Potentially Dangerous alternative prefix `legends_superheroes` for name `scroll_superman_wonk`, expected `legendsmod`. This could be a intended override, but in most cases indicates a broken mod.
2025-03-09 02:23:00,132 [32mINFO [m [m[main][m [mn.m.r.GameData.checkPrefix(946)[m: Potentially Dangerous alternative prefix `legends_superheroes` for name `superman_red_son_v2_head`, expected `legendsmod`. This could be a intended override, but in most cases indicates a broken mod.
2025-03-09 02:23:00,132 [32mINFO [m [m[main][m [mn.m.r.GameData.checkPrefix(946)[m: Potentially Dangerous alternative prefix `legends_superheroes` for name `superman_red_son_v2_chest`, expected `legendsmod`. This could be a intended override, but in most cases indicates a broken mod.
2025-03-09 02:23:00,132 [32mINFO [m [m[main][m [mn.m.r.GameData.checkPrefix(946)[m: Potentially Dangerous alternative prefix `legends_superheroes` for name `superman_red_son_v2_legs`, expected `legendsmod`. This could be a intended override, but in most cases indicates a broken mod.
2025-03-09 02:23:00,133 [32mINFO [m [m[main][m [mn.m.r.GameData.checkPrefix(946)[m: Potentially Dangerous alternative prefix `legends_superheroes` for name `superman_red_son_v2_feet`, expected `legendsmod`. This could be a intended override, but in most cases indicates a broken mod.
2025-03-09 02:23:00,133 [32mINFO [m [m[main][m [mn.m.r.GameData.checkPrefix(946)[m: Potentially Dangerous alternative prefix `legends_superheroes` for name `scroll_superman_red_son_v2`, expected `legendsmod`. This could be a intended override, but in most cases indicates a broken mod.
2025-03-09 02:23:00,133 [32mINFO [m [m[main][m [mn.m.r.GameData.checkPrefix(946)[m: Potentially Dangerous alternative prefix `legends_superheroes` for name `superman_red_son_v1_head`, expected `legendsmod`. This could be a intended override, but in most cases indicates a broken mod.
2025-03-09 02:23:00,134 [32mINFO [m [m[main][m [mn.m.r.GameData.checkPrefix(946)[m: Potentially Dangerous alternative prefix `legends_superheroes` for name `superman_red_son_v1_chest`, expected `legendsmod`. This could be a intended override, but in most cases indicates a broken mod.
2025-03-09 02:23:00,134 [32mINFO [m [m[main][m [mn.m.r.GameData.checkPrefix(946)[m: Potentially Dangerous alternative prefix `legends_superheroes` for name `superman_red_son_v1_legs`, expected `legendsmod`. This could be a intended override, but in most cases indicates a broken mod.
2025-03-09 02:23:00,134 [32mINFO [m [m[main][m [mn.m.r.GameData.checkPrefix(946)[m: Potentially Dangerous alternative prefix `legends_superheroes` for name `superman_red_son_v1_feet`, expected `legendsmod`. This could be a intended override, but in most cases indicates a broken mod.
2025-03-09 02:23:00,134 [32mINFO [m [m[main][m [mn.m.r.GameData.checkPrefix(946)[m: Potentially Dangerous alternative prefix `legends_superheroes` for name `scroll_superman_red_son_v1`, expected `legendsmod`. This could be a intended override, but in most cases indicates a broken mod.
2025-03-09 02:23:00,135 [32mINFO [m [m[main][m [mn.m.r.GameData.checkPrefix(946)[m: Potentially Dangerous alternative prefix `legends_superheroes` for name `spider_man_tasm_v1_head`, expected `legendsmod`. This could be a intended override, but in most cases indicates a broken mod.
2025-03-09 02:23:00,135 [32mINFO [m [m[main][m [mn.m.r.GameData.checkPrefix(946)[m: Potentially Dangerous alternative prefix `legends_superheroes` for name `spider_man_tasm_v1_chest`, expected `legendsmod`. This could be a intended override, but in most cases indicates a broken mod.
2025-03-09 02:23:00,135 [32mINFO [m [m[main][m [mn.m.r.GameData.checkPrefix(946)[m: Potentially Dangerous alternative prefix `legends_superheroes` for name `spider_man_tasm_v1_legs`, expected `legendsmod`. This could be a intended override, but in most cases indicates a broken mod.
2025-03-09 02:23:00,135 [32mINFO [m [m[main][m [mn.m.r.GameData.checkPrefix(946)[m: Potentially Dangerous alternative prefix `legends_superheroes` for name `spider_man_tasm_v1_feet`, expected `legendsmod`. This could be a intended override, but in most cases indicates a broken mod.
2025-03-09 02:23:00,135 [32mINFO [m [m[main][m [mn.m.r.GameData.checkPrefix(946)[m: Potentially Dangerous alternative prefix `legends_superheroes` for name `scroll_spider_man_tasm_v1`, expected `legendsmod`. This could be a intended override, but in most cases indicates a broken mod.
2025-03-09 02:23:00,136 [32mINFO [m [m[main][m [mn.m.r.GameData.checkPrefix(946)[m: Potentially Dangerous alternative prefix `legends_superheroes` for name `spider_man_tasm_v2_head`, expected `legendsmod`. This could be a intended override, but in most cases indicates a broken mod.
2025-03-09 02:23:00,136 [32mINFO [m [m[main][m [mn.m.r.GameData.checkPrefix(946)[m: Potentially Dangerous alternative prefix `legends_superheroes` for name `spider_man_tasm_v2_chest`, expected `legendsmod`. This could be a intended override, but in most cases indicates a broken mod.
2025-03-09 02:23:00,136 [32mINFO [m [m[main][m [mn.m.r.GameData.checkPrefix(946)[m: Potentially Dangerous alternative prefix `legends_superheroes` for name `spider_man_tasm_v2_legs`, expected `legendsmod`. This could be a intended override, but in most cases indicates a broken mod.
2025-03-09 02:23:00,136 [32mINFO [m [m[main][m [mn.m.r.GameData.checkPrefix(946)[m: Potentially Dangerous alternative prefix `legends_superheroes` for name `spider_man_tasm_v2_feet`, expected `legendsmod`. This could be a intended override, but in most cases indicates a broken mod.
2025-03-09 02:23:00,137 [32mINFO [m [m[main][m [mn.m.r.GameData.checkPrefix(946)[m: Potentially Dangerous alternative prefix `legends_superheroes` for name `scroll_spider_man_tasm_v2`, expected `legendsmod`. This could be a intended override, but in most cases indicates a broken mod.
2025-03-09 02:23:00,137 [32mINFO [m [m[main][m [mn.m.r.GameData.checkPrefix(946)[m: Potentially Dangerous alternative prefix `legends_superheroes` for name `thor_emh_head`, expected `legendsmod`. This could be a intended override, but in most cases indicates a broken mod.
2025-03-09 02:23:00,137 [32mINFO [m [m[main][m [mn.m.r.GameData.checkPrefix(946)[m: Potentially Dangerous alternative prefix `legends_superheroes` for name `thor_emh_chest`, expected `legendsmod`. This could be a intended override, but in most cases indicates a broken mod.
2025-03-09 02:23:00,137 [32mINFO [m [m[main][m [mn.m.r.GameData.checkPrefix(946)[m: Potentially Dangerous alternative prefix `legends_superheroes` for name `thor_emh_legs`, expected `legendsmod`. This could be a intended override, but in most cases indicates a broken mod.
2025-03-09 02:23:00,138 [32mINFO [m [m[main][m [mn.m.r.GameData.checkPrefix(946)[m: Potentially Dangerous alternative prefix `legends_superheroes` for name `thor_emh_feet`, expected `legendsmod`. This could be a intended override, but in most cases indicates a broken mod.
2025-03-09 02:23:00,138 [32mINFO [m [m[main][m [mn.m.r.GameData.checkPrefix(946)[m: Potentially Dangerous alternative prefix `legends_superheroes` for name `scroll_thor_emh`, expected `legendsmod`. This could be a intended override, but in most cases indicates a broken mod.
2025-03-09 02:23:00,138 [32mINFO [m [m[main][m [mn.m.r.GameData.checkPrefix(946)[m: Potentially Dangerous alternative prefix `legends_superheroes` for name `robin_66_head`, expected `legendsmod`. This could be a intended override, but in most cases indicates a broken mod.
2025-03-09 02:23:00,139 [32mINFO [m [m[main][m [mn.m.r.GameData.checkPrefix(946)[m: Potentially Dangerous alternative prefix `legends_superheroes` for name `robin_66_chest`, expected `legendsmod`. This could be a intended override, but in most cases indicates a broken mod.
2025-03-09 02:23:00,139 [32mINFO [m [m[main][m [mn.m.r.GameData.checkPrefix(946)[m: Potentially Dangerous alternative prefix `legends_superheroes` for name `robin_66_legs`, expected `legendsmod`. This could be a intended override, but in most cases indicates a broken mod.
2025-03-09 02:23:00,139 [32mINFO [m [m[main][m [mn.m.r.GameData.checkPrefix(946)[m: Potentially Dangerous alternative prefix `legends_superheroes` for name `robin_66_feet`, expected `legendsmod`. This could be a intended override, but in most cases indicates a broken mod.
2025-03-09 02:23:00,139 [32mINFO [m [m[main][m [mn.m.r.GameData.checkPrefix(946)[m: Potentially Dangerous alternative prefix `legends_superheroes` for name `scroll_robin_66`, expected `legendsmod`. This could be a intended override, but in most cases indicates a broken mod.
2025-03-09 02:23:00,140 [32mINFO [m [m[main][m [mn.m.r.GameData.checkPrefix(946)[m: Potentially Dangerous alternative prefix `legends_superheroes` for name `superman_recovery_head`, expected `legendsmod`. This could be a intended override, but in most cases indicates a broken mod.
2025-03-09 02:23:00,140 [32mINFO [m [m[main][m [mn.m.r.GameData.checkPrefix(946)[m: Potentially Dangerous alternative prefix `legends_superheroes` for name `superman_recovery_chest`, expected `legendsmod`. This could be a intended override, but in most cases indicates a broken mod.
2025-03-09 02:23:00,140 [32mINFO [m [m[main][m [mn.m.r.GameData.checkPrefix(946)[m: Potentially Dangerous alternative prefix `legends_superheroes` for name `superman_recovery_legs`, expected `legendsmod`. This could be a intended override, but in most cases indicates a broken mod.
2025-03-09 02:23:00,140 [32mINFO [m [m[main][m [mn.m.r.GameData.checkPrefix(946)[m: Potentially Dangerous alternative prefix `legends_superheroes` for name `superman_recovery_feet`, expected `legendsmod`. This could be a intended override, but in most cases indicates a broken mod.
2025-03-09 02:23:00,141 [32mINFO [m [m[main][m [mn.m.r.GameData.checkPrefix(946)[m: Potentially Dangerous alternative prefix `legends_superheroes` for name `scroll_superman_recovery`, expected `legendsmod`. This could be a intended override, but in most cases indicates a broken mod.
2025-03-09 02:23:00,141 [32mINFO [m [m[main][m [mn.m.r.GameData.checkPrefix(946)[m: Potentially Dangerous alternative prefix `legends_superheroes` for name `robin_2004_head`, expected `legendsmod`. This could be a intended override, but in most cases indicates a broken mod.
2025-03-09 02:23:00,141 [32mINFO [m [m[main][m [mn.m.r.GameData.checkPrefix(946)[m: Potentially Dangerous alternative prefix `legends_superheroes` for name `robin_2004_chest`, expected `legendsmod`. This could be a intended override, but in most cases indicates a broken mod.
2025-03-09 02:23:00,145 [32mINFO [m [m[main][m [mn.m.r.GameData.checkPrefix(946)[m: Potentially Dangerous alternative prefix `legends_superheroes` for name `robin_2004_legs`, expected `legendsmod`. This could be a intended override, but in most cases indicates a broken mod.
2025-03-09 02:23:00,145 [32mINFO [m [m[main][m [mn.m.r.GameData.checkPrefix(946)[m: Potentially Dangerous alternative prefix `legends_superheroes` for name `robin_2004_feet`, expected `legendsmod`. This could be a intended override, but in most cases indicates a broken mod.
2025-03-09 02:23:00,146 [32mINFO [m [m[main][m [mn.m.r.GameData.checkPrefix(946)[m: Potentially Dangerous alternative prefix `legends_superheroes` for name `scroll_robin_2004`, expected `legendsmod`. This could be a intended override, but in most cases indicates a broken mod.
2025-03-09 02:23:00,146 [32mINFO [m [m[main][m [mn.m.r.GameData.checkPrefix(946)[m: Potentially Dangerous alternative prefix `legends_superheroes` for name `superman_godfall_head`, expected `legendsmod`. This could be a intended override, but in most cases indicates a broken mod.
2025-03-09 02:23:00,146 [32mINFO [m [m[main][m [mn.m.r.GameData.checkPrefix(946)[m: Potentially Dangerous alternative prefix `legends_superheroes` for name `superman_godfall_chest`, expected `legendsmod`. This could be a intended override, but in most cases indicates a broken mod.
2025-03-09 02:23:00,147 [32mINFO [m [m[main][m [mn.m.r.GameData.checkPrefix(946)[m: Potentially Dangerous alternative prefix `legends_superheroes` for name `superman_godfall_legs`, expected `legendsmod`. This could be a intended override, but in most cases indicates a broken mod.
2025-03-09 02:23:00,147 [32mINFO [m [m[main][m [mn.m.r.GameData.checkPrefix(946)[m: Potentially Dangerous alternative prefix `legends_superheroes` for name `superman_godfall_feet`, expected `legendsmod`. This could be a intended override, but in most cases indicates a broken mod.
2025-03-09 02:23:00,147 [32mINFO [m [m[main][m [mn.m.r.GameData.checkPrefix(946)[m: Potentially Dangerous alternative prefix `legends_superheroes` for name `scroll_superman_godfall`, expected `legendsmod`. This could be a intended override, but in most cases indicates a broken mod.
2025-03-09 02:23:00,147 [32mINFO [m [m[main][m [mn.m.r.GameData.checkPrefix(946)[m: Potentially Dangerous alternative prefix `legends_superheroes` for name `thor_lat_v1_head`, expected `legendsmod`. This could be a intended override, but in most cases indicates a broken mod.
2025-03-09 02:23:00,148 [32mINFO [m [m[main][m [mn.m.r.GameData.checkPrefix(946)[m: Potentially Dangerous alternative prefix `legends_superheroes` for name `thor_lat_v1_chest`, expected `legendsmod`. This could be a intended override, but in most cases indicates a broken mod.
2025-03-09 02:23:00,148 [32mINFO [m [m[main][m [mn.m.r.GameData.checkPrefix(946)[m: Potentially Dangerous alternative prefix `legends_superheroes` for name `thor_lat_v1_legs`, expected `legendsmod`. This could be a intended override, but in most cases indicates a broken mod.
2025-03-09 02:23:00,148 [32mINFO [m [m[main][m [mn.m.r.GameData.checkPrefix(946)[m: Potentially Dangerous alternative prefix `legends_superheroes` for name `thor_lat_v1_feet`, expected `legendsmod`. This could be a intended override, but in most cases indicates a broken mod.
2025-03-09 02:23:00,148 [32mINFO [m [m[main][m [mn.m.r.GameData.checkPrefix(946)[m: Potentially Dangerous alternative prefix `legends_superheroes` for name `scroll_thor_lat_v1`, expected `legendsmod`. This could be a intended override, but in most cases indicates a broken mod.
2025-03-09 02:23:00,149 [32mINFO [m [m[main][m [mn.m.r.GameData.checkPrefix(946)[m: Potentially Dangerous alternative prefix `legends_superheroes` for name `superman_jlw_head`, expected `legendsmod`. This could be a intended override, but in most cases indicates a broken mod.
2025-03-09 02:23:00,149 [32mINFO [m [m[main][m [mn.m.r.GameData.checkPrefix(946)[m: Potentially Dangerous alternative prefix `legends_superheroes` for name `superman_jlw_chest`, expected `legendsmod`. This could be a intended override, but in most cases indicates a broken mod.
2025-03-09 02:23:00,149 [32mINFO [m [m[main][m [mn.m.r.GameData.checkPrefix(946)[m: Potentially Dangerous alternative prefix `legends_superheroes` for name `superman_jlw_legs`, expected `legendsmod`. This could be a intended override, but in most cases indicates a broken mod.
2025-03-09 02:23:00,157 [32mINFO [m [m[main][m [mn.m.r.GameData.checkPrefix(946)[m: Potentially Dangerous alternative prefix `legends_superheroes` for name `superman_jlw_feet`, expected `legendsmod`. This could be a intended override, but in most cases indicates a broken mod.
2025-03-09 02:23:00,157 [32mINFO [m [m[main][m [mn.m.r.GameData.checkPrefix(946)[m: Potentially Dangerous alternative prefix `legends_superheroes` for name `scroll_superman_jlw`, expected `legendsmod`. This could be a intended override, but in most cases indicates a broken mod.
2025-03-09 02:23:00,158 [32mINFO [m [m[main][m [mn.m.r.GameData.checkPrefix(946)[m: Potentially Dangerous alternative prefix `legends_superheroes` for name `thor_godpack_head`, expected `legendsmod`. This could be a intended override, but in most cases indicates a broken mod.
2025-03-09 02:23:00,158 [32mINFO [m [m[main][m [mn.m.r.GameData.checkPrefix(946)[m: Potentially Dangerous alternative prefix `legends_superheroes` for name `thor_godpack_chest`, expected `legendsmod`. This could be a intended override, but in most cases indicates a broken mod.
2025-03-09 02:23:00,158 [32mINFO [m [m[main][m [mn.m.r.GameData.checkPrefix(946)[m: Potentially Dangerous alternative prefix `legends_superheroes` for name `thor_godpack_legs`, expected `legendsmod`. This could be a intended override, but in most cases indicates a broken mod.
2025-03-09 02:23:00,158 [32mINFO [m [m[main][m [mn.m.r.GameData.checkPrefix(946)[m: Potentially Dangerous alternative prefix `legends_superheroes` for name `thor_godpack_feet`, expected `legendsmod`. This could be a intended override, but in most cases indicates a broken mod.
2025-03-09 02:23:00,159 [32mINFO [m [m[main][m [mn.m.r.GameData.checkPrefix(946)[m: Potentially Dangerous alternative prefix `legends_superheroes` for name `scroll_thor_godpack`, expected `legendsmod`. This could be a intended override, but in most cases indicates a broken mod.
2025-03-09 02:23:00,159 [32mINFO [m [m[main][m [mn.m.r.GameData.checkPrefix(946)[m: Potentially Dangerous alternative prefix `legends_superheroes` for name `thor_lat_v3_head`, expected `legendsmod`. This could be a intended override, but in most cases indicates a broken mod.
2025-03-09 02:23:00,159 [32mINFO [m [m[main][m [mn.m.r.GameData.checkPrefix(946)[m: Potentially Dangerous alternative prefix `legends_superheroes` for name `thor_lat_v3_chest`, expected `legendsmod`. This could be a intended override, but in most cases indicates a broken mod.
2025-03-09 02:23:00,159 [32mINFO [m [m[main][m [mn.m.r.GameData.checkPrefix(946)[m: Potentially Dangerous alternative prefix `legends_superheroes` for name `thor_lat_v3_legs`, expected `legendsmod`. This could be a intended override, but in most cases indicates a broken mod.
2025-03-09 02:23:00,160 [32mINFO [m [m[main][m [mn.m.r.GameData.checkPrefix(946)[m: Potentially Dangerous alternative prefix `legends_superheroes` for name `thor_lat_v3_feet`, expected `legendsmod`. This could be a intended override, but in most cases indicates a broken mod.
2025-03-09 02:23:00,160 [32mINFO [m [m[main][m [mn.m.r.GameData.checkPrefix(946)[m: Potentially Dangerous alternative prefix `legends_superheroes` for name `scroll_thor_lat_v3`, expected `legendsmod`. This could be a intended override, but in most cases indicates a broken mod.
2025-03-09 02:23:00,160 [32mINFO [m [m[main][m [mn.m.r.GameData.checkPrefix(946)[m: Potentially Dangerous alternative prefix `legends_superheroes` for name `thor_partyprince_head`, expected `legendsmod`. This could be a intended override, but in most cases indicates a broken mod.
2025-03-09 02:23:00,160 [32mINFO [m [m[main][m [mn.m.r.GameData.checkPrefix(946)[m: Potentially Dangerous alternative prefix `legends_superheroes` for name `thor_partyprince_chest`, expected `legendsmod`. This could be a intended override, but in most cases indicates a broken mod.
2025-03-09 02:23:00,161 [32mINFO [m [m[main][m [mn.m.r.GameData.checkPrefix(946)[m: Potentially Dangerous alternative prefix `legends_superheroes` for name `thor_partyprince_legs`, expected `legendsmod`. This could be a intended override, but in most cases indicates a broken mod.
2025-03-09 02:23:00,162 [32mINFO [m [m[main][m [mn.m.r.GameData.checkPrefix(946)[m: Potentially Dangerous alternative prefix `legends_superheroes` for name `thor_partyprince_feet`, expected `legendsmod`. This could be a intended override, but in most cases indicates a broken mod.
2025-03-09 02:23:00,163 [32mINFO [m [m[main][m [mn.m.r.GameData.checkPrefix(946)[m: Potentially Dangerous alternative prefix `legends_superheroes` for name `scroll_thor_partyprince`, expected `legendsmod`. This could be a intended override, but in most cases indicates a broken mod.
2025-03-09 02:23:00,163 [32mINFO [m [m[main][m [mn.m.r.GameData.checkPrefix(946)[m: Potentially Dangerous alternative prefix `legends_superheroes` for name `thor_lat_v2_head`, expected `legendsmod`. This could be a intended override, but in most cases indicates a broken mod.
2025-03-09 02:23:00,163 [32mINFO [m [m[main][m [mn.m.r.GameData.checkPrefix(946)[m: Potentially Dangerous alternative prefix `legends_superheroes` for name `thor_lat_v2_chest`, expected `legendsmod`. This could be a intended override, but in most cases indicates a broken mod.
2025-03-09 02:23:00,164 [32mINFO [m [m[main][m [mn.m.r.GameData.checkPrefix(946)[m: Potentially Dangerous alternative prefix `legends_superheroes` for name `thor_lat_v2_legs`, expected `legendsmod`. This could be a intended override, but in most cases indicates a broken mod.
2025-03-09 02:23:00,165 [32mINFO [m [m[main][m [mn.m.r.GameData.checkPrefix(946)[m: Potentially Dangerous alternative prefix `legends_superheroes` for name `thor_lat_v2_feet`, expected `legendsmod`. This could be a intended override, but in most cases indicates a broken mod.
2025-03-09 02:23:00,165 [32mINFO [m [m[main][m [mn.m.r.GameData.checkPrefix(946)[m: Potentially Dangerous alternative prefix `legends_superheroes` for name `scroll_thor_lat_v2`, expected `legendsmod`. This could be a intended override, but in most cases indicates a broken mod.
2025-03-09 02:23:00,165 [32mINFO [m [m[main][m [mn.m.r.GameData.checkPrefix(946)[m: Potentially Dangerous alternative prefix `legends_superheroes` for name `homelander_absolute_head`, expected `legendsmod`. This could be a intended override, but in most cases indicates a broken mod.
2025-03-09 02:23:00,165 [32mINFO [m [m[main][m [mn.m.r.GameData.checkPrefix(946)[m: Potentially Dangerous alternative prefix `legends_superheroes` for name `homelander_absolute_chest`, expected `legendsmod`. This could be a intended override, but in most cases indicates a broken mod.
2025-03-09 02:23:00,166 [32mINFO [m [m[main][m [mn.m.r.GameData.checkPrefix(946)[m: Potentially Dangerous alternative prefix `legends_superheroes` for name `homelander_absolute_legs`, expected `legendsmod`. This could be a intended override, but in most cases indicates a broken mod.
2025-03-09 02:23:00,166 [32mINFO [m [m[main][m [mn.m.r.GameData.checkPrefix(946)[m: Potentially Dangerous alternative prefix `legends_superheroes` for name `homelander_absolute_feet`, expected `legendsmod`. This could be a intended override, but in most cases indicates a broken mod.
2025-03-09 02:23:00,167 [32mINFO [m [m[main][m [mn.m.r.GameData.checkPrefix(946)[m: Potentially Dangerous alternative prefix `legends_superheroes` for name `scroll_homelander_absolute`, expected `legendsmod`. This could be a intended override, but in most cases indicates a broken mod.
2025-03-09 02:23:00,167 [32mINFO [m [m[main][m [mn.m.r.GameData.checkPrefix(946)[m: Potentially Dangerous alternative prefix `legends_superheroes` for name `batman_tnba_head`, expected `legendsmod`. This could be a intended override, but in most cases indicates a broken mod.
2025-03-09 02:23:00,167 [32mINFO [m [m[main][m [mn.m.r.GameData.checkPrefix(946)[m: Potentially Dangerous alternative prefix `legends_superheroes` for name `batman_tnba_chest`, expected `legendsmod`. This could be a intended override, but in most cases indicates a broken mod.
2025-03-09 02:23:00,167 [32mINFO [m [m[main][m [mn.m.r.GameData.checkPrefix(946)[m: Potentially Dangerous alternative prefix `legends_superheroes` for name `batman_tnba_legs`, expected `legendsmod`. This could be a intended override, but in most cases indicates a broken mod.
2025-03-09 02:23:00,168 [32mINFO [m [m[main][m [mn.m.r.GameData.checkPrefix(946)[m: Potentially Dangerous alternative prefix `legends_superheroes` for name `batman_tnba_feet`, expected `legendsmod`. This could be a intended override, but in most cases indicates a broken mod.
2025-03-09 02:23:00,177 [32mINFO [m [m[main][m [mn.m.r.GameData.checkPrefix(946)[m: Potentially Dangerous alternative prefix `legends_superheroes` for name `scroll_batman_tnba`, expected `legendsmod`. This could be a intended override, but in most cases indicates a broken mod.
2025-03-09 02:23:00,177 [32mINFO [m [m[main][m [mn.m.r.GameData.checkPrefix(946)[m: Potentially Dangerous alternative prefix `legends_superheroes` for name `thor_darkworld_head`, expected `legendsmod`. This could be a intended override, but in most cases indicates a broken mod.
2025-03-09 02:23:00,177 [32mINFO [m [m[main][m [mn.m.r.GameData.checkPrefix(946)[m: Potentially Dangerous alternative prefix `legends_superheroes` for name `thor_darkworld_chest`, expected `legendsmod`. This could be a intended override, but in most cases indicates a broken mod.
2025-03-09 02:23:00,178 [32mINFO [m [m[main][m [mn.m.r.GameData.checkPrefix(946)[m: Potentially Dangerous alternative prefix `legends_superheroes` for name `thor_darkworld_legs`, expected `legendsmod`. This could be a intended override, but in most cases indicates a broken mod.
2025-03-09 02:23:00,178 [32mINFO [m [m[main][m [mn.m.r.GameData.checkPrefix(946)[m: Potentially Dangerous alternative prefix `legends_superheroes` for name `thor_darkworld_feet`, expected `legendsmod`. This could be a intended override, but in most cases indicates a broken mod.
2025-03-09 02:23:00,178 [32mINFO [m [m[main][m [mn.m.r.GameData.checkPrefix(946)[m: Potentially Dangerous alternative prefix `legends_superheroes` for name `scroll_thor_darkworld`, expected `legendsmod`. This could be a intended override, but in most cases indicates a broken mod.
2025-03-09 02:23:00,178 [32mINFO [m [m[main][m [mn.m.r.GameData.checkPrefix(946)[m: Potentially Dangerous alternative prefix `legends_superheroes` for name `superman_new52_head`, expected `legendsmod`. This could be a intended override, but in most cases indicates a broken mod.
2025-03-09 02:23:00,180 [32mINFO [m [m[main][m [mn.m.r.GameData.checkPrefix(946)[m: Potentially Dangerous alternative prefix `legends_superheroes` for name `superman_new52_chest`, expected `legendsmod`. This could be a intended override, but in most cases indicates a broken mod.
2025-03-09 02:23:00,180 [32mINFO [m [m[main][m [mn.m.r.GameData.checkPrefix(946)[m: Potentially Dangerous alternative prefix `legends_superheroes` for name `superman_new52_legs`, expected `legendsmod`. This could be a intended override, but in most cases indicates a broken mod.
2025-03-09 02:23:00,181 [32mINFO [m [m[main][m [mn.m.r.GameData.checkPrefix(946)[m: Potentially Dangerous alternative prefix `legends_superheroes` for name `superman_new52_feet`, expected `legendsmod`. This could be a intended override, but in most cases indicates a broken mod.
2025-03-09 02:23:00,181 [32mINFO [m [m[main][m [mn.m.r.GameData.checkPrefix(946)[m: Potentially Dangerous alternative prefix `legends_superheroes` for name `scroll_superman_new52`, expected `legendsmod`. This could be a intended override, but in most cases indicates a broken mod.
2025-03-09 02:23:00,181 [32mINFO [m [m[main][m [mn.m.r.GameData.checkPrefix(946)[m: Potentially Dangerous alternative prefix `legends_superheroes` for name `batman_2004_head`, expected `legendsmod`. This could be a intended override, but in most cases indicates a broken mod.
2025-03-09 02:23:00,181 [32mINFO [m [m[main][m [mn.m.r.GameData.checkPrefix(946)[m: Potentially Dangerous alternative prefix `legends_superheroes` for name `batman_2004_chest`, expected `legendsmod`. This could be a intended override, but in most cases indicates a broken mod.
2025-03-09 02:23:00,182 [32mINFO [m [m[main][m [mn.m.r.GameData.checkPrefix(946)[m: Potentially Dangerous alternative prefix `legends_superheroes` for name `batman_2004_legs`, expected `legendsmod`. This could be a intended override, but in most cases indicates a broken mod.
2025-03-09 02:23:00,182 [32mINFO [m [m[main][m [mn.m.r.GameData.checkPrefix(946)[m: Potentially Dangerous alternative prefix `legends_superheroes` for name `batman_2004_feet`, expected `legendsmod`. This could be a intended override, but in most cases indicates a broken mod.
2025-03-09 02:23:00,182 [32mINFO [m [m[main][m [mn.m.r.GameData.checkPrefix(946)[m: Potentially Dangerous alternative prefix `legends_superheroes` for name `scroll_batman_2004`, expected `legendsmod`. This could be a intended override, but in most cases indicates a broken mod.
2025-03-09 02:23:00,182 [32mINFO [m [m[main][m [mn.m.r.GameData.checkPrefix(946)[m: Potentially Dangerous alternative prefix `legends_superheroes` for name `batman_arkham_asylum_head`, expected `legendsmod`. This could be a intended override, but in most cases indicates a broken mod.
2025-03-09 02:23:00,183 [32mINFO [m [m[main][m [mn.m.r.GameData.checkPrefix(946)[m: Potentially Dangerous alternative prefix `legends_superheroes` for name `batman_arkham_asylum_chest`, expected `legendsmod`. This could be a intended override, but in most cases indicates a broken mod.
2025-03-09 02:23:00,183 [32mINFO [m [m[main][m [mn.m.r.GameData.checkPrefix(946)[m: Potentially Dangerous alternative prefix `legends_superheroes` for name `batman_arkham_asylum_legs`, expected `legendsmod`. This could be a intended override, but in most cases indicates a broken mod.
2025-03-09 02:23:00,183 [32mINFO [m [m[main][m [mn.m.r.GameData.checkPrefix(946)[m: Potentially Dangerous alternative prefix `legends_superheroes` for name `batman_arkham_asylum_feet`, expected `legendsmod`. This could be a intended override, but in most cases indicates a broken mod.
2025-03-09 02:23:00,183 [32mINFO [m [m[main][m [mn.m.r.GameData.checkPrefix(946)[m: Potentially Dangerous alternative prefix `legends_superheroes` for name `scroll_batman_arkham_asylum`, expected `legendsmod`. This could be a intended override, but in most cases indicates a broken mod.
2025-03-09 02:23:00,184 [32mINFO [m [m[main][m [mn.m.r.GameData.checkPrefix(946)[m: Potentially Dangerous alternative prefix `legends_superheroes` for name `superman_sal_head`, expected `legendsmod`. This could be a intended override, but in most cases indicates a broken mod.
2025-03-09 02:23:00,184 [32mINFO [m [m[main][m [mn.m.r.GameData.checkPrefix(946)[m: Potentially Dangerous alternative prefix `legends_superheroes` for name `superman_sal_chest`, expected `legendsmod`. This could be a intended override, but in most cases indicates a broken mod.
2025-03-09 02:23:00,185 [32mINFO [m [m[main][m [mn.m.r.GameData.checkPrefix(946)[m: Potentially Dangerous alternative prefix `legends_superheroes` for name `superman_sal_legs`, expected `legendsmod`. This could be a intended override, but in most cases indicates a broken mod.
2025-03-09 02:23:00,185 [32mINFO [m [m[main][m [mn.m.r.GameData.checkPrefix(946)[m: Potentially Dangerous alternative prefix `legends_superheroes` for name `superman_sal_feet`, expected `legendsmod`. This could be a intended override, but in most cases indicates a broken mod.
2025-03-09 02:23:00,185 [32mINFO [m [m[main][m [mn.m.r.GameData.checkPrefix(946)[m: Potentially Dangerous alternative prefix `legends_superheroes` for name `scroll_superman_sal`, expected `legendsmod`. This could be a intended override, but in most cases indicates a broken mod.
2025-03-09 02:23:00,185 [32mINFO [m [m[main][m [mn.m.r.GameData.checkPrefix(946)[m: Potentially Dangerous alternative prefix `legends_superheroes` for name `thor_2011_head`, expected `legendsmod`. This could be a intended override, but in most cases indicates a broken mod.
2025-03-09 02:23:00,186 [32mINFO [m [m[main][m [mn.m.r.GameData.checkPrefix(946)[m: Potentially Dangerous alternative prefix `legends_superheroes` for name `thor_2011_chest`, expected `legendsmod`. This could be a intended override, but in most cases indicates a broken mod.
2025-03-09 02:23:00,186 [32mINFO [m [m[main][m [mn.m.r.GameData.checkPrefix(946)[m: Potentially Dangerous alternative prefix `legends_superheroes` for name `thor_2011_legs`, expected `legendsmod`. This could be a intended override, but in most cases indicates a broken mod.
2025-03-09 02:23:00,187 [32mINFO [m [m[main][m [mn.m.r.GameData.checkPrefix(946)[m: Potentially Dangerous alternative prefix `legends_superheroes` for name `thor_2011_feet`, expected `legendsmod`. This could be a intended override, but in most cases indicates a broken mod.
2025-03-09 02:23:00,187 [32mINFO [m [m[main][m [mn.m.r.GameData.checkPrefix(946)[m: Potentially Dangerous alternative prefix `legends_superheroes` for name `scroll_thor_2011`, expected `legendsmod`. This could be a intended override, but in most cases indicates a broken mod.
2025-03-09 02:23:00,187 [32mINFO [m [m[main][m [mn.m.r.GameData.checkPrefix(946)[m: Potentially Dangerous alternative prefix `legends_superheroes` for name `joker_dark_knight_head`, expected `legendsmod`. This could be a intended override, but in most cases indicates a broken mod.
2025-03-09 02:23:00,188 [32mINFO [m [m[main][m [mn.m.r.GameData.checkPrefix(946)[m: Potentially Dangerous alternative prefix `legends_superheroes` for name `joker_dark_knight_chest`, expected `legendsmod`. This could be a intended override, but in most cases indicates a broken mod.
2025-03-09 02:23:00,188 [32mINFO [m [m[main][m [mn.m.r.GameData.checkPrefix(946)[m: Potentially Dangerous alternative prefix `legends_superheroes` for name `joker_dark_knight_legs`, expected `legendsmod`. This could be a intended override, but in most cases indicates a broken mod.
2025-03-09 02:23:00,188 [32mINFO [m [m[main][m [mn.m.r.GameData.checkPrefix(946)[m: Potentially Dangerous alternative prefix `legends_superheroes` for name `joker_dark_knight_feet`, expected `legendsmod`. This could be a intended override, but in most cases indicates a broken mod.
2025-03-09 02:23:00,188 [32mINFO [m [m[main][m [mn.m.r.GameData.checkPrefix(946)[m: Potentially Dangerous alternative prefix `legends_superheroes` for name `scroll_joker_dark_knight`, expected `legendsmod`. This could be a intended override, but in most cases indicates a broken mod.
2025-03-09 02:23:00,189 [32mINFO [m [m[main][m [mn.m.r.GameData.checkPrefix(946)[m: Potentially Dangerous alternative prefix `legends_superheroes` for name `homelander_diabolical_head`, expected `legendsmod`. This could be a intended override, but in most cases indicates a broken mod.
2025-03-09 02:23:00,189 [32mINFO [m [m[main][m [mn.m.r.GameData.checkPrefix(946)[m: Potentially Dangerous alternative prefix `legends_superheroes` for name `homelander_diabolical_chest`, expected `legendsmod`. This could be a intended override, but in most cases indicates a broken mod.
2025-03-09 02:23:00,189 [32mINFO [m [m[main][m [mn.m.r.GameData.checkPrefix(946)[m: Potentially Dangerous alternative prefix `legends_superheroes` for name `homelander_diabolical_legs`, expected `legendsmod`. This could be a intended override, but in most cases indicates a broken mod.
2025-03-09 02:23:00,189 [32mINFO [m [m[main][m [mn.m.r.GameData.checkPrefix(946)[m: Potentially Dangerous alternative prefix `legends_superheroes` for name `homelander_diabolical_feet`, expected `legendsmod`. This could be a intended override, but in most cases indicates a broken mod.
2025-03-09 02:23:00,189 [32mINFO [m [m[main][m [mn.m.r.GameData.checkPrefix(946)[m: Potentially Dangerous alternative prefix `legends_superheroes` for name `scroll_homelander_diabolical`, expected `legendsmod`. This could be a intended override, but in most cases indicates a broken mod.
2025-03-09 02:23:00,195 [32mINFO [m [m[main][m [mn.m.r.GameData.checkPrefix(946)[m: Potentially Dangerous alternative prefix `legends_superheroes` for name `thor_iconic_head`, expected `legendsmod`. This could be a intended override, but in most cases indicates a broken mod.
2025-03-09 02:23:00,195 [32mINFO [m [m[main][m [mn.m.r.GameData.checkPrefix(946)[m: Potentially Dangerous alternative prefix `legends_superheroes` for name `thor_iconic_chest`, expected `legendsmod`. This could be a intended override, but in most cases indicates a broken mod.
2025-03-09 02:23:00,196 [32mINFO [m [m[main][m [mn.m.r.GameData.checkPrefix(946)[m: Potentially Dangerous alternative prefix `legends_superheroes` for name `thor_iconic_legs`, expected `legendsmod`. This could be a intended override, but in most cases indicates a broken mod.
2025-03-09 02:23:00,196 [32mINFO [m [m[main][m [mn.m.r.GameData.checkPrefix(946)[m: Potentially Dangerous alternative prefix `legends_superheroes` for name `thor_iconic_feet`, expected `legendsmod`. This could be a intended override, but in most cases indicates a broken mod.
2025-03-09 02:23:00,196 [32mINFO [m [m[main][m [mn.m.r.GameData.checkPrefix(946)[m: Potentially Dangerous alternative prefix `legends_superheroes` for name `scroll_thor_iconic`, expected `legendsmod`. This could be a intended override, but in most cases indicates a broken mod.
2025-03-09 02:23:00,196 [32mINFO [m [m[main][m [mn.m.r.GameData.checkPrefix(946)[m: Potentially Dangerous alternative prefix `legends_superheroes` for name `batman_bvs_head`, expected `legendsmod`. This could be a intended override, but in most cases indicates a broken mod.
2025-03-09 02:23:00,197 [32mINFO [m [m[main][m [mn.m.r.GameData.checkPrefix(946)[m: Potentially Dangerous alternative prefix `legends_superheroes` for name `batman_bvs_chest`, expected `legendsmod`. This could be a intended override, but in most cases indicates a broken mod.
2025-03-09 02:23:00,197 [32mINFO [m [m[main][m [mn.m.r.GameData.checkPrefix(946)[m: Potentially Dangerous alternative prefix `legends_superheroes` for name `batman_bvs_legs`, expected `legendsmod`. This could be a intended override, but in most cases indicates a broken mod.
2025-03-09 02:23:00,197 [32mINFO [m [m[main][m [mn.m.r.GameData.checkPrefix(946)[m: Potentially Dangerous alternative prefix `legends_superheroes` for name `batman_bvs_feet`, expected `legendsmod`. This could be a intended override, but in most cases indicates a broken mod.
2025-03-09 02:23:00,197 [32mINFO [m [m[main][m [mn.m.r.GameData.checkPrefix(946)[m: Potentially Dangerous alternative prefix `legends_superheroes` for name `scroll_batman_bvs`, expected `legendsmod`. This could be a intended override, but in most cases indicates a broken mod.
2025-03-09 02:23:00,198 [32mINFO [m [m[main][m [mn.m.r.GameData.checkPrefix(946)[m: Potentially Dangerous alternative prefix `legends_superheroes` for name `joker_arkham_head`, expected `legendsmod`. This could be a intended override, but in most cases indicates a broken mod.
2025-03-09 02:23:00,198 [32mINFO [m [m[main][m [mn.m.r.GameData.checkPrefix(946)[m: Potentially Dangerous alternative prefix `legends_superheroes` for name `joker_arkham_chest`, expected `legendsmod`. This could be a intended override, but in most cases indicates a broken mod.
2025-03-09 02:23:00,198 [32mINFO [m [m[main][m [mn.m.r.GameData.checkPrefix(946)[m: Potentially Dangerous alternative prefix `legends_superheroes` for name `joker_arkham_legs`, expected `legendsmod`. This could be a intended override, but in most cases indicates a broken mod.
2025-03-09 02:23:00,198 [32mINFO [m [m[main][m [mn.m.r.GameData.checkPrefix(946)[m: Potentially Dangerous alternative prefix `legends_superheroes` for name `joker_arkham_feet`, expected `legendsmod`. This could be a intended override, but in most cases indicates a broken mod.
2025-03-09 02:23:00,199 [32mINFO [m [m[main][m [mn.m.r.GameData.checkPrefix(946)[m: Potentially Dangerous alternative prefix `legends_superheroes` for name `scroll_joker_arkham`, expected `legendsmod`. This could be a intended override, but in most cases indicates a broken mod.
2025-03-09 02:23:00,199 [32mINFO [m [m[main][m [mn.m.r.GameData.checkPrefix(946)[m: Potentially Dangerous alternative prefix `legends_superheroes` for name `superman_zsjl_head`, expected `legendsmod`. This could be a intended override, but in most cases indicates a broken mod.
2025-03-09 02:23:00,199 [32mINFO [m [m[main][m [mn.m.r.GameData.checkPrefix(946)[m: Potentially Dangerous alternative prefix `legends_superheroes` for name `superman_zsjl_chest`, expected `legendsmod`. This could be a intended override, but in most cases indicates a broken mod.
2025-03-09 02:23:00,199 [32mINFO [m [m[main][m [mn.m.r.GameData.checkPrefix(946)[m: Potentially Dangerous alternative prefix `legends_superheroes` for name `superman_zsjl_legs`, expected `legendsmod`. This could be a intended override, but in most cases indicates a broken mod.
2025-03-09 02:23:00,199 [32mINFO [m [m[main][m [mn.m.r.GameData.checkPrefix(946)[m: Potentially Dangerous alternative prefix `legends_superheroes` for name `superman_zsjl_feet`, expected `legendsmod`. This could be a intended override, but in most cases indicates a broken mod.
2025-03-09 02:23:00,200 [32mINFO [m [m[main][m [mn.m.r.GameData.checkPrefix(946)[m: Potentially Dangerous alternative prefix `legends_superheroes` for name `scroll_superman_zsjl`, expected `legendsmod`. This could be a intended override, but in most cases indicates a broken mod.
2025-03-09 02:23:00,200 [32mINFO [m [m[main][m [mn.m.r.GameData.checkPrefix(946)[m: Potentially Dangerous alternative prefix `legends_superheroes` for name `robin_teen_titans_head`, expected `legendsmod`. This could be a intended override, but in most cases indicates a broken mod.
2025-03-09 02:23:00,200 [32mINFO [m [m[main][m [mn.m.r.GameData.checkPrefix(946)[m: Potentially Dangerous alternative prefix `legends_superheroes` for name `robin_teen_titans_chest`, expected `legendsmod`. This could be a intended override, but in most cases indicates a broken mod.
2025-03-09 02:23:00,201 [32mINFO [m [m[main][m [mn.m.r.GameData.checkPrefix(946)[m: Potentially Dangerous alternative prefix `legends_superheroes` for name `robin_teen_titans_legs`, expected `legendsmod`. This could be a intended override, but in most cases indicates a broken mod.
2025-03-09 02:23:00,202 [32mINFO [m [m[main][m [mn.m.r.GameData.checkPrefix(946)[m: Potentially Dangerous alternative prefix `legends_superheroes` for name `robin_teen_titans_feet`, expected `legendsmod`. This could be a intended override, but in most cases indicates a broken mod.
2025-03-09 02:23:00,202 [32mINFO [m [m[main][m [mn.m.r.GameData.checkPrefix(946)[m: Potentially Dangerous alternative prefix `legends_superheroes` for name `scroll_robin_teen_titans`, expected `legendsmod`. This could be a intended override, but in most cases indicates a broken mod.
2025-03-09 02:23:00,213 [32mINFO [m [m[main][m [mn.m.r.GameData.checkPrefix(946)[m: Potentially Dangerous alternative prefix `legends_superheroes` for name `batman_silver_age_head`, expected `legendsmod`. This could be a intended override, but in most cases indicates a broken mod.
2025-03-09 02:23:00,213 [32mINFO [m [m[main][m [mn.m.r.GameData.checkPrefix(946)[m: Potentially Dangerous alternative prefix `legends_superheroes` for name `batman_silver_age_chest`, expected `legendsmod`. This could be a intended override, but in most cases indicates a broken mod.
2025-03-09 02:23:00,213 [32mINFO [m [m[main][m [mn.m.r.GameData.checkPrefix(946)[m: Potentially Dangerous alternative prefix `legends_superheroes` for name `batman_silver_age_legs`, expected `legendsmod`. This could be a intended override, but in most cases indicates a broken mod.
2025-03-09 02:23:00,216 [32mINFO [m [m[main][m [mn.m.r.GameData.checkPrefix(946)[m: Potentially Dangerous alternative prefix `legends_superheroes` for name `batman_silver_age_feet`, expected `legendsmod`. This could be a intended override, but in most cases indicates a broken mod.
2025-03-09 02:23:00,216 [32mINFO [m [m[main][m [mn.m.r.GameData.checkPrefix(946)[m: Potentially Dangerous alternative prefix `legends_superheroes` for name `scroll_batman_silver_age`, expected `legendsmod`. This could be a intended override, but in most cases indicates a broken mod.
2025-03-09 02:23:00,216 [32mINFO [m [m[main][m [mn.m.r.GameData.checkPrefix(946)[m: Potentially Dangerous alternative prefix `legends_superheroes` for name `thor_battle_armor_head`, expected `legendsmod`. This could be a intended override, but in most cases indicates a broken mod.
2025-03-09 02:23:00,217 [32mINFO [m [m[main][m [mn.m.r.GameData.checkPrefix(946)[m: Potentially Dangerous alternative prefix `legends_superheroes` for name `thor_battle_armor_chest`, expected `legendsmod`. This could be a intended override, but in most cases indicates a broken mod.
2025-03-09 02:23:00,217 [32mINFO [m [m[main][m [mn.m.r.GameData.checkPrefix(946)[m: Potentially Dangerous alternative prefix `legends_superheroes` for name `thor_battle_armor_legs`, expected `legendsmod`. This could be a intended override, but in most cases indicates a broken mod.
2025-03-09 02:23:00,217 [32mINFO [m [m[main][m [mn.m.r.GameData.checkPrefix(946)[m: Potentially Dangerous alternative prefix `legends_superheroes` for name `thor_battle_armor_feet`, expected `legendsmod`. This could be a intended override, but in most cases indicates a broken mod.
2025-03-09 02:23:00,218 [32mINFO [m [m[main][m [mn.m.r.GameData.checkPrefix(946)[m: Potentially Dangerous alternative prefix `legends_superheroes` for name `scroll_thor_battle_armor`, expected `legendsmod`. This could be a intended override, but in most cases indicates a broken mod.
2025-03-09 02:23:00,218 [32mINFO [m [m[main][m [mn.m.r.GameData.checkPrefix(946)[m: Potentially Dangerous alternative prefix `legends_superheroes` for name `spider_man_sam_raimi_head`, expected `legendsmod`. This could be a intended override, but in most cases indicates a broken mod.
2025-03-09 02:23:00,218 [32mINFO [m [m[main][m [mn.m.r.GameData.checkPrefix(946)[m: Potentially Dangerous alternative prefix `legends_superheroes` for name `spider_man_sam_raimi_chest`, expected `legendsmod`. This could be a intended override, but in most cases indicates a broken mod.
2025-03-09 02:23:00,218 [32mINFO [m [m[main][m [mn.m.r.GameData.checkPrefix(946)[m: Potentially Dangerous alternative prefix `legends_superheroes` for name `spider_man_sam_raimi_legs`, expected `legendsmod`. This could be a intended override, but in most cases indicates a broken mod.
2025-03-09 02:23:00,219 [32mINFO [m [m[main][m [mn.m.r.GameData.checkPrefix(946)[m: Potentially Dangerous alternative prefix `legends_superheroes` for name `spider_man_sam_raimi_feet`, expected `legendsmod`. This could be a intended override, but in most cases indicates a broken mod.
2025-03-09 02:23:00,219 [32mINFO [m [m[main][m [mn.m.r.GameData.checkPrefix(946)[m: Potentially Dangerous alternative prefix `legends_superheroes` for name `scroll_spider_man_sam_raimi`, expected `legendsmod`. This could be a intended override, but in most cases indicates a broken mod.
2025-03-09 02:23:00,221 [32mINFO [m [m[main][m [mn.m.r.GameData.checkPrefix(946)[m: Potentially Dangerous alternative prefix `legends_superheroes` for name `superman_1941_head`, expected `legendsmod`. This could be a intended override, but in most cases indicates a broken mod.
2025-03-09 02:23:00,222 [32mINFO [m [m[main][m [mn.m.r.GameData.checkPrefix(946)[m: Potentially Dangerous alternative prefix `legends_superheroes` for name `superman_1941_chest`, expected `legendsmod`. This could be a intended override, but in most cases indicates a broken mod.
2025-03-09 02:23:00,223 [32mINFO [m [m[main][m [mn.m.r.GameData.checkPrefix(946)[m: Potentially Dangerous alternative prefix `legends_superheroes` for name `superman_1941_legs`, expected `legendsmod`. This could be a intended override, but in most cases indicates a broken mod.
2025-03-09 02:23:00,223 [32mINFO [m [m[main][m [mn.m.r.GameData.checkPrefix(946)[m: Potentially Dangerous alternative prefix `legends_superheroes` for name `superman_1941_feet`, expected `legendsmod`. This could be a intended override, but in most cases indicates a broken mod.
2025-03-09 02:23:00,223 [32mINFO [m [m[main][m [mn.m.r.GameData.checkPrefix(946)[m: Potentially Dangerous alternative prefix `legends_superheroes` for name `scroll_superman_1941`, expected `legendsmod`. This could be a intended override, but in most cases indicates a broken mod.
2025-03-09 02:23:00,223 [32mINFO [m [m[main][m [mn.m.r.GameData.checkPrefix(946)[m: Potentially Dangerous alternative prefix `legends_superheroes` for name `superman_cw_head`, expected `legendsmod`. This could be a intended override, but in most cases indicates a broken mod.
2025-03-09 02:23:00,223 [32mINFO [m [m[main][m [mn.m.r.GameData.checkPrefix(946)[m: Potentially Dangerous alternative prefix `legends_superheroes` for name `superman_cw_chest`, expected `legendsmod`. This could be a intended override, but in most cases indicates a broken mod.
2025-03-09 02:23:00,224 [32mINFO [m [m[main][m [mn.m.r.GameData.checkPrefix(946)[m: Potentially Dangerous alternative prefix `legends_superheroes` for name `superman_cw_legs`, expected `legendsmod`. This could be a intended override, but in most cases indicates a broken mod.
2025-03-09 02:23:00,224 [32mINFO [m [m[main][m [mn.m.r.GameData.checkPrefix(946)[m: Potentially Dangerous alternative prefix `legends_superheroes` for name `superman_cw_feet`, expected `legendsmod`. This could be a intended override, but in most cases indicates a broken mod.
2025-03-09 02:23:00,224 [32mINFO [m [m[main][m [mn.m.r.GameData.checkPrefix(946)[m: Potentially Dangerous alternative prefix `legends_superheroes` for name `scroll_superman_cw`, expected `legendsmod`. This could be a intended override, but in most cases indicates a broken mod.
2025-03-09 02:23:00,224 [32mINFO [m [m[main][m [mn.m.r.GameData.checkPrefix(946)[m: Potentially Dangerous alternative prefix `legends_superheroes` for name `superman_beyond_head`, expected `legendsmod`. This could be a intended override, but in most cases indicates a broken mod.
2025-03-09 02:23:00,224 [32mINFO [m [m[main][m [mn.m.r.GameData.checkPrefix(946)[m: Potentially Dangerous alternative prefix `legends_superheroes` for name `superman_beyond_chest`, expected `legendsmod`. This could be a intended override, but in most cases indicates a broken mod.
2025-03-09 02:23:00,225 [32mINFO [m [m[main][m [mn.m.r.GameData.checkPrefix(946)[m: Potentially Dangerous alternative prefix `legends_superheroes` for name `superman_beyond_legs`, expected `legendsmod`. This could be a intended override, but in most cases indicates a broken mod.
2025-03-09 02:23:00,225 [32mINFO [m [m[main][m [mn.m.r.GameData.checkPrefix(946)[m: Potentially Dangerous alternative prefix `legends_superheroes` for name `superman_beyond_feet`, expected `legendsmod`. This could be a intended override, but in most cases indicates a broken mod.
2025-03-09 02:23:00,226 [32mINFO [m [m[main][m [mn.m.r.GameData.checkPrefix(946)[m: Potentially Dangerous alternative prefix `legends_superheroes` for name `scroll_superman_beyond`, expected `legendsmod`. This could be a intended override, but in most cases indicates a broken mod.
2025-03-09 02:23:00,226 [32mINFO [m [m[main][m [mn.m.r.GameData.checkPrefix(946)[m: Potentially Dangerous alternative prefix `legends_superheroes` for name `batman_66_head`, expected `legendsmod`. This could be a intended override, but in most cases indicates a broken mod.
2025-03-09 02:23:00,226 [32mINFO [m [m[main][m [mn.m.r.GameData.checkPrefix(946)[m: Potentially Dangerous alternative prefix `legends_superheroes` for name `batman_66_chest`, expected `legendsmod`. This could be a intended override, but in most cases indicates a broken mod.
2025-03-09 02:23:00,227 [32mINFO [m [m[main][m [mn.m.r.GameData.checkPrefix(946)[m: Potentially Dangerous alternative prefix `legends_superheroes` for name `batman_66_legs`, expected `legendsmod`. This could be a intended override, but in most cases indicates a broken mod.
2025-03-09 02:23:00,227 [32mINFO [m [m[main][m [mn.m.r.GameData.checkPrefix(946)[m: Potentially Dangerous alternative prefix `legends_superheroes` for name `batman_66_feet`, expected `legendsmod`. This could be a intended override, but in most cases indicates a broken mod.
2025-03-09 02:23:00,227 [32mINFO [m [m[main][m [mn.m.r.GameData.checkPrefix(946)[m: Potentially Dangerous alternative prefix `legends_superheroes` for name `scroll_batman_66`, expected `legendsmod`. This could be a intended override, but in most cases indicates a broken mod.
2025-03-09 02:23:00,227 [32mINFO [m [m[main][m [mn.m.r.GameData.checkPrefix(946)[m: Potentially Dangerous alternative prefix `legends_superheroes` for name `moon_knight_finch_head`, expected `legendsmod`. This could be a intended override, but in most cases indicates a broken mod.
2025-03-09 02:23:00,227 [32mINFO [m [m[main][m [mn.m.r.GameData.checkPrefix(946)[m: Potentially Dangerous alternative prefix `legends_superheroes` for name `moon_knight_finch_chest`, expected `legendsmod`. This could be a intended override, but in most cases indicates a broken mod.
2025-03-09 02:23:00,228 [32mINFO [m [m[main][m [mn.m.r.GameData.checkPrefix(946)[m: Potentially Dangerous alternative prefix `legends_superheroes` for name `moon_knight_finch_legs`, expected `legendsmod`. This could be a intended override, but in most cases indicates a broken mod.
2025-03-09 02:23:00,228 [32mINFO [m [m[main][m [mn.m.r.GameData.checkPrefix(946)[m: Potentially Dangerous alternative prefix `legends_superheroes` for name `moon_knight_finch_feet`, expected `legendsmod`. This could be a intended override, but in most cases indicates a broken mod.
2025-03-09 02:23:00,228 [32mINFO [m [m[main][m [mn.m.r.GameData.checkPrefix(946)[m: Potentially Dangerous alternative prefix `legends_superheroes` for name `scroll_moon_knight_finch`, expected `legendsmod`. This could be a intended override, but in most cases indicates a broken mod.
2025-03-09 02:23:00,228 [32mINFO [m [m[main][m [mn.m.r.GameData.checkPrefix(946)[m: Potentially Dangerous alternative prefix `legends_superheroes` for name `batman_new_52_head`, expected `legendsmod`. This could be a intended override, but in most cases indicates a broken mod.
2025-03-09 02:23:00,228 [32mINFO [m [m[main][m [mn.m.r.GameData.checkPrefix(946)[m: Potentially Dangerous alternative prefix `legends_superheroes` for name `batman_new_52_chest`, expected `legendsmod`. This could be a intended override, but in most cases indicates a broken mod.
2025-03-09 02:23:00,229 [32mINFO [m [m[main][m [mn.m.r.GameData.checkPrefix(946)[m: Potentially Dangerous alternative prefix `legends_superheroes` for name `batman_new_52_legs`, expected `legendsmod`. This could be a intended override, but in most cases indicates a broken mod.
2025-03-09 02:23:00,229 [32mINFO [m [m[main][m [mn.m.r.GameData.checkPrefix(946)[m: Potentially Dangerous alternative prefix `legends_superheroes` for name `batman_new_52_feet`, expected `legendsmod`. This could be a intended override, but in most cases indicates a broken mod.
2025-03-09 02:23:00,229 [32mINFO [m [m[main][m [mn.m.r.GameData.checkPrefix(946)[m: Potentially Dangerous alternative prefix `legends_superheroes` for name `scroll_batman_new_52`, expected `legendsmod`. This could be a intended override, but in most cases indicates a broken mod.
2025-03-09 02:23:00,229 [32mINFO [m [m[main][m [mn.m.r.GameData.checkPrefix(946)[m: Potentially Dangerous alternative prefix `legends_superheroes` for name `thor_ragnarok_v2_head`, expected `legendsmod`. This could be a intended override, but in most cases indicates a broken mod.
2025-03-09 02:23:00,230 [32mINFO [m [m[main][m [mn.m.r.GameData.checkPrefix(946)[m: Potentially Dangerous alternative prefix `legends_superheroes` for name `thor_ragnarok_v2_chest`, expected `legendsmod`. This could be a intended override, but in most cases indicates a broken mod.
2025-03-09 02:23:00,231 [32mINFO [m [m[main][m [mn.m.r.GameData.checkPrefix(946)[m: Potentially Dangerous alternative prefix `legends_superheroes` for name `thor_ragnarok_v2_legs`, expected `legendsmod`. This could be a intended override, but in most cases indicates a broken mod.
2025-03-09 02:23:00,231 [32mINFO [m [m[main][m [mn.m.r.GameData.checkPrefix(946)[m: Potentially Dangerous alternative prefix `legends_superheroes` for name `thor_ragnarok_v2_feet`, expected `legendsmod`. This could be a intended override, but in most cases indicates a broken mod.
2025-03-09 02:23:00,236 [32mINFO [m [m[main][m [mn.m.r.GameData.checkPrefix(946)[m: Potentially Dangerous alternative prefix `legends_superheroes` for name `scroll_thor_ragnarok_v2`, expected `legendsmod`. This could be a intended override, but in most cases indicates a broken mod.
2025-03-09 02:23:00,241 [32mINFO [m [m[main][m [mn.m.r.GameData.checkPrefix(946)[m: Potentially Dangerous alternative prefix `legends_superheroes` for name `thor_ragnarok_v1_head`, expected `legendsmod`. This could be a intended override, but in most cases indicates a broken mod.
2025-03-09 02:23:00,241 [32mINFO [m [m[main][m [mn.m.r.GameData.checkPrefix(946)[m: Potentially Dangerous alternative prefix `legends_superheroes` for name `thor_ragnarok_v1_chest`, expected `legendsmod`. This could be a intended override, but in most cases indicates a broken mod.
2025-03-09 02:23:00,241 [32mINFO [m [m[main][m [mn.m.r.GameData.checkPrefix(946)[m: Potentially Dangerous alternative prefix `legends_superheroes` for name `thor_ragnarok_v1_legs`, expected `legendsmod`. This could be a intended override, but in most cases indicates a broken mod.
2025-03-09 02:23:00,241 [32mINFO [m [m[main][m [mn.m.r.GameData.checkPrefix(946)[m: Potentially Dangerous alternative prefix `legends_superheroes` for name `thor_ragnarok_v1_feet`, expected `legendsmod`. This could be a intended override, but in most cases indicates a broken mod.
2025-03-09 02:23:00,242 [32mINFO [m [m[main][m [mn.m.r.GameData.checkPrefix(946)[m: Potentially Dangerous alternative prefix `legends_superheroes` for name `scroll_thor_ragnarok_v1`, expected `legendsmod`. This could be a intended override, but in most cases indicates a broken mod.
2025-03-09 02:23:00,242 [32mINFO [m [m[main][m [mn.m.r.GameData.checkPrefix(946)[m: Potentially Dangerous alternative prefix `legends_superheroes` for name `thor_aou_head`, expected `legendsmod`. This could be a intended override, but in most cases indicates a broken mod.
2025-03-09 02:23:00,242 [32mINFO [m [m[main][m [mn.m.r.GameData.checkPrefix(946)[m: Potentially Dangerous alternative prefix `legends_superheroes` for name `thor_aou_chest`, expected `legendsmod`. This could be a intended override, but in most cases indicates a broken mod.
2025-03-09 02:23:00,242 [32mINFO [m [m[main][m [mn.m.r.GameData.checkPrefix(946)[m: Potentially Dangerous alternative prefix `legends_superheroes` for name `thor_aou_legs`, expected `legendsmod`. This could be a intended override, but in most cases indicates a broken mod.
2025-03-09 02:23:00,243 [32mINFO [m [m[main][m [mn.m.r.GameData.checkPrefix(946)[m: Potentially Dangerous alternative prefix `legends_superheroes` for name `thor_aou_feet`, expected `legendsmod`. This could be a intended override, but in most cases indicates a broken mod.
2025-03-09 02:23:00,243 [32mINFO [m [m[main][m [mn.m.r.GameData.checkPrefix(946)[m: Potentially Dangerous alternative prefix `legends_superheroes` for name `scroll_thor_aou`, expected `legendsmod`. This could be a intended override, but in most cases indicates a broken mod.
2025-03-09 02:23:00,243 [32mINFO [m [m[main][m [mn.m.r.GameData.checkPrefix(946)[m: Potentially Dangerous alternative prefix `legends_superheroes` for name `robin_dcau_head`, expected `legendsmod`. This could be a intended override, but in most cases indicates a broken mod.
2025-03-09 02:23:00,243 [32mINFO [m [m[main][m [mn.m.r.GameData.checkPrefix(946)[m: Potentially Dangerous alternative prefix `legends_superheroes` for name `robin_dcau_chest`, expected `legendsmod`. This could be a intended override, but in most cases indicates a broken mod.
2025-03-09 02:23:00,243 [32mINFO [m [m[main][m [mn.m.r.GameData.checkPrefix(946)[m: Potentially Dangerous alternative prefix `legends_superheroes` for name `robin_dcau_legs`, expected `legendsmod`. This could be a intended override, but in most cases indicates a broken mod.
2025-03-09 02:23:00,244 [32mINFO [m [m[main][m [mn.m.r.GameData.checkPrefix(946)[m: Potentially Dangerous alternative prefix `legends_superheroes` for name `robin_dcau_feet`, expected `legendsmod`. This could be a intended override, but in most cases indicates a broken mod.
2025-03-09 02:23:00,244 [32mINFO [m [m[main][m [mn.m.r.GameData.checkPrefix(946)[m: Potentially Dangerous alternative prefix `legends_superheroes` for name `scroll_robin_dcau`, expected `legendsmod`. This could be a intended override, but in most cases indicates a broken mod.
2025-03-09 02:23:00,244 [32mINFO [m [m[main][m [mn.m.r.GameData.checkPrefix(946)[m: Potentially Dangerous alternative prefix `legends_superheroes` for name `superman_dcau_head`, expected `legendsmod`. This could be a intended override, but in most cases indicates a broken mod.
2025-03-09 02:23:00,244 [32mINFO [m [m[main][m [mn.m.r.GameData.checkPrefix(946)[m: Potentially Dangerous alternative prefix `legends_superheroes` for name `superman_dcau_chest`, expected `legendsmod`. This could be a intended override, but in most cases indicates a broken mod.
2025-03-09 02:23:00,244 [32mINFO [m [m[main][m [mn.m.r.GameData.checkPrefix(946)[m: Potentially Dangerous alternative prefix `legends_superheroes` for name `superman_dcau_legs`, expected `legendsmod`. This could be a intended override, but in most cases indicates a broken mod.
2025-03-09 02:23:00,245 [32mINFO [m [m[main][m [mn.m.r.GameData.checkPrefix(946)[m: Potentially Dangerous alternative prefix `legends_superheroes` for name `superman_dcau_feet`, expected `legendsmod`. This could be a intended override, but in most cases indicates a broken mod.
2025-03-09 02:23:00,245 [32mINFO [m [m[main][m [mn.m.r.GameData.checkPrefix(946)[m: Potentially Dangerous alternative prefix `legends_superheroes` for name `scroll_superman_dcau`, expected `legendsmod`. This could be a intended override, but in most cases indicates a broken mod.
2025-03-09 02:23:00,245 [32mINFO [m [m[main][m [mn.m.r.GameData.checkPrefix(946)[m: Potentially Dangerous alternative prefix `legends_superheroes` for name `homelander_tv_head`, expected `legendsmod`. This could be a intended override, but in most cases indicates a broken mod.
2025-03-09 02:23:00,245 [32mINFO [m [m[main][m [mn.m.r.GameData.checkPrefix(946)[m: Potentially Dangerous alternative prefix `legends_superheroes` for name `homelander_tv_chest`, expected `legendsmod`. This could be a intended override, but in most cases indicates a broken mod.
2025-03-09 02:23:00,257 [32mINFO [m [m[main][m [mn.m.r.GameData.checkPrefix(946)[m: Potentially Dangerous alternative prefix `legends_superheroes` for name `homelander_tv_legs`, expected `legendsmod`. This could be a intended override, but in most cases indicates a broken mod.
2025-03-09 02:23:00,257 [32mINFO [m [m[main][m [mn.m.r.GameData.checkPrefix(946)[m: Potentially Dangerous alternative prefix `legends_superheroes` for name `homelander_tv_feet`, expected `legendsmod`. This could be a intended override, but in most cases indicates a broken mod.
2025-03-09 02:23:00,257 [32mINFO [m [m[main][m [mn.m.r.GameData.checkPrefix(946)[m: Potentially Dangerous alternative prefix `legends_superheroes` for name `scroll_homelander_tv`, expected `legendsmod`. This could be a intended override, but in most cases indicates a broken mod.
2025-03-09 02:23:00,258 [32mINFO [m [m[main][m [mn.m.r.GameData.checkPrefix(946)[m: Potentially Dangerous alternative prefix `legends_superheroes` for name `batman_rebirth_head`, expected `legendsmod`. This could be a intended override, but in most cases indicates a broken mod.
2025-03-09 02:23:00,258 [32mINFO [m [m[main][m [mn.m.r.GameData.checkPrefix(946)[m: Potentially Dangerous alternative prefix `legends_superheroes` for name `batman_rebirth_chest`, expected `legendsmod`. This could be a intended override, but in most cases indicates a broken mod.
2025-03-09 02:23:00,258 [32mINFO [m [m[main][m [mn.m.r.GameData.checkPrefix(946)[m: Potentially Dangerous alternative prefix `legends_superheroes` for name `batman_rebirth_legs`, expected `legendsmod`. This could be a intended override, but in most cases indicates a broken mod.
2025-03-09 02:23:00,258 [32mINFO [m [m[main][m [mn.m.r.GameData.checkPrefix(946)[m: Potentially Dangerous alternative prefix `legends_superheroes` for name `batman_rebirth_feet`, expected `legendsmod`. This could be a intended override, but in most cases indicates a broken mod.
2025-03-09 02:23:00,258 [32mINFO [m [m[main][m [mn.m.r.GameData.checkPrefix(946)[m: Potentially Dangerous alternative prefix `legends_superheroes` for name `scroll_batman_rebirth`, expected `legendsmod`. This could be a intended override, but in most cases indicates a broken mod.
2025-03-09 02:23:00,259 [32mINFO [m [m[main][m [mn.m.r.GameData.checkPrefix(946)[m: Potentially Dangerous alternative prefix `legends_superheroes` for name `spider_man_amazing_fantasy_head`, expected `legendsmod`. This could be a intended override, but in most cases indicates a broken mod.
2025-03-09 02:23:00,259 [32mINFO [m [m[main][m [mn.m.r.GameData.checkPrefix(946)[m: Potentially Dangerous alternative prefix `legends_superheroes` for name `spider_man_amazing_fantasy_chest`, expected `legendsmod`. This could be a intended override, but in most cases indicates a broken mod.
2025-03-09 02:23:00,259 [32mINFO [m [m[main][m [mn.m.r.GameData.checkPrefix(946)[m: Potentially Dangerous alternative prefix `legends_superheroes` for name `spider_man_amazing_fantasy_legs`, expected `legendsmod`. This could be a intended override, but in most cases indicates a broken mod.
2025-03-09 02:23:00,259 [32mINFO [m [m[main][m [mn.m.r.GameData.checkPrefix(946)[m: Potentially Dangerous alternative prefix `legends_superheroes` for name `spider_man_amazing_fantasy_feet`, expected `legendsmod`. This could be a intended override, but in most cases indicates a broken mod.
2025-03-09 02:23:00,259 [32mINFO [m [m[main][m [mn.m.r.GameData.checkPrefix(946)[m: Potentially Dangerous alternative prefix `legends_superheroes` for name `scroll_spider_man_amazing_fantasy`, expected `legendsmod`. This could be a intended override, but in most cases indicates a broken mod.
2025-03-09 02:23:00,260 [32mINFO [m [m[main][m [mn.m.r.GameData.checkPrefix(946)[m: Potentially Dangerous alternative prefix `legends_superheroes` for name `thor_mangaverse_head`, expected `legendsmod`. This could be a intended override, but in most cases indicates a broken mod.
2025-03-09 02:23:00,260 [32mINFO [m [m[main][m [mn.m.r.GameData.checkPrefix(946)[m: Potentially Dangerous alternative prefix `legends_superheroes` for name `thor_mangaverse_chest`, expected `legendsmod`. This could be a intended override, but in most cases indicates a broken mod.
2025-03-09 02:23:00,260 [32mINFO [m [m[main][m [mn.m.r.GameData.checkPrefix(946)[m: Potentially Dangerous alternative prefix `legends_superheroes` for name `thor_mangaverse_legs`, expected `legendsmod`. This could be a intended override, but in most cases indicates a broken mod.
2025-03-09 02:23:00,260 [32mINFO [m [m[main][m [mn.m.r.GameData.checkPrefix(946)[m: Potentially Dangerous alternative prefix `legends_superheroes` for name `thor_mangaverse_feet`, expected `legendsmod`. This could be a intended override, but in most cases indicates a broken mod.
2025-03-09 02:23:00,261 [32mINFO [m [m[main][m [mn.m.r.GameData.checkPrefix(946)[m: Potentially Dangerous alternative prefix `legends_superheroes` for name `scroll_thor_mangaverse`, expected `legendsmod`. This could be a intended override, but in most cases indicates a broken mod.
2025-03-09 02:23:00,261 [32mINFO [m [m[main][m [mn.m.r.GameData.checkPrefix(946)[m: Potentially Dangerous alternative prefix `legends_superheroes` for name `moon_knight_bib_head`, expected `legendsmod`. This could be a intended override, but in most cases indicates a broken mod.
2025-03-09 02:23:00,261 [32mINFO [m [m[main][m [mn.m.r.GameData.checkPrefix(946)[m: Potentially Dangerous alternative prefix `legends_superheroes` for name `moon_knight_bib_chest`, expected `legendsmod`. This could be a intended override, but in most cases indicates a broken mod.
2025-03-09 02:23:00,261 [32mINFO [m [m[main][m [mn.m.r.GameData.checkPrefix(946)[m: Potentially Dangerous alternative prefix `legends_superheroes` for name `moon_knight_bib_legs`, expected `legendsmod`. This could be a intended override, but in most cases indicates a broken mod.
2025-03-09 02:23:00,261 [32mINFO [m [m[main][m [mn.m.r.GameData.checkPrefix(946)[m: Potentially Dangerous alternative prefix `legends_superheroes` for name `moon_knight_bib_feet`, expected `legendsmod`. This could be a intended override, but in most cases indicates a broken mod.
2025-03-09 02:23:00,262 [32mINFO [m [m[main][m [mn.m.r.GameData.checkPrefix(946)[m: Potentially Dangerous alternative prefix `legends_superheroes` for name `scroll_moon_knight_bib`, expected `legendsmod`. This could be a intended override, but in most cases indicates a broken mod.
2025-03-09 02:23:00,262 [32mINFO [m [m[main][m [mn.m.r.GameData.checkPrefix(946)[m: Potentially Dangerous alternative prefix `legends_superheroes` for name `superman_rebirth_head`, expected `legendsmod`. This could be a intended override, but in most cases indicates a broken mod.
2025-03-09 02:23:00,262 [32mINFO [m [m[main][m [mn.m.r.GameData.checkPrefix(946)[m: Potentially Dangerous alternative prefix `legends_superheroes` for name `superman_rebirth_chest`, expected `legendsmod`. This could be a intended override, but in most cases indicates a broken mod.
2025-03-09 02:23:00,263 [32mINFO [m [m[main][m [mn.m.r.GameData.checkPrefix(946)[m: Potentially Dangerous alternative prefix `legends_superheroes` for name `superman_rebirth_legs`, expected `legendsmod`. This could be a intended override, but in most cases indicates a broken mod.
2025-03-09 02:23:00,263 [32mINFO [m [m[main][m [mn.m.r.GameData.checkPrefix(946)[m: Potentially Dangerous alternative prefix `legends_superheroes` for name `superman_rebirth_feet`, expected `legendsmod`. This could be a intended override, but in most cases indicates a broken mod.
2025-03-09 02:23:00,263 [32mINFO [m [m[main][m [mn.m.r.GameData.checkPrefix(946)[m: Potentially Dangerous alternative prefix `legends_superheroes` for name `scroll_superman_rebirth`, expected `legendsmod`. This could be a intended override, but in most cases indicates a broken mod.
2025-03-09 02:23:00,263 [32mINFO [m [m[main][m [mn.m.r.GameData.checkPrefix(946)[m: Potentially Dangerous alternative prefix `legends_superheroes` for name `joker_2004_head`, expected `legendsmod`. This could be a intended override, but in most cases indicates a broken mod.
2025-03-09 02:23:00,264 [32mINFO [m [m[main][m [mn.m.r.GameData.checkPrefix(946)[m: Potentially Dangerous alternative prefix `legends_superheroes` for name `joker_2004_chest`, expected `legendsmod`. This could be a intended override, but in most cases indicates a broken mod.
2025-03-09 02:23:00,264 [32mINFO [m [m[main][m [mn.m.r.GameData.checkPrefix(946)[m: Potentially Dangerous alternative prefix `legends_superheroes` for name `joker_2004_legs`, expected `legendsmod`. This could be a intended override, but in most cases indicates a broken mod.
2025-03-09 02:23:00,264 [32mINFO [m [m[main][m [mn.m.r.GameData.checkPrefix(946)[m: Potentially Dangerous alternative prefix `legends_superheroes` for name `joker_2004_feet`, expected `legendsmod`. This could be a intended override, but in most cases indicates a broken mod.
2025-03-09 02:23:00,264 [32mINFO [m [m[main][m [mn.m.r.GameData.checkPrefix(946)[m: Potentially Dangerous alternative prefix `legends_superheroes` for name `scroll_joker_2004`, expected `legendsmod`. This could be a intended override, but in most cases indicates a broken mod.
2025-03-09 02:23:00,267 [32mINFO [m [m[main][m [mn.m.r.GameData.checkPrefix(946)[m: Potentially Dangerous alternative prefix `legends_superheroes` for name `batman_btas_head`, expected `legendsmod`. This could be a intended override, but in most cases indicates a broken mod.
2025-03-09 02:23:00,267 [32mINFO [m [m[main][m [mn.m.r.GameData.checkPrefix(946)[m: Potentially Dangerous alternative prefix `legends_superheroes` for name `batman_btas_chest`, expected `legendsmod`. This could be a intended override, but in most cases indicates a broken mod.
2025-03-09 02:23:00,267 [32mINFO [m [m[main][m [mn.m.r.GameData.checkPrefix(946)[m: Potentially Dangerous alternative prefix `legends_superheroes` for name `batman_btas_legs`, expected `legendsmod`. This could be a intended override, but in most cases indicates a broken mod.
2025-03-09 02:23:00,267 [32mINFO [m [m[main][m [mn.m.r.GameData.checkPrefix(946)[m: Potentially Dangerous alternative prefix `legends_superheroes` for name `batman_btas_feet`, expected `legendsmod`. This could be a intended override, but in most cases indicates a broken mod.
2025-03-09 02:23:00,268 [32mINFO [m [m[main][m [mn.m.r.GameData.checkPrefix(946)[m: Potentially Dangerous alternative prefix `legends_superheroes` for name `scroll_batman_btas`, expected `legendsmod`. This could be a intended override, but in most cases indicates a broken mod.
2025-03-09 02:23:00,268 [32mINFO [m [m[main][m [mn.m.r.GameData.checkPrefix(946)[m: Potentially Dangerous alternative prefix `legends_superheroes` for name `joker_66_head`, expected `legendsmod`. This could be a intended override, but in most cases indicates a broken mod.
2025-03-09 02:23:00,268 [32mINFO [m [m[main][m [mn.m.r.GameData.checkPrefix(946)[m: Potentially Dangerous alternative prefix `legends_superheroes` for name `joker_66_chest`, expected `legendsmod`. This could be a intended override, but in most cases indicates a broken mod.
2025-03-09 02:23:00,268 [32mINFO [m [m[main][m [mn.m.r.GameData.checkPrefix(946)[m: Potentially Dangerous alternative prefix `legends_superheroes` for name `joker_66_legs`, expected `legendsmod`. This could be a intended override, but in most cases indicates a broken mod.
2025-03-09 02:23:00,269 [32mINFO [m [m[main][m [mn.m.r.GameData.checkPrefix(946)[m: Potentially Dangerous alternative prefix `legends_superheroes` for name `joker_66_feet`, expected `legendsmod`. This could be a intended override, but in most cases indicates a broken mod.
2025-03-09 02:23:00,269 [32mINFO [m [m[main][m [mn.m.r.GameData.checkPrefix(946)[m: Potentially Dangerous alternative prefix `legends_superheroes` for name `scroll_joker_66`, expected `legendsmod`. This could be a intended override, but in most cases indicates a broken mod.
2025-03-09 02:23:00,270 [32mINFO [m [m[main][m [mn.m.r.GameData.checkPrefix(946)[m: Potentially Dangerous alternative prefix `legends_superheroes` for name `thor_ultimate_head`, expected `legendsmod`. This could be a intended override, but in most cases indicates a broken mod.
2025-03-09 02:23:00,270 [32mINFO [m [m[main][m [mn.m.r.GameData.checkPrefix(946)[m: Potentially Dangerous alternative prefix `legends_superheroes` for name `thor_ultimate_chest`, expected `legendsmod`. This could be a intended override, but in most cases indicates a broken mod.
2025-03-09 02:23:00,270 [32mINFO [m [m[main][m [mn.m.r.GameData.checkPrefix(946)[m: Potentially Dangerous alternative prefix `legends_superheroes` for name `thor_ultimate_legs`, expected `legendsmod`. This could be a intended override, but in most cases indicates a broken mod.
2025-03-09 02:23:00,270 [32mINFO [m [m[main][m [mn.m.r.GameData.checkPrefix(946)[m: Potentially Dangerous alternative prefix `legends_superheroes` for name `thor_ultimate_feet`, expected `legendsmod`. This could be a intended override, but in most cases indicates a broken mod.
2025-03-09 02:23:00,271 [32mINFO [m [m[main][m [mn.m.r.GameData.checkPrefix(946)[m: Potentially Dangerous alternative prefix `legends_superheroes` for name `scroll_thor_ultimate`, expected `legendsmod`. This could be a intended override, but in most cases indicates a broken mod.
2025-03-09 02:23:00,271 [32mINFO [m [m[main][m [mn.m.r.GameData.checkPrefix(946)[m: Potentially Dangerous alternative prefix `legends_superheroes` for name `thor_avengers_head`, expected `legendsmod`. This could be a intended override, but in most cases indicates a broken mod.
2025-03-09 02:23:00,271 [32mINFO [m [m[main][m [mn.m.r.GameData.checkPrefix(946)[m: Potentially Dangerous alternative prefix `legends_superheroes` for name `thor_avengers_chest`, expected `legendsmod`. This could be a intended override, but in most cases indicates a broken mod.
2025-03-09 02:23:00,271 [32mINFO [m [m[main][m [mn.m.r.GameData.checkPrefix(946)[m: Potentially Dangerous alternative prefix `legends_superheroes` for name `thor_avengers_legs`, expected `legendsmod`. This could be a intended override, but in most cases indicates a broken mod.
2025-03-09 02:23:00,272 [32mINFO [m [m[main][m [mn.m.r.GameData.checkPrefix(946)[m: Potentially Dangerous alternative prefix `legends_superheroes` for name `thor_avengers_feet`, expected `legendsmod`. This could be a intended override, but in most cases indicates a broken mod.
2025-03-09 02:23:00,272 [32mINFO [m [m[main][m [mn.m.r.GameData.checkPrefix(946)[m: Potentially Dangerous alternative prefix `legends_superheroes` for name `scroll_thor_avengers`, expected `legendsmod`. This could be a intended override, but in most cases indicates a broken mod.
2025-03-09 02:23:02,183 [32mINFO [m [m[main][m [mn.m.r.GameData.checkPrefix(946)[m: Potentially Dangerous alternative prefix `evilcraft` for name `blood`, expected `cyclopscore`. This could be a intended override, but in most cases indicates a broken mod.
2025-03-09 02:23:02,185 [32mINFO [m [m[main][m [mn.m.r.GameData.checkPrefix(946)[m: Potentially Dangerous alternative prefix `evilcraft` for name `blood_flowing`, expected `cyclopscore`. This could be a intended override, but in most cases indicates a broken mod.
2025-03-09 02:23:02,187 [32mINFO [m [m[main][m [mn.m.r.GameData.checkPrefix(946)[m: Potentially Dangerous alternative prefix `evilcraft` for name `poison`, expected `cyclopscore`. This could be a intended override, but in most cases indicates a broken mod.
2025-03-09 02:23:02,188 [32mINFO [m [m[main][m [mn.m.r.GameData.checkPrefix(946)[m: Potentially Dangerous alternative prefix `evilcraft` for name `poison_flowing`, expected `cyclopscore`. This could be a intended override, but in most cases indicates a broken mod.
2025-03-09 02:23:02,191 [32mINFO [m [m[main][m [mn.m.r.GameData.checkPrefix(946)[m: Potentially Dangerous alternative prefix `minecraft` for name `milk`, expected `forge`. This could be a intended override, but in most cases indicates a broken mod.
2025-03-09 02:23:02,192 [32mINFO [m [m[main][m [mn.m.r.GameData.checkPrefix(946)[m: Potentially Dangerous alternative prefix `minecraft` for name `flowing_milk`, expected `forge`. This could be a intended override, but in most cases indicates a broken mod.
2025-03-09 02:23:02,539 [32mINFO [m [m[main][m [mevilcraft.log(31)[m: 2205 possible Broom base combinations are ready for flying!
2025-03-09 02:23:03,286 [32mINFO [m [m[main][m [mc.e.EnhancedCelestials.lambda$register$1(40)[m: Enhanced Celestials registered: minecraft:sound_event
2025-03-09 02:23:04,810 [33mWARN [m [m[main][m [mn.m.n.s.SynchedEntityData.m_135353_(46)[m: defineId called for: class com.github.alexthe666.alexsmobs.entity.EntityLeafcutterAnt from class com.github.alexthe666.alexsmobs.entity.EntityDevilsHolePupfish
2025-03-09 02:23:04,811 [33mWARN [m [m[main][m [mn.m.n.s.SynchedEntityData.m_135353_(46)[m: defineId called for: class com.github.alexthe666.alexsmobs.entity.EntityMantisShrimp from class com.github.alexthe666.alexsmobs.entity.EntitySkelewag
2025-03-09 02:23:04,826 [33mWARN [m [m[main][m [mn.m.n.s.SynchedEntityData.m_135353_(46)[m: defineId called for: class com.joy187.re8joymod.entity.EntityLycan from class com.joy187.re8joymod.entity.EntityPlagas
2025-03-09 02:23:04,828 [33mWARN [m [m[main][m [mn.m.n.s.SynchedEntityData.m_135353_(46)[m: defineId called for: class com.joy187.re8joymod.entity.EntityChief from class com.joy187.re8joymod.entity.EntityU3
2025-03-09 02:23:04,828 [33mWARN [m [m[main][m [mn.m.n.s.SynchedEntityData.m_135353_(46)[m: defineId called for: class com.joy187.re8joymod.entity.EntityChief from class com.joy187.re8joymod.entity.EntityU3
2025-03-09 02:23:05,031 [33mWARN [m [m[main][m [mn.m.n.s.SynchedEntityData.m_135353_(46)[m: defineId called for: class forge.net.mca.entity.VillagerEntityMCA from class forge.net.mca.util.network.datasync.CDataParameter
2025-03-09 02:23:05,032 [33mWARN [m [m[main][m [mn.m.n.s.SynchedEntityData.m_135353_(46)[m: defineId called for: class forge.net.mca.entity.VillagerEntityMCA from class forge.net.mca.util.network.datasync.CDataParameter
2025-03-09 02:23:05,032 [33mWARN [m [m[main][m [mn.m.n.s.SynchedEntityData.m_135353_(46)[m: defineId called for: class forge.net.mca.entity.VillagerEntityMCA from class forge.net.mca.util.network.datasync.CDataParameter
2025-03-09 02:23:05,033 [33mWARN [m [m[main][m [mn.m.n.s.SynchedEntityData.m_135353_(46)[m: defineId called for: class forge.net.mca.entity.VillagerEntityMCA from class forge.net.mca.util.network.datasync.CDataParameter
2025-03-09 02:23:05,033 [33mWARN [m [m[main][m [mn.m.n.s.SynchedEntityData.m_135353_(46)[m: defineId called for: class forge.net.mca.entity.VillagerEntityMCA from class forge.net.mca.util.network.datasync.CDataParameter
2025-03-09 02:23:05,034 [33mWARN [m [m[main][m [mn.m.n.s.SynchedEntityData.m_135353_(46)[m: defineId called for: class forge.net.mca.entity.VillagerEntityMCA from class forge.net.mca.util.network.datasync.CDataParameter
2025-03-09 02:23:05,034 [33mWARN [m [m[main][m [mn.m.n.s.SynchedEntityData.m_135353_(46)[m: defineId called for: class forge.net.mca.entity.VillagerEntityMCA from class forge.net.mca.util.network.datasync.CDataParameter
2025-03-09 02:23:05,035 [33mWARN [m [m[main][m [mn.m.n.s.SynchedEntityData.m_135353_(46)[m: defineId called for: class forge.net.mca.entity.VillagerEntityMCA from class forge.net.mca.util.network.datasync.CEnumParameter
2025-03-09 02:23:05,043 [33mWARN [m [m[main][m [mn.m.n.s.SynchedEntityData.m_135353_(46)[m: defineId called for: class forge.net.mca.entity.VillagerEntityMCA from class forge.net.mca.util.network.datasync.CDataParameter
2025-03-09 02:23:05,043 [33mWARN [m [m[main][m [mn.m.n.s.SynchedEntityData.m_135353_(46)[m: defineId called for: class forge.net.mca.entity.VillagerEntityMCA from class forge.net.mca.util.network.datasync.CDataParameter
2025-03-09 02:23:05,043 [33mWARN [m [m[main][m [mn.m.n.s.SynchedEntityData.m_135353_(46)[m: defineId called for: class forge.net.mca.entity.VillagerEntityMCA from class forge.net.mca.util.network.datasync.CDataParameter
2025-03-09 02:23:05,045 [33mWARN [m [m[main][m [mn.m.n.s.SynchedEntityData.m_135353_(46)[m: defineId called for: class forge.net.mca.entity.VillagerEntityMCA from class forge.net.mca.util.network.datasync.CDataParameter
2025-03-09 02:23:05,045 [33mWARN [m [m[main][m [mn.m.n.s.SynchedEntityData.m_135353_(46)[m: defineId called for: class forge.net.mca.entity.VillagerEntityMCA from class forge.net.mca.util.network.datasync.CDataParameter
2025-03-09 02:23:05,047 [33mWARN [m [m[main][m [mn.m.n.s.SynchedEntityData.m_135353_(46)[m: defineId called for: class forge.net.mca.entity.VillagerEntityMCA from class forge.net.mca.util.network.datasync.CDataParameter
2025-03-09 02:23:05,047 [33mWARN [m [m[main][m [mn.m.n.s.SynchedEntityData.m_135353_(46)[m: defineId called for: class forge.net.mca.entity.VillagerEntityMCA from class forge.net.mca.util.network.datasync.CDataParameter
2025-03-09 02:23:05,047 [33mWARN [m [m[main][m [mn.m.n.s.SynchedEntityData.m_135353_(46)[m: defineId called for: class forge.net.mca.entity.VillagerEntityMCA from class forge.net.mca.util.network.datasync.CDataParameter
2025-03-09 02:23:05,049 [33mWARN [m [m[main][m [mn.m.n.s.SynchedEntityData.m_135353_(46)[m: defineId called for: class forge.net.mca.entity.VillagerEntityMCA from class forge.net.mca.util.network.datasync.CDataParameter
2025-03-09 02:23:05,049 [33mWARN [m [m[main][m [mn.m.n.s.SynchedEntityData.m_135353_(46)[m: defineId called for: class forge.net.mca.entity.VillagerEntityMCA from class forge.net.mca.util.network.datasync.CDataParameter
2025-03-09 02:23:05,049 [33mWARN [m [m[main][m [mn.m.n.s.SynchedEntityData.m_135353_(46)[m: defineId called for: class forge.net.mca.entity.VillagerEntityMCA from class forge.net.mca.util.network.datasync.CDataParameter
2025-03-09 02:23:05,050 [33mWARN [m [m[main][m [mn.m.n.s.SynchedEntityData.m_135353_(46)[m: defineId called for: class forge.net.mca.entity.VillagerEntityMCA from class forge.net.mca.util.network.datasync.CEnumParameter
2025-03-09 02:23:05,056 [33mWARN [m [m[main][m [mn.m.n.s.SynchedEntityData.m_135353_(46)[m: defineId called for: class forge.net.mca.entity.VillagerEntityMCA from class forge.net.mca.util.network.datasync.CDataParameter
2025-03-09 02:23:05,136 [33mWARN [m [m[main][m [mn.m.n.s.SynchedEntityData.m_135353_(46)[m: defineId called for: class forge.net.mca.entity.VillagerEntityMCA from class forge.net.mca.util.network.datasync.CDataParameter
2025-03-09 02:23:05,136 [33mWARN [m [m[main][m [mn.m.n.s.SynchedEntityData.m_135353_(46)[m: defineId called for: class forge.net.mca.entity.VillagerEntityMCA from class forge.net.mca.util.network.datasync.CEnumParameter
2025-03-09 02:23:05,137 [33mWARN [m [m[main][m [mn.m.n.s.SynchedEntityData.m_135353_(46)[m: defineId called for: class forge.net.mca.entity.VillagerEntityMCA from class forge.net.mca.util.network.datasync.CDataParameter
2025-03-09 02:23:05,137 [33mWARN [m [m[main][m [mn.m.n.s.SynchedEntityData.m_135353_(46)[m: defineId called for: class forge.net.mca.entity.VillagerEntityMCA from class forge.net.mca.util.network.datasync.CEnumParameter
2025-03-09 02:23:05,137 [33mWARN [m [m[main][m [mn.m.n.s.SynchedEntityData.m_135353_(46)[m: defineId called for: class forge.net.mca.entity.VillagerEntityMCA from class forge.net.mca.util.network.datasync.CEnumParameter
2025-03-09 02:23:05,138 [33mWARN [m [m[main][m [mn.m.n.s.SynchedEntityData.m_135353_(46)[m: defineId called for: class forge.net.mca.entity.VillagerEntityMCA from class forge.net.mca.util.network.datasync.CDataParameter
2025-03-09 02:23:05,138 [33mWARN [m [m[main][m [mn.m.n.s.SynchedEntityData.m_135353_(46)[m: defineId called for: class forge.net.mca.entity.VillagerEntityMCA from class forge.net.mca.util.network.datasync.CDataParameter
2025-03-09 02:23:05,139 [33mWARN [m [m[main][m [mn.m.n.s.SynchedEntityData.m_135353_(46)[m: defineId called for: class forge.net.mca.entity.VillagerEntityMCA from class forge.net.mca.util.network.datasync.CDataParameter
2025-03-09 02:23:05,139 [33mWARN [m [m[main][m [mn.m.n.s.SynchedEntityData.m_135353_(46)[m: defineId called for: class forge.net.mca.entity.VillagerEntityMCA from class forge.net.mca.util.network.datasync.CDataParameter
2025-03-09 02:23:05,139 [33mWARN [m [m[main][m [mn.m.n.s.SynchedEntityData.m_135353_(46)[m: defineId called for: class forge.net.mca.entity.VillagerEntityMCA from class forge.net.mca.util.network.datasync.CDataParameter
2025-03-09 02:23:05,373 [33mWARN [m [m[main][m [mn.m.n.s.SynchedEntityData.m_135353_(46)[m: defineId called for: class forge.net.mca.entity.VillagerEntityMCA from class forge.net.mca.util.network.datasync.CDataParameter
2025-03-09 02:23:05,399 [33mWARN [m [m[main][m [mn.m.n.s.SynchedEntityData.m_135353_(46)[m: defineId called for: class forge.net.mca.entity.VillagerEntityMCA from class forge.net.mca.util.network.datasync.CDataParameter
2025-03-09 02:23:05,400 [33mWARN [m [m[main][m [mn.m.n.s.SynchedEntityData.m_135353_(46)[m: defineId called for: class forge.net.mca.entity.VillagerEntityMCA from class forge.net.mca.util.network.datasync.CDataParameter
2025-03-09 02:23:05,409 [33mWARN [m [m[main][m [mn.m.n.s.SynchedEntityData.m_135353_(46)[m: defineId called for: class forge.net.mca.entity.VillagerEntityMCA from class forge.net.mca.util.network.datasync.CDataParameter
2025-03-09 02:23:05,410 [33mWARN [m [m[main][m [mn.m.n.s.SynchedEntityData.m_135353_(46)[m: defineId called for: class forge.net.mca.entity.VillagerEntityMCA from class forge.net.mca.util.network.datasync.CDataParameter
2025-03-09 02:23:05,411 [33mWARN [m [m[main][m [mn.m.n.s.SynchedEntityData.m_135353_(46)[m: defineId called for: class forge.net.mca.entity.VillagerEntityMCA from class forge.net.mca.util.network.datasync.CDataParameter
2025-03-09 02:23:05,412 [33mWARN [m [m[main][m [mn.m.n.s.SynchedEntityData.m_135353_(46)[m: defineId called for: class forge.net.mca.entity.GrimReaperEntity from class forge.net.mca.util.network.datasync.CEnumParameter
2025-03-09 02:23:05,434 [33mWARN [m [m[main][m [mn.m.n.s.SynchedEntityData.m_135353_(46)[m: defineId called for: class net.minecraft.world.entity.animal.Wolf from class com.tihyo.legends.superheroes.entities.projectiles.ChatteringTeethEntity
2025-03-09 02:23:05,435 [33mWARN [m [m[main][m [mn.m.n.s.SynchedEntityData.m_135353_(46)[m: defineId called for: class net.minecraft.world.entity.animal.Wolf from class com.tihyo.legends.superheroes.entities.projectiles.ChatteringTeethEntity
2025-03-09 02:23:05,436 [33mWARN [m [m[main][m [mn.m.n.s.SynchedEntityData.m_135353_(46)[m: defineId called for: class net.minecraft.world.entity.animal.Wolf from class com.tihyo.legends.superheroes.entities.projectiles.ChatteringTeethEntity
2025-03-09 02:23:07,000 [33mWARN [m [m[main][m [mn.m.c.ForgeConfigSpec.setConfig(88)[m: Configuration file /workspaces/plomeros-codespace-2/minecraft-servers/server-v2/config/re8joymod-common.toml is not correct. Correcting
2025-03-09 02:23:07,013 [33mWARN [m [m[main][m [mn.m.c.ForgeConfigSpec.lambda$setConfig$0(91)[m: Incorrect key Configs for Resident Evil 8 Mod.entity.execute was corrected from 0.2 to its default, 0.2. 
2025-03-09 02:23:07,024 [33mWARN [m [m[Thread-0][m [mn.m.f.c.ConfigFileTypeHandler.run(135)[m: Configuration file /workspaces/plomeros-codespace-2/minecraft-servers/server-v2/config/re8joymod-common.toml is not correct. Correcting
2025-03-09 02:23:07,187 [33mWARN [m [m[Thread-0][m [mn.m.f.c.ConfigFileTypeHandler.run(135)[m: Configuration file /workspaces/plomeros-codespace-2/minecraft-servers/server-v2/config/re8joymod-common.toml is not correct. Correcting
2025-03-09 02:23:07,544 [32mINFO [m [m[modloading-worker-0][m [md.b.b.a.ShrinkAPIInteractor.init(17)[m: Initializing Shrink API support for bmorph...
2025-03-09 02:23:07,545 [32mINFO [m [m[modloading-worker-0][m [md.b.b.a.ShrinkAPIInteractor.init(21)[m: Is shrink loaded: false
2025-03-09 02:23:07,546 [32mINFO [m [m[modloading-worker-0][m [md.b.b.a.ShrinkAPIInteractor.init(41)[m: Shrink not detected. Using dummy API instead.
2025-03-09 02:23:07,559 [32mINFO [m [m[modloading-worker-0][m [md.b.b.m.BMorphMod.onCommonSetup(83)[m: Registered capabilities.
2025-03-09 02:23:09,669 [32mINFO [m [m[modloading-worker-0][m [mDungeon Crawl.commonSetup(68)[m: Common Setup
2025-03-09 02:23:09,679 [32mINFO [m [m[modloading-worker-0][m [mevilcraft.log(31)[m: Registered packet handler.
2025-03-09 02:23:09,680 [32mINFO [m [m[modloading-worker-0][m [mevilcraft.log(31)[m: Registered packet handler.
2025-03-09 02:23:09,776 [32mINFO [m [m[modloading-worker-0][m [mc.d.DragonfightMod.setup(50)[m: dragonfight mod initialized
2025-03-09 02:23:09,975 [32mINFO [m [m[modloading-worker-0][m [mc.a.Main.load(68)[m: Apples+ ultimate apple effect config value = true
2025-03-09 02:23:09,987 [32mINFO [m [m[modloading-worker-0][m [md.w.b.BCC.doCommonSetup(42)[m: Better Compatibility Checker setting up
2025-03-09 02:23:10,651 [32mINFO [m [m[modloading-worker-0][m [mn.m.r.GameData.checkPrefix(946)[m: Potentially Dangerous alternative prefix `legends_superheroes` for name `webshot`, expected `legendsmod`. This could be a intended override, but in most cases indicates a broken mod.
2025-03-09 02:23:10,659 [32mINFO [m [m[modloading-worker-0][m [mc.t.l.LegendsMod.commonSetup(93)[m: Legends Mod starting up
2025-03-09 02:23:10,785 [32mINFO [m [m[modloading-worker-0][m [mc.t.l.LegendsMod.setup(29)[m: legendsmod has added 4 gamerules
2025-03-09 02:23:10,961 [32mINFO [m [m[modloading-worker-0][m [mc.t.l.LegendsMod.commonSetup(101)[m: Legends Pack: Superheroes starting up
2025-03-09 02:23:10,966 [32mINFO [m [m[modloading-worker-0][m [mp.b.BYG.commonLoad(58)[m: BYG: "Common Setup" Event Complete!
2025-03-09 02:23:11,086 [32mINFO [m [m[modloading-worker-0][m [mp.b.BYG.readConfig(118)[m: "/workspaces/plomeros-codespace-2/minecraft-servers/server-v2/config/byg/end-biomes.json5" was read.
2025-03-09 02:23:11,159 [32mINFO [m [m[modloading-worker-0][m [mp.b.BYG.readConfig(119)[m: "/workspaces/plomeros-codespace-2/minecraft-servers/server-v2/config/byg/nether-biomes.json5" was read.
2025-03-09 02:23:11,231 [32mINFO [m [m[modloading-worker-0][m [mc.e.EnhancedCelestials.init(28)[m: Initialized enhancedcelestials network!
2025-03-09 02:23:11,412 [32mINFO [m [m[modloading-worker-0][m [mp.b.BYG.readConfig(102)[m: "/workspaces/plomeros-codespace-2/minecraft-servers/server-v2/config/byg/overworld/byg-overworld-biomes.json5" was read.
2025-03-09 02:23:11,417 [32mINFO [m [m[modloading-worker-0][m [mp.b.BYG.readConfig(117)[m: "/workspaces/plomeros-codespace-2/minecraft-servers/server-v2/config/byg/byg-biome-dictionary.json" was read.
2025-03-09 02:23:11,473 [32mINFO [m [m[modloading-worker-0][m [mp.b.BYG.lambda$readConfig$2(57)[m: "/workspaces/plomeros-codespace-2/minecraft-servers/server-v2/config/byg/surface_rules/end_surface_rules.json5" was read.
2025-03-09 02:23:11,482 [32mINFO [m [m[modloading-worker-0][m [mp.b.BYG.lambda$readConfig$2(57)[m: "/workspaces/plomeros-codespace-2/minecraft-servers/server-v2/config/byg/surface_rules/nether_surface_rules.json5" was read.
2025-03-09 02:23:11,506 [32mINFO [m [m[modloading-worker-0][m [mp.b.BYG.lambda$readConfig$2(57)[m: "/workspaces/plomeros-codespace-2/minecraft-servers/server-v2/config/byg/surface_rules/overworld_surface_rules.json5" was read.
2025-03-09 02:23:11,612 [32mINFO [m [m[modloading-worker-0][m [mp.b.BYG.readConfig(718)[m: "/workspaces/plomeros-codespace-2/minecraft-servers/server-v2/config/byg/growing-patterns.json5" was read.
2025-03-09 02:23:11,674 [32mINFO [m [m[modloading-worker-0][m [mp.b.BYG.readConfig(62)[m: "/workspaces/plomeros-codespace-2/minecraft-servers/server-v2/config/byg/trades.json5" was read.
2025-03-09 02:23:11,709 [32mINFO [m [m[modloading-worker-0][m [mp.b.BYG.readConfig(58)[m: "/workspaces/plomeros-codespace-2/minecraft-servers/server-v2/config/byg/settings.json5" was read.
2025-03-09 02:23:11,716 [32mINFO [m [m[modloading-worker-0][m [mp.b.BYG.readConfig(51)[m: "/workspaces/plomeros-codespace-2/minecraft-servers/server-v2/config/byg/biomepedia.json5" was read.
2025-03-09 02:23:11,954 [32mINFO [m [m[modloading-worker-0][m [mp.b.BYG.backUpDirectory(31)[m: Created compressed zip back up for "/workspaces/plomeros-codespace-2/minecraft-servers/server-v2/config/byg" in "/workspaces/plomeros-codespace-2/minecraft-servers/server-v2/config/byg/backups/last_working_configs_backup.zip"
2025-03-09 02:23:11,976 [32mINFO [m [m[modloading-worker-0][m [mp.b.BYG.strippableLogsBYG(79)[m: BYG: Added strippable Blocks...
2025-03-09 02:23:12,031 [32mINFO [m [m[main][m [mDungeon Crawl.register(55)[m: Registering Structure Piece Types
2025-03-09 02:23:12,280 [32mINFO [m [m[main][m [mp.b.BYG.lambda$static$0(16)[m: Initializing BYG network...
2025-03-09 02:23:12,294 [32mINFO [m [m[main][m [mp.b.BYG.lambda$static$0(22)[m: Initialized BYG network!
2025-03-09 02:23:12,361 [32mINFO [m [m[main][m [mterrablender.register(47)[m: Registered region minecraft:overworld to index 0 for type OVERWORLD
2025-03-09 02:23:12,362 [32mINFO [m [m[main][m [mterrablender.register(47)[m: Registered region minecraft:nether to index 0 for type NETHER
2025-03-09 02:23:12,362 [32mINFO [m [m[main][m [mterrablender.register(47)[m: Registered region byg:region_0 to index 1 for type OVERWORLD
2025-03-09 02:23:12,363 [32mINFO [m [m[main][m [mterrablender.register(47)[m: Registered region byg:region_1 to index 2 for type OVERWORLD
2025-03-09 02:23:12,366 [32mINFO [m [m[main][m [mterrablender.register(47)[m: Registered region byg:region_2 to index 3 for type OVERWORLD
2025-03-09 02:23:12,377 [32mINFO [m [m[main][m [mterrablender.register(47)[m: Registered region byg:region_3 to index 4 for type OVERWORLD
2025-03-09 02:23:12,381 [32mINFO [m [m[modloading-worker-0][m [mi.e.ExtrautilitiesrebirthMod.execute(25)[m: Extra Utilities Reborn successfully loaded!
2025-03-09 02:23:12,492 [32mINFO [m [m[modloading-worker-0][m [mc.e.n.NightmareMain.processIMC(421)[m: Got IMC []
2025-03-09 02:23:12,596 [32mINFO [m [m[main][m [mp.b.BYG.compostablesBYG(236)[m: BYG: Compostable Blocks Added!
2025-03-09 02:23:12,598 [32mINFO [m [m[main][m [mp.b.BYG.tillablesBYG(25)[m: BYG: Added tillables!
2025-03-09 02:23:12,608 [32mINFO [m [m[main][m [mp.b.BYG.flammablesBYG(371)[m: BYG: Added Flammables!
2025-03-09 02:23:12,610 [32mINFO [m [m[main][m [mp.b.BYG.threadSafeLoadFinish(139)[m: BYG: "Load Complete" Event Complete!
2025-03-09 02:23:19,074 [32mINFO [m [m[main][m [mc.m.a.y.YggdrasilAuthenticationService.<init>(72)[m: Environment: authHost='https://authserver.mojang.com', accountsHost='https://api.mojang.com', sessionHost='https://sessionserver.mojang.com', servicesHost='https://api.minecraftservices.com', name='PROD'
2025-03-09 02:23:25,005 [33mWARN [m [m[main][m [mn.m.s.p.VanillaPackResources.m_182299_(58)[m: Assets URL 'union:/workspaces/plomeros-codespace-2/minecraft-servers/server-v2/libraries/net/minecraft/server/1.18.2-20220404.173914/server-1.18.2-20220404.173914-srg.jar%23116!/assets/.mcassetsroot' uses unexpected schema
2025-03-09 02:23:25,006 [33mWARN [m [m[main][m [mn.m.s.p.VanillaPackResources.m_182299_(58)[m: Assets URL 'union:/workspaces/plomeros-codespace-2/minecraft-servers/server-v2/libraries/net/minecraft/server/1.18.2-20220404.173914/server-1.18.2-20220404.173914-srg.jar%23116!/data/.mcassetsroot' uses unexpected schema
2025-03-09 02:23:26,442 [1;31mERROR[m [m[main][m [mn.m.Util.m_143785_(408)[m: Adding duplicate key 'ResourceKey[minecraft:worldgen/configured_feature / minecraft:titanium_ore]' to registry
2025-03-09 02:23:32,870 [32mINFO [m [m[main][m [md.b.b.m.ServerSetup.onServerReloaded(36)[m: Registered morph commands.
2025-03-09 02:23:33,092 [33mWARN [m [m[main][m [mn.m.c.Commands.m_82107_(214)[m: Ambiguity between arguments [teleport, location] and [teleport, destination] with inputs: [0.1 -0.5 .9, 0 0 0]
2025-03-09 02:23:33,101 [33mWARN [m [m[main][m [mn.m.c.Commands.m_82107_(214)[m: Ambiguity between arguments [teleport, location] and [teleport, targets] with inputs: [0.1 -0.5 .9, 0 0 0]
2025-03-09 02:23:33,112 [33mWARN [m [m[main][m [mn.m.c.Commands.m_82107_(214)[m: Ambiguity between arguments [teleport, destination] and [teleport, targets] with inputs: [Player, 0123, @e, dd12be42-52a9-4a91-a8a1-11c01849e498]
2025-03-09 02:23:33,114 [33mWARN [m [m[main][m [mn.m.c.Commands.m_82107_(214)[m: Ambiguity between arguments [teleport, targets] and [teleport, destination] with inputs: [Player, 0123, dd12be42-52a9-4a91-a8a1-11c01849e498]
2025-03-09 02:23:33,115 [33mWARN [m [m[main][m [mn.m.c.Commands.m_82107_(214)[m: Ambiguity between arguments [teleport, targets, location] and [teleport, targets, destination] with inputs: [0.1 -0.5 .9, 0 0 0]
2025-03-09 02:23:33,134 [33mWARN [m [m[main][m [mn.m.c.Commands.m_82107_(214)[m: Ambiguity between arguments [cofh, ignite, duration] and [cofh, ignite, targets] with inputs: [0, -123, 123]
2025-03-09 02:23:33,142 [33mWARN [m [m[main][m [mn.m.c.Commands.m_82107_(214)[m: Ambiguity between arguments [cofh, ignite, targets] and [cofh, ignite, duration] with inputs: [0123]
2025-03-09 02:23:33,143 [33mWARN [m [m[main][m [mn.m.c.Commands.m_82107_(214)[m: Ambiguity between arguments [cofh, invis, flag] and [cofh, invis, targets] with inputs: [true, false]
2025-03-09 02:23:33,147 [33mWARN [m [m[main][m [mn.m.c.Commands.m_82107_(214)[m: Ambiguity between arguments [cofh, invuln, flag] and [cofh, invuln, targets] with inputs: [true, false]
2025-03-09 02:23:36,259 [1;31mERROR[m [m[Worker-Main-6][m [mn.m.t.TagLoader.m_144495_(98)[m: Couldn't read tag list minecraft:fossil_ore from minecraft:tags/blocks/fossil_ore.json in data pack alternacraft-1.18.2-PART 1.jar
com.google.gson.JsonSyntaxException: Missing values, expected to find a JsonArray
	at net.minecraft.util.GsonHelper.m_13933_(GsonHelper.java:432) ~[server-1.18.2-20220404.173914-srg.jar%23116!/:?]
	at net.minecraft.tags.Tag$Builder.m_13312_(Tag.java:113) ~[server-1.18.2-20220404.173914-srg.jar%23116!/:?]
	at net.minecraft.tags.TagLoader.m_144495_(TagLoader.java:69) ~[server-1.18.2-20220404.173914-srg.jar%23116!/:?]
	at net.minecraft.tags.TagLoader.m_203900_(TagLoader.java:169) ~[server-1.18.2-20220404.173914-srg.jar%23116!/:?]
	at net.minecraft.tags.TagManager.m_203920_(TagManager.java:54) ~[server-1.18.2-20220404.173914-srg.jar%23116!/:?]
	at java.util.concurrent.CompletableFuture$AsyncSupply.run(CompletableFuture.java:1768) [?:?]
	at java.util.concurrent.CompletableFuture$AsyncSupply.exec(CompletableFuture.java:1760) [?:?]
	at java.util.concurrent.ForkJoinTask.doExec(ForkJoinTask.java:387) [?:?]
	at java.util.concurrent.ForkJoinPool$WorkQueue.topLevelExec(ForkJoinPool.java:1312) [?:?]
	at java.util.concurrent.ForkJoinPool.scan(ForkJoinPool.java:1843) [?:?]
	at java.util.concurrent.ForkJoinPool.runWorker(ForkJoinPool.java:1808) [?:?]
	at java.util.concurrent.ForkJoinWorkerThread.run(ForkJoinWorkerThread.java:188) [?:?]
2025-03-09 02:23:36,481 [1;31mERROR[m [m[Worker-Main-6][m [mn.m.t.TagLoader.m_144495_(98)[m: Couldn't read tag list minecraft:painite_ore from minecraft:tags/blocks/painite_ore.json in data pack alternacraft-1.18.2-PART 1.jar
com.google.gson.JsonSyntaxException: Missing values, expected to find a JsonArray
	at net.minecraft.util.GsonHelper.m_13933_(GsonHelper.java:432) ~[server-1.18.2-20220404.173914-srg.jar%23116!/:?]
	at net.minecraft.tags.Tag$Builder.m_13312_(Tag.java:113) ~[server-1.18.2-20220404.173914-srg.jar%23116!/:?]
	at net.minecraft.tags.TagLoader.m_144495_(TagLoader.java:69) ~[server-1.18.2-20220404.173914-srg.jar%23116!/:?]
	at net.minecraft.tags.TagLoader.m_203900_(TagLoader.java:169) ~[server-1.18.2-20220404.173914-srg.jar%23116!/:?]
	at net.minecraft.tags.TagManager.m_203920_(TagManager.java:54) ~[server-1.18.2-20220404.173914-srg.jar%23116!/:?]
	at java.util.concurrent.CompletableFuture$AsyncSupply.run(CompletableFuture.java:1768) [?:?]
	at java.util.concurrent.CompletableFuture$AsyncSupply.exec(CompletableFuture.java:1760) [?:?]
	at java.util.concurrent.ForkJoinTask.doExec(ForkJoinTask.java:387) [?:?]
	at java.util.concurrent.ForkJoinPool$WorkQueue.topLevelExec(ForkJoinPool.java:1312) [?:?]
	at java.util.concurrent.ForkJoinPool.scan(ForkJoinPool.java:1843) [?:?]
	at java.util.concurrent.ForkJoinPool.runWorker(ForkJoinPool.java:1808) [?:?]
	at java.util.concurrent.ForkJoinWorkerThread.run(ForkJoinWorkerThread.java:188) [?:?]
2025-03-09 02:23:36,601 [1;31mERROR[m [m[Worker-Main-6][m [mn.m.t.TagLoader.m_144495_(98)[m: Couldn't read tag list minecraft:titanium_ore from minecraft:tags/blocks/titanium_ore.json in data pack alternacraft-1.18.2-PART 1.jar
com.google.gson.JsonSyntaxException: Missing values, expected to find a JsonArray
	at net.minecraft.util.GsonHelper.m_13933_(GsonHelper.java:432) ~[server-1.18.2-20220404.173914-srg.jar%23116!/:?]
	at net.minecraft.tags.Tag$Builder.m_13312_(Tag.java:113) ~[server-1.18.2-20220404.173914-srg.jar%23116!/:?]
	at net.minecraft.tags.TagLoader.m_144495_(TagLoader.java:69) ~[server-1.18.2-20220404.173914-srg.jar%23116!/:?]
	at net.minecraft.tags.TagLoader.m_203900_(TagLoader.java:169) ~[server-1.18.2-20220404.173914-srg.jar%23116!/:?]
	at net.minecraft.tags.TagManager.m_203920_(TagManager.java:54) ~[server-1.18.2-20220404.173914-srg.jar%23116!/:?]
	at java.util.concurrent.CompletableFuture$AsyncSupply.run(CompletableFuture.java:1768) [?:?]
	at java.util.concurrent.CompletableFuture$AsyncSupply.exec(CompletableFuture.java:1760) [?:?]
	at java.util.concurrent.ForkJoinTask.doExec(ForkJoinTask.java:387) [?:?]
	at java.util.concurrent.ForkJoinPool$WorkQueue.topLevelExec(ForkJoinPool.java:1312) [?:?]
	at java.util.concurrent.ForkJoinPool.scan(ForkJoinPool.java:1843) [?:?]
	at java.util.concurrent.ForkJoinPool.runWorker(ForkJoinPool.java:1808) [?:?]
	at java.util.concurrent.ForkJoinWorkerThread.run(ForkJoinWorkerThread.java:188) [?:?]
2025-03-09 02:23:37,713 [1;31mERROR[m [m[Worker-Main-5][m [mn.m.t.TagLoader.m_144541_(159)[m: Couldn't load tag forge:certificates/ultimate as it is missing following references: tac:ultimate_certificate (from tac-0.3.10.1-1.18.2.jar)
2025-03-09 02:23:37,729 [1;31mERROR[m [m[Worker-Main-5][m [mn.m.t.TagLoader.m_144541_(159)[m: Couldn't load tag forge:pink_items as it is missing following references: minecraft:potted_pink_tulip (from extra-utilities-reborn-1.7.4-release.jar), 
	minecraft:pink_candle_cake (from extra-utilities-reborn-1.7.4-release.jar), 
	minecraft:pink_wall_banner (from extra-utilities-reborn-1.7.4-release.jar)
2025-03-09 02:23:37,733 [1;31mERROR[m [m[Worker-Main-5][m [mn.m.t.TagLoader.m_144541_(159)[m: Couldn't load tag forge:frosty_gen_tag as it is missing following references: minecraft:frosted_ice (from extra-utilities-reborn-1.7.4-release.jar), 
	minecraft:powder_snow (from extra-utilities-reborn-1.7.4-release.jar)
2025-03-09 02:23:37,736 [1;31mERROR[m [m[Worker-Main-5][m [mn.m.t.TagLoader.m_144541_(159)[m: Couldn't load tag forge:certificates/legendary as it is missing following references: tac:legendary_certificate (from tac-0.3.10.1-1.18.2.jar)
2025-03-09 02:23:39,405 [1;31mERROR[m [m[Worker-Main-6][m [mn.m.t.TagLoader.m_144541_(159)[m: Couldn't load tag bmorph:attributes_blacklisted_for_copy as it is missing following references: epicfight:staminar (from bmorph-1.18.2-2.0.2.jar), 
	epicfight:stamina_regen (from bmorph-1.18.2-2.0.2.jar), 
	epicfight:stun_armor (from bmorph-1.18.2-2.0.2.jar), 
	epicfight:weight (from bmorph-1.18.2-2.0.2.jar), 
	epicfight:max_strikes (from bmorph-1.18.2-2.0.2.jar), 
	epicfight:armor_negation (from bmorph-1.18.2-2.0.2.jar), 
	epicfight:impact (from bmorph-1.18.2-2.0.2.jar), 
	epicfight:offhand_attack_speed (from bmorph-1.18.2-2.0.2.jar), 
	epicfight:offhand_max_strikes (from bmorph-1.18.2-2.0.2.jar), 
	epicfight:offhand_armor_negation (from bmorph-1.18.2-2.0.2.jar), 
	epicfight:offhand_impact (from bmorph-1.18.2-2.0.2.jar), 
	epicfight:execution_resistance (from bmorph-1.18.2-2.0.2.jar)
2025-03-09 02:23:50,657 [32mINFO [m [m[Worker-Main-6][m [mtac.prepare(62)[m: YO_DATA_GUN
2025-03-09 02:23:52,440 [1;31mERROR[m [m[Worker-Main-4][m [mn.m.w.i.c.RecipeManager.m_5787_(77)[m: Parsing error loading recipe rpgsmw:aosa
com.google.gson.JsonSyntaxException: Unknown item 'rpgsmw:deleted_mod_element'
	at net.minecraft.world.item.crafting.ShapedRecipe.m_151280_(ShapedRecipe.java:343) ~[server-1.18.2-20220404.173914-srg.jar%23116!/:?]
	at java.util.Optional.orElseThrow(Optional.java:403) ~[?:?]
	at net.minecraft.world.item.crafting.ShapedRecipe.m_151278_(ShapedRecipe.java:342) ~[server-1.18.2-20220404.173914-srg.jar%23116!/:?]
	at net.minecraft.world.item.crafting.Ingredient.m_43919_(Ingredient.java:233) ~[server-1.18.2-20220404.173914-srg.jar%23116!/:?]
	at net.minecraftforge.common.crafting.VanillaIngredientSerializer.parse(VanillaIngredientSerializer.java:27) ~[forge-1.18.2-40.2.21-universal.jar%23121!/:?]
	at net.minecraftforge.common.crafting.CraftingHelper.getIngredient(CraftingHelper.java:143) ~[forge-1.18.2-40.2.21-universal.jar%23121!/:?]
	at net.minecraft.world.item.crafting.Ingredient.m_43917_(Ingredient.java:208) ~[server-1.18.2-20220404.173914-srg.jar%23116!/:?]
	at net.minecraft.world.item.crafting.SimpleCookingSerializer.m_6729_(SimpleCookingSerializer.java:23) ~[server-1.18.2-20220404.173914-srg.jar%23116!/:?]
	at net.minecraft.world.item.crafting.SimpleCookingSerializer.m_6729_(SimpleCookingSerializer.java:11) ~[server-1.18.2-20220404.173914-srg.jar%23116!/:?]
	at net.minecraftforge.common.extensions.IForgeRecipeSerializer.fromJson(IForgeRecipeSerializer.java:23) ~[forge-1.18.2-40.2.21-universal.jar%23121!/:?]
	at net.minecraft.world.item.crafting.RecipeManager.fromJson(RecipeManager.java:201) ~[server-1.18.2-20220404.173914-srg.jar%23116!/:?]
	at net.minecraft.world.item.crafting.RecipeManager.m_5787_(RecipeManager.java:67) ~[server-1.18.2-20220404.173914-srg.jar%23116!/:?]
	at net.minecraft.world.item.crafting.RecipeManager.m_5787_(RecipeManager.java:33) ~[server-1.18.2-20220404.173914-srg.jar%23116!/:?]
	at net.minecraft.server.packs.resources.SimplePreparableReloadListener.m_10789_(SimplePreparableReloadListener.java:13) ~[server-1.18.2-20220404.173914-srg.jar%23116!/:?]
	at java.util.concurrent.CompletableFuture$UniAccept.tryFire(CompletableFuture.java:718) ~[?:?]
	at java.util.concurrent.CompletableFuture$Completion.run(CompletableFuture.java:482) ~[?:?]
	at net.minecraft.server.packs.resources.SimpleReloadInstance.m_143940_(SimpleReloadInstance.java:69) ~[server-1.18.2-20220404.173914-srg.jar%23116!/:?]
	at net.minecraft.server.packs.resources.SimpleReloadInstance.m_10834_(SimpleReloadInstance.java:68) ~[server-1.18.2-20220404.173914-srg.jar%23116!/:?]
	at java.util.concurrent.CompletableFuture$UniCompletion.claim(CompletableFuture.java:572) ~[?:?]
	at java.util.concurrent.CompletableFuture$UniAccept.tryFire(CompletableFuture.java:714) ~[?:?]
	at java.util.concurrent.CompletableFuture.postComplete(CompletableFuture.java:510) ~[?:?]
	at java.util.concurrent.CompletableFuture.postFire(CompletableFuture.java:614) ~[?:?]
	at java.util.concurrent.CompletableFuture$UniAccept.tryFire(CompletableFuture.java:726) ~[?:?]
	at java.util.concurrent.CompletableFuture$Completion.run(CompletableFuture.java:482) ~[?:?]
	at net.minecraft.server.packs.resources.SimpleReloadInstance.m_143940_(SimpleReloadInstance.java:69) ~[server-1.18.2-20220404.173914-srg.jar%23116!/:?]
	at net.minecraft.server.packs.resources.SimpleReloadInstance.m_10834_(SimpleReloadInstance.java:68) ~[server-1.18.2-20220404.173914-srg.jar%23116!/:?]
	at java.util.concurrent.CompletableFuture$UniCompletion.claim(CompletableFuture.java:572) ~[?:?]
	at java.util.concurrent.CompletableFuture$UniAccept.tryFire(CompletableFuture.java:714) ~[?:?]
	at java.util.concurrent.CompletableFuture.postComplete(CompletableFuture.java:510) ~[?:?]
	at java.util.concurrent.CompletableFuture.postFire(CompletableFuture.java:614) ~[?:?]
	at java.util.concurrent.CompletableFuture$UniAccept.tryFire(CompletableFuture.java:726) ~[?:?]
	at java.util.concurrent.CompletableFuture$Completion.run(CompletableFuture.java:482) ~[?:?]
	at net.minecraft.server.packs.resources.SimpleReloadInstance.m_143940_(SimpleReloadInstance.java:69) ~[server-1.18.2-20220404.173914-srg.jar%23116!/:?]
	at net.minecraft.server.packs.resources.SimpleReloadInstance.m_10834_(SimpleReloadInstance.java:68) ~[server-1.18.2-20220404.173914-srg.jar%23116!/:?]
	at java.util.concurrent.CompletableFuture$UniCompletion.claim(CompletableFuture.java:572) ~[?:?]
	at java.util.concurrent.CompletableFuture$UniAccept.tryFire(CompletableFuture.java:714) ~[?:?]
	at java.util.concurrent.CompletableFuture.postComplete(CompletableFuture.java:510) ~[?:?]
	at java.util.concurrent.CompletableFuture.complete(CompletableFuture.java:2179) ~[?:?]
	at net.minecraft.server.packs.resources.SimpleReloadInstance$1.m_10855_(SimpleReloadInstance.java:51) ~[server-1.18.2-20220404.173914-srg.jar%23116!/:?]
	at net.minecraft.server.packs.resources.SimpleReloadInstance$1.m_6769_(SimpleReloadInstance.java:48) ~[server-1.18.2-20220404.173914-srg.jar%23116!/:?]
	at java.util.concurrent.CompletableFuture$UniCompose.tryFire(CompletableFuture.java:1150) [?:?]
	at java.util.concurrent.CompletableFuture.postComplete(CompletableFuture.java:510) [?:?]
	at java.util.concurrent.CompletableFuture$AsyncSupply.run(CompletableFuture.java:1773) [?:?]
	at java.util.concurrent.CompletableFuture$AsyncSupply.exec(CompletableFuture.java:1760) [?:?]
	at java.util.concurrent.ForkJoinTask.doExec(ForkJoinTask.java:387) [?:?]
	at java.util.concurrent.ForkJoinPool$WorkQueue.topLevelExec(ForkJoinPool.java:1312) [?:?]
	at java.util.concurrent.ForkJoinPool.scan(ForkJoinPool.java:1843) [?:?]
	at java.util.concurrent.ForkJoinPool.runWorker(ForkJoinPool.java:1808) [?:?]
	at java.util.concurrent.ForkJoinWorkerThread.run(ForkJoinWorkerThread.java:188) [?:?]
2025-03-09 02:23:52,481 [1;31mERROR[m [m[Worker-Main-4][m [mn.m.w.i.c.RecipeManager.m_5787_(77)[m: Parsing error loading recipe useless_sword:fiery_fossilizer_recipe
com.google.gson.JsonSyntaxException: Unknown item 'druidcraft:amber'
	at net.minecraft.world.item.crafting.ShapedRecipe.m_151280_(ShapedRecipe.java:343) ~[server-1.18.2-20220404.173914-srg.jar%23116!/:?]
	at java.util.Optional.orElseThrow(Optional.java:403) ~[?:?]
	at net.minecraft.world.item.crafting.ShapedRecipe.m_151278_(ShapedRecipe.java:342) ~[server-1.18.2-20220404.173914-srg.jar%23116!/:?]
	at net.minecraft.world.item.crafting.Ingredient.m_43919_(Ingredient.java:233) ~[server-1.18.2-20220404.173914-srg.jar%23116!/:?]
	at net.minecraftforge.common.crafting.VanillaIngredientSerializer.parse(VanillaIngredientSerializer.java:27) ~[forge-1.18.2-40.2.21-universal.jar%23121!/:?]
	at net.minecraftforge.common.crafting.CraftingHelper.getIngredient(CraftingHelper.java:143) ~[forge-1.18.2-40.2.21-universal.jar%23121!/:?]
	at net.minecraft.world.item.crafting.Ingredient.m_43917_(Ingredient.java:208) ~[server-1.18.2-20220404.173914-srg.jar%23116!/:?]
	at net.minecraft.world.item.crafting.ShapedRecipe.m_44210_(ShapedRecipe.java:329) ~[server-1.18.2-20220404.173914-srg.jar%23116!/:?]
	at net.minecraft.world.item.crafting.ShapedRecipe$Serializer.m_6729_(ShapedRecipe.java:356) ~[server-1.18.2-20220404.173914-srg.jar%23116!/:?]
	at net.minecraft.world.item.crafting.ShapedRecipe$Serializer.m_6729_(ShapedRecipe.java:352) ~[server-1.18.2-20220404.173914-srg.jar%23116!/:?]
	at net.minecraftforge.common.extensions.IForgeRecipeSerializer.fromJson(IForgeRecipeSerializer.java:23) ~[forge-1.18.2-40.2.21-universal.jar%23121!/:?]
	at net.minecraft.world.item.crafting.RecipeManager.fromJson(RecipeManager.java:201) ~[server-1.18.2-20220404.173914-srg.jar%23116!/:?]
	at net.minecraft.world.item.crafting.RecipeManager.m_5787_(RecipeManager.java:67) ~[server-1.18.2-20220404.173914-srg.jar%23116!/:?]
	at net.minecraft.world.item.crafting.RecipeManager.m_5787_(RecipeManager.java:33) ~[server-1.18.2-20220404.173914-srg.jar%23116!/:?]
	at net.minecraft.server.packs.resources.SimplePreparableReloadListener.m_10789_(SimplePreparableReloadListener.java:13) ~[server-1.18.2-20220404.173914-srg.jar%23116!/:?]
	at java.util.concurrent.CompletableFuture$UniAccept.tryFire(CompletableFuture.java:718) ~[?:?]
	at java.util.concurrent.CompletableFuture$Completion.run(CompletableFuture.java:482) ~[?:?]
	at net.minecraft.server.packs.resources.SimpleReloadInstance.m_143940_(SimpleReloadInstance.java:69) ~[server-1.18.2-20220404.173914-srg.jar%23116!/:?]
	at net.minecraft.server.packs.resources.SimpleReloadInstance.m_10834_(SimpleReloadInstance.java:68) ~[server-1.18.2-20220404.173914-srg.jar%23116!/:?]
	at java.util.concurrent.CompletableFuture$UniCompletion.claim(CompletableFuture.java:572) ~[?:?]
	at java.util.concurrent.CompletableFuture$UniAccept.tryFire(CompletableFuture.java:714) ~[?:?]
	at java.util.concurrent.CompletableFuture.postComplete(CompletableFuture.java:510) ~[?:?]
	at java.util.concurrent.CompletableFuture.postFire(CompletableFuture.java:614) ~[?:?]
	at java.util.concurrent.CompletableFuture$UniAccept.tryFire(CompletableFuture.java:726) ~[?:?]
	at java.util.concurrent.CompletableFuture$Completion.run(CompletableFuture.java:482) ~[?:?]
	at net.minecraft.server.packs.resources.SimpleReloadInstance.m_143940_(SimpleReloadInstance.java:69) ~[server-1.18.2-20220404.173914-srg.jar%23116!/:?]
	at net.minecraft.server.packs.resources.SimpleReloadInstance.m_10834_(SimpleReloadInstance.java:68) ~[server-1.18.2-20220404.173914-srg.jar%23116!/:?]
	at java.util.concurrent.CompletableFuture$UniCompletion.claim(CompletableFuture.java:572) ~[?:?]
	at java.util.concurrent.CompletableFuture$UniAccept.tryFire(CompletableFuture.java:714) ~[?:?]
	at java.util.concurrent.CompletableFuture.postComplete(CompletableFuture.java:510) ~[?:?]
	at java.util.concurrent.CompletableFuture.postFire(CompletableFuture.java:614) ~[?:?]
	at java.util.concurrent.CompletableFuture$UniAccept.tryFire(CompletableFuture.java:726) ~[?:?]
	at java.util.concurrent.CompletableFuture$Completion.run(CompletableFuture.java:482) ~[?:?]
	at net.minecraft.server.packs.resources.SimpleReloadInstance.m_143940_(SimpleReloadInstance.java:69) ~[server-1.18.2-20220404.173914-srg.jar%23116!/:?]
	at net.minecraft.server.packs.resources.SimpleReloadInstance.m_10834_(SimpleReloadInstance.java:68) ~[server-1.18.2-20220404.173914-srg.jar%23116!/:?]
	at java.util.concurrent.CompletableFuture$UniCompletion.claim(CompletableFuture.java:572) ~[?:?]
	at java.util.concurrent.CompletableFuture$UniAccept.tryFire(CompletableFuture.java:714) ~[?:?]
	at java.util.concurrent.CompletableFuture.postComplete(CompletableFuture.java:510) ~[?:?]
	at java.util.concurrent.CompletableFuture.complete(CompletableFuture.java:2179) ~[?:?]
	at net.minecraft.server.packs.resources.SimpleReloadInstance$1.m_10855_(SimpleReloadInstance.java:51) ~[server-1.18.2-20220404.173914-srg.jar%23116!/:?]
	at net.minecraft.server.packs.resources.SimpleReloadInstance$1.m_6769_(SimpleReloadInstance.java:48) ~[server-1.18.2-20220404.173914-srg.jar%23116!/:?]
	at java.util.concurrent.CompletableFuture$UniCompose.tryFire(CompletableFuture.java:1150) [?:?]
	at java.util.concurrent.CompletableFuture.postComplete(CompletableFuture.java:510) [?:?]
	at java.util.concurrent.CompletableFuture$AsyncSupply.run(CompletableFuture.java:1773) [?:?]
	at java.util.concurrent.CompletableFuture$AsyncSupply.exec(CompletableFuture.java:1760) [?:?]
	at java.util.concurrent.ForkJoinTask.doExec(ForkJoinTask.java:387) [?:?]
	at java.util.concurrent.ForkJoinPool$WorkQueue.topLevelExec(ForkJoinPool.java:1312) [?:?]
	at java.util.concurrent.ForkJoinPool.scan(ForkJoinPool.java:1843) [?:?]
	at java.util.concurrent.ForkJoinPool.runWorker(ForkJoinPool.java:1808) [?:?]
	at java.util.concurrent.ForkJoinWorkerThread.run(ForkJoinWorkerThread.java:188) [?:?]
2025-03-09 02:23:52,507 [1;31mERROR[m [m[Worker-Main-4][m [mn.m.w.i.c.RecipeManager.m_5787_(77)[m: Parsing error loading recipe useless_sword:life_draining_sword_recipe
com.google.gson.JsonSyntaxException: Unknown item 'twilightforest:carminite'
	at net.minecraft.world.item.crafting.ShapedRecipe.m_151280_(ShapedRecipe.java:343) ~[server-1.18.2-20220404.173914-srg.jar%23116!/:?]
	at java.util.Optional.orElseThrow(Optional.java:403) ~[?:?]
	at net.minecraft.world.item.crafting.ShapedRecipe.m_151278_(ShapedRecipe.java:342) ~[server-1.18.2-20220404.173914-srg.jar%23116!/:?]
	at net.minecraft.world.item.crafting.Ingredient.m_43919_(Ingredient.java:233) ~[server-1.18.2-20220404.173914-srg.jar%23116!/:?]
	at net.minecraftforge.common.crafting.VanillaIngredientSerializer.parse(VanillaIngredientSerializer.java:27) ~[forge-1.18.2-40.2.21-universal.jar%23121!/:?]
	at net.minecraftforge.common.crafting.CraftingHelper.getIngredient(CraftingHelper.java:143) ~[forge-1.18.2-40.2.21-universal.jar%23121!/:?]
	at net.minecraft.world.item.crafting.Ingredient.m_43917_(Ingredient.java:208) ~[server-1.18.2-20220404.173914-srg.jar%23116!/:?]
	at net.minecraft.world.item.crafting.ShapedRecipe.m_44210_(ShapedRecipe.java:329) ~[server-1.18.2-20220404.173914-srg.jar%23116!/:?]
	at net.minecraft.world.item.crafting.ShapedRecipe$Serializer.m_6729_(ShapedRecipe.java:356) ~[server-1.18.2-20220404.173914-srg.jar%23116!/:?]
	at net.minecraft.world.item.crafting.ShapedRecipe$Serializer.m_6729_(ShapedRecipe.java:352) ~[server-1.18.2-20220404.173914-srg.jar%23116!/:?]
	at net.minecraftforge.common.extensions.IForgeRecipeSerializer.fromJson(IForgeRecipeSerializer.java:23) ~[forge-1.18.2-40.2.21-universal.jar%23121!/:?]
	at net.minecraft.world.item.crafting.RecipeManager.fromJson(RecipeManager.java:201) ~[server-1.18.2-20220404.173914-srg.jar%23116!/:?]
	at net.minecraft.world.item.crafting.RecipeManager.m_5787_(RecipeManager.java:67) ~[server-1.18.2-20220404.173914-srg.jar%23116!/:?]
	at net.minecraft.world.item.crafting.RecipeManager.m_5787_(RecipeManager.java:33) ~[server-1.18.2-20220404.173914-srg.jar%23116!/:?]
	at net.minecraft.server.packs.resources.SimplePreparableReloadListener.m_10789_(SimplePreparableReloadListener.java:13) ~[server-1.18.2-20220404.173914-srg.jar%23116!/:?]
	at java.util.concurrent.CompletableFuture$UniAccept.tryFire(CompletableFuture.java:718) ~[?:?]
	at java.util.concurrent.CompletableFuture$Completion.run(CompletableFuture.java:482) ~[?:?]
	at net.minecraft.server.packs.resources.SimpleReloadInstance.m_143940_(SimpleReloadInstance.java:69) ~[server-1.18.2-20220404.173914-srg.jar%23116!/:?]
	at net.minecraft.server.packs.resources.SimpleReloadInstance.m_10834_(SimpleReloadInstance.java:68) ~[server-1.18.2-20220404.173914-srg.jar%23116!/:?]
	at java.util.concurrent.CompletableFuture$UniCompletion.claim(CompletableFuture.java:572) ~[?:?]
	at java.util.concurrent.CompletableFuture$UniAccept.tryFire(CompletableFuture.java:714) ~[?:?]
	at java.util.concurrent.CompletableFuture.postComplete(CompletableFuture.java:510) ~[?:?]
	at java.util.concurrent.CompletableFuture.postFire(CompletableFuture.java:614) ~[?:?]
	at java.util.concurrent.CompletableFuture$UniAccept.tryFire(CompletableFuture.java:726) ~[?:?]
	at java.util.concurrent.CompletableFuture$Completion.run(CompletableFuture.java:482) ~[?:?]
	at net.minecraft.server.packs.resources.SimpleReloadInstance.m_143940_(SimpleReloadInstance.java:69) ~[server-1.18.2-20220404.173914-srg.jar%23116!/:?]
	at net.minecraft.server.packs.resources.SimpleReloadInstance.m_10834_(SimpleReloadInstance.java:68) ~[server-1.18.2-20220404.173914-srg.jar%23116!/:?]
	at java.util.concurrent.CompletableFuture$UniCompletion.claim(CompletableFuture.java:572) ~[?:?]
	at java.util.concurrent.CompletableFuture$UniAccept.tryFire(CompletableFuture.java:714) ~[?:?]
	at java.util.concurrent.CompletableFuture.postComplete(CompletableFuture.java:510) ~[?:?]
	at java.util.concurrent.CompletableFuture.postFire(CompletableFuture.java:614) ~[?:?]
	at java.util.concurrent.CompletableFuture$UniAccept.tryFire(CompletableFuture.java:726) ~[?:?]
	at java.util.concurrent.CompletableFuture$Completion.run(CompletableFuture.java:482) ~[?:?]
	at net.minecraft.server.packs.resources.SimpleReloadInstance.m_143940_(SimpleReloadInstance.java:69) ~[server-1.18.2-20220404.173914-srg.jar%23116!/:?]
	at net.minecraft.server.packs.resources.SimpleReloadInstance.m_10834_(SimpleReloadInstance.java:68) ~[server-1.18.2-20220404.173914-srg.jar%23116!/:?]
	at java.util.concurrent.CompletableFuture$UniCompletion.claim(CompletableFuture.java:572) ~[?:?]
	at java.util.concurrent.CompletableFuture$UniAccept.tryFire(CompletableFuture.java:714) ~[?:?]
	at java.util.concurrent.CompletableFuture.postComplete(CompletableFuture.java:510) ~[?:?]
	at java.util.concurrent.CompletableFuture.complete(CompletableFuture.java:2179) ~[?:?]
	at net.minecraft.server.packs.resources.SimpleReloadInstance$1.m_10855_(SimpleReloadInstance.java:51) ~[server-1.18.2-20220404.173914-srg.jar%23116!/:?]
	at net.minecraft.server.packs.resources.SimpleReloadInstance$1.m_6769_(SimpleReloadInstance.java:48) ~[server-1.18.2-20220404.173914-srg.jar%23116!/:?]
	at java.util.concurrent.CompletableFuture$UniCompose.tryFire(CompletableFuture.java:1150) [?:?]
	at java.util.concurrent.CompletableFuture.postComplete(CompletableFuture.java:510) [?:?]
	at java.util.concurrent.CompletableFuture$AsyncSupply.run(CompletableFuture.java:1773) [?:?]
	at java.util.concurrent.CompletableFuture$AsyncSupply.exec(CompletableFuture.java:1760) [?:?]
	at java.util.concurrent.ForkJoinTask.doExec(ForkJoinTask.java:387) [?:?]
	at java.util.concurrent.ForkJoinPool$WorkQueue.topLevelExec(ForkJoinPool.java:1312) [?:?]
	at java.util.concurrent.ForkJoinPool.scan(ForkJoinPool.java:1843) [?:?]
	at java.util.concurrent.ForkJoinPool.runWorker(ForkJoinPool.java:1808) [?:?]
	at java.util.concurrent.ForkJoinWorkerThread.run(ForkJoinWorkerThread.java:188) [?:?]
2025-03-09 02:23:52,522 [1;31mERROR[m [m[Worker-Main-4][m [mn.m.w.i.c.RecipeManager.m_5787_(77)[m: Parsing error loading recipe useless_sword:refined_radiance_glaive_recipe
com.google.gson.JsonSyntaxException: Unknown item 'create:refined_radiance'
	at net.minecraft.world.item.crafting.ShapedRecipe.m_151280_(ShapedRecipe.java:343) ~[server-1.18.2-20220404.173914-srg.jar%23116!/:?]
	at java.util.Optional.orElseThrow(Optional.java:403) ~[?:?]
	at net.minecraft.world.item.crafting.ShapedRecipe.m_151278_(ShapedRecipe.java:342) ~[server-1.18.2-20220404.173914-srg.jar%23116!/:?]
	at net.minecraft.world.item.crafting.Ingredient.m_43919_(Ingredient.java:233) ~[server-1.18.2-20220404.173914-srg.jar%23116!/:?]
	at net.minecraftforge.common.crafting.VanillaIngredientSerializer.parse(VanillaIngredientSerializer.java:27) ~[forge-1.18.2-40.2.21-universal.jar%23121!/:?]
	at net.minecraftforge.common.crafting.CraftingHelper.getIngredient(CraftingHelper.java:143) ~[forge-1.18.2-40.2.21-universal.jar%23121!/:?]
	at net.minecraft.world.item.crafting.Ingredient.m_43917_(Ingredient.java:208) ~[server-1.18.2-20220404.173914-srg.jar%23116!/:?]
	at net.minecraft.world.item.crafting.ShapedRecipe.m_44210_(ShapedRecipe.java:329) ~[server-1.18.2-20220404.173914-srg.jar%23116!/:?]
	at net.minecraft.world.item.crafting.ShapedRecipe$Serializer.m_6729_(ShapedRecipe.java:356) ~[server-1.18.2-20220404.173914-srg.jar%23116!/:?]
	at net.minecraft.world.item.crafting.ShapedRecipe$Serializer.m_6729_(ShapedRecipe.java:352) ~[server-1.18.2-20220404.173914-srg.jar%23116!/:?]
	at net.minecraftforge.common.extensions.IForgeRecipeSerializer.fromJson(IForgeRecipeSerializer.java:23) ~[forge-1.18.2-40.2.21-universal.jar%23121!/:?]
	at net.minecraft.world.item.crafting.RecipeManager.fromJson(RecipeManager.java:201) ~[server-1.18.2-20220404.173914-srg.jar%23116!/:?]
	at net.minecraft.world.item.crafting.RecipeManager.m_5787_(RecipeManager.java:67) ~[server-1.18.2-20220404.173914-srg.jar%23116!/:?]
	at net.minecraft.world.item.crafting.RecipeManager.m_5787_(RecipeManager.java:33) ~[server-1.18.2-20220404.173914-srg.jar%23116!/:?]
	at net.minecraft.server.packs.resources.SimplePreparableReloadListener.m_10789_(SimplePreparableReloadListener.java:13) ~[server-1.18.2-20220404.173914-srg.jar%23116!/:?]
	at java.util.concurrent.CompletableFuture$UniAccept.tryFire(CompletableFuture.java:718) ~[?:?]
	at java.util.concurrent.CompletableFuture$Completion.run(CompletableFuture.java:482) ~[?:?]
	at net.minecraft.server.packs.resources.SimpleReloadInstance.m_143940_(SimpleReloadInstance.java:69) ~[server-1.18.2-20220404.173914-srg.jar%23116!/:?]
	at net.minecraft.server.packs.resources.SimpleReloadInstance.m_10834_(SimpleReloadInstance.java:68) ~[server-1.18.2-20220404.173914-srg.jar%23116!/:?]
	at java.util.concurrent.CompletableFuture$UniCompletion.claim(CompletableFuture.java:572) ~[?:?]
	at java.util.concurrent.CompletableFuture$UniAccept.tryFire(CompletableFuture.java:714) ~[?:?]
	at java.util.concurrent.CompletableFuture.postComplete(CompletableFuture.java:510) ~[?:?]
	at java.util.concurrent.CompletableFuture.postFire(CompletableFuture.java:614) ~[?:?]
	at java.util.concurrent.CompletableFuture$UniAccept.tryFire(CompletableFuture.java:726) ~[?:?]
	at java.util.concurrent.CompletableFuture$Completion.run(CompletableFuture.java:482) ~[?:?]
	at net.minecraft.server.packs.resources.SimpleReloadInstance.m_143940_(SimpleReloadInstance.java:69) ~[server-1.18.2-20220404.173914-srg.jar%23116!/:?]
	at net.minecraft.server.packs.resources.SimpleReloadInstance.m_10834_(SimpleReloadInstance.java:68) ~[server-1.18.2-20220404.173914-srg.jar%23116!/:?]
	at java.util.concurrent.CompletableFuture$UniCompletion.claim(CompletableFuture.java:572) ~[?:?]
	at java.util.concurrent.CompletableFuture$UniAccept.tryFire(CompletableFuture.java:714) ~[?:?]
	at java.util.concurrent.CompletableFuture.postComplete(CompletableFuture.java:510) ~[?:?]
	at java.util.concurrent.CompletableFuture.postFire(CompletableFuture.java:614) ~[?:?]
	at java.util.concurrent.CompletableFuture$UniAccept.tryFire(CompletableFuture.java:726) ~[?:?]
	at java.util.concurrent.CompletableFuture$Completion.run(CompletableFuture.java:482) ~[?:?]
	at net.minecraft.server.packs.resources.SimpleReloadInstance.m_143940_(SimpleReloadInstance.java:69) ~[server-1.18.2-20220404.173914-srg.jar%23116!/:?]
	at net.minecraft.server.packs.resources.SimpleReloadInstance.m_10834_(SimpleReloadInstance.java:68) ~[server-1.18.2-20220404.173914-srg.jar%23116!/:?]
	at java.util.concurrent.CompletableFuture$UniCompletion.claim(CompletableFuture.java:572) ~[?:?]
	at java.util.concurrent.CompletableFuture$UniAccept.tryFire(CompletableFuture.java:714) ~[?:?]
	at java.util.concurrent.CompletableFuture.postComplete(CompletableFuture.java:510) ~[?:?]
	at java.util.concurrent.CompletableFuture.complete(CompletableFuture.java:2179) ~[?:?]
	at net.minecraft.server.packs.resources.SimpleReloadInstance$1.m_10855_(SimpleReloadInstance.java:51) ~[server-1.18.2-20220404.173914-srg.jar%23116!/:?]
	at net.minecraft.server.packs.resources.SimpleReloadInstance$1.m_6769_(SimpleReloadInstance.java:48) ~[server-1.18.2-20220404.173914-srg.jar%23116!/:?]
	at java.util.concurrent.CompletableFuture$UniCompose.tryFire(CompletableFuture.java:1150) [?:?]
	at java.util.concurrent.CompletableFuture.postComplete(CompletableFuture.java:510) [?:?]
	at java.util.concurrent.CompletableFuture$AsyncSupply.run(CompletableFuture.java:1773) [?:?]
	at java.util.concurrent.CompletableFuture$AsyncSupply.exec(CompletableFuture.java:1760) [?:?]
	at java.util.concurrent.ForkJoinTask.doExec(ForkJoinTask.java:387) [?:?]
	at java.util.concurrent.ForkJoinPool$WorkQueue.topLevelExec(ForkJoinPool.java:1312) [?:?]
	at java.util.concurrent.ForkJoinPool.scan(ForkJoinPool.java:1843) [?:?]
	at java.util.concurrent.ForkJoinPool.runWorker(ForkJoinPool.java:1808) [?:?]
	at java.util.concurrent.ForkJoinWorkerThread.run(ForkJoinWorkerThread.java:188) [?:?]
2025-03-09 02:23:52,524 [1;31mERROR[m [m[Worker-Main-4][m [mn.m.w.i.c.RecipeManager.m_5787_(77)[m: Parsing error loading recipe tac:ultimate_material
com.google.gson.JsonSyntaxException: Missing type, expected to find a string
	at net.minecraft.util.GsonHelper.m_13906_(GsonHelper.java:112) ~[server-1.18.2-20220404.173914-srg.jar%23116!/:?]
	at net.minecraft.world.item.crafting.RecipeManager.fromJson(RecipeManager.java:198) ~[server-1.18.2-20220404.173914-srg.jar%23116!/:?]
	at net.minecraft.world.item.crafting.RecipeManager.m_5787_(RecipeManager.java:67) ~[server-1.18.2-20220404.173914-srg.jar%23116!/:?]
	at net.minecraft.world.item.crafting.RecipeManager.m_5787_(RecipeManager.java:33) ~[server-1.18.2-20220404.173914-srg.jar%23116!/:?]
	at net.minecraft.server.packs.resources.SimplePreparableReloadListener.m_10789_(SimplePreparableReloadListener.java:13) ~[server-1.18.2-20220404.173914-srg.jar%23116!/:?]
	at java.util.concurrent.CompletableFuture$UniAccept.tryFire(CompletableFuture.java:718) ~[?:?]
	at java.util.concurrent.CompletableFuture$Completion.run(CompletableFuture.java:482) ~[?:?]
	at net.minecraft.server.packs.resources.SimpleReloadInstance.m_143940_(SimpleReloadInstance.java:69) ~[server-1.18.2-20220404.173914-srg.jar%23116!/:?]
	at net.minecraft.server.packs.resources.SimpleReloadInstance.m_10834_(SimpleReloadInstance.java:68) ~[server-1.18.2-20220404.173914-srg.jar%23116!/:?]
	at java.util.concurrent.CompletableFuture$UniCompletion.claim(CompletableFuture.java:572) ~[?:?]
	at java.util.concurrent.CompletableFuture$UniAccept.tryFire(CompletableFuture.java:714) ~[?:?]
	at java.util.concurrent.CompletableFuture.postComplete(CompletableFuture.java:510) ~[?:?]
	at java.util.concurrent.CompletableFuture.postFire(CompletableFuture.java:614) ~[?:?]
	at java.util.concurrent.CompletableFuture$UniAccept.tryFire(CompletableFuture.java:726) ~[?:?]
	at java.util.concurrent.CompletableFuture$Completion.run(CompletableFuture.java:482) ~[?:?]
	at net.minecraft.server.packs.resources.SimpleReloadInstance.m_143940_(SimpleReloadInstance.java:69) ~[server-1.18.2-20220404.173914-srg.jar%23116!/:?]
	at net.minecraft.server.packs.resources.SimpleReloadInstance.m_10834_(SimpleReloadInstance.java:68) ~[server-1.18.2-20220404.173914-srg.jar%23116!/:?]
	at java.util.concurrent.CompletableFuture$UniCompletion.claim(CompletableFuture.java:572) ~[?:?]
	at java.util.concurrent.CompletableFuture$UniAccept.tryFire(CompletableFuture.java:714) ~[?:?]
	at java.util.concurrent.CompletableFuture.postComplete(CompletableFuture.java:510) ~[?:?]
	at java.util.concurrent.CompletableFuture.postFire(CompletableFuture.java:614) ~[?:?]
	at java.util.concurrent.CompletableFuture$UniAccept.tryFire(CompletableFuture.java:726) ~[?:?]
	at java.util.concurrent.CompletableFuture$Completion.run(CompletableFuture.java:482) ~[?:?]
	at net.minecraft.server.packs.resources.SimpleReloadInstance.m_143940_(SimpleReloadInstance.java:69) ~[server-1.18.2-20220404.173914-srg.jar%23116!/:?]
	at net.minecraft.server.packs.resources.SimpleReloadInstance.m_10834_(SimpleReloadInstance.java:68) ~[server-1.18.2-20220404.173914-srg.jar%23116!/:?]
	at java.util.concurrent.CompletableFuture$UniCompletion.claim(CompletableFuture.java:572) ~[?:?]
	at java.util.concurrent.CompletableFuture$UniAccept.tryFire(CompletableFuture.java:714) ~[?:?]
	at java.util.concurrent.CompletableFuture.postComplete(CompletableFuture.java:510) ~[?:?]
	at java.util.concurrent.CompletableFuture.complete(CompletableFuture.java:2179) ~[?:?]
	at net.minecraft.server.packs.resources.SimpleReloadInstance$1.m_10855_(SimpleReloadInstance.java:51) ~[server-1.18.2-20220404.173914-srg.jar%23116!/:?]
	at net.minecraft.server.packs.resources.SimpleReloadInstance$1.m_6769_(SimpleReloadInstance.java:48) ~[server-1.18.2-20220404.173914-srg.jar%23116!/:?]
	at java.util.concurrent.CompletableFuture$UniCompose.tryFire(CompletableFuture.java:1150) [?:?]
	at java.util.concurrent.CompletableFuture.postComplete(CompletableFuture.java:510) [?:?]
	at java.util.concurrent.CompletableFuture$AsyncSupply.run(CompletableFuture.java:1773) [?:?]
	at java.util.concurrent.CompletableFuture$AsyncSupply.exec(CompletableFuture.java:1760) [?:?]
	at java.util.concurrent.ForkJoinTask.doExec(ForkJoinTask.java:387) [?:?]
	at java.util.concurrent.ForkJoinPool$WorkQueue.topLevelExec(ForkJoinPool.java:1312) [?:?]
	at java.util.concurrent.ForkJoinPool.scan(ForkJoinPool.java:1843) [?:?]
	at java.util.concurrent.ForkJoinPool.runWorker(ForkJoinPool.java:1808) [?:?]
	at java.util.concurrent.ForkJoinWorkerThread.run(ForkJoinWorkerThread.java:188) [?:?]
2025-03-09 02:23:52,528 [1;31mERROR[m [m[Worker-Main-4][m [mn.m.w.i.c.RecipeManager.m_5787_(77)[m: Parsing error loading recipe useless_sword:naga_slicer_recipe
com.google.gson.JsonSyntaxException: Unknown item 'twilightforest:naga_scale'
	at net.minecraft.world.item.crafting.ShapedRecipe.m_151280_(ShapedRecipe.java:343) ~[server-1.18.2-20220404.173914-srg.jar%23116!/:?]
	at java.util.Optional.orElseThrow(Optional.java:403) ~[?:?]
	at net.minecraft.world.item.crafting.ShapedRecipe.m_151278_(ShapedRecipe.java:342) ~[server-1.18.2-20220404.173914-srg.jar%23116!/:?]
	at net.minecraft.world.item.crafting.Ingredient.m_43919_(Ingredient.java:233) ~[server-1.18.2-20220404.173914-srg.jar%23116!/:?]
	at net.minecraftforge.common.crafting.VanillaIngredientSerializer.parse(VanillaIngredientSerializer.java:27) ~[forge-1.18.2-40.2.21-universal.jar%23121!/:?]
	at net.minecraftforge.common.crafting.CraftingHelper.getIngredient(CraftingHelper.java:143) ~[forge-1.18.2-40.2.21-universal.jar%23121!/:?]
	at net.minecraft.world.item.crafting.Ingredient.m_43917_(Ingredient.java:208) ~[server-1.18.2-20220404.173914-srg.jar%23116!/:?]
	at net.minecraft.world.item.crafting.ShapedRecipe.m_44210_(ShapedRecipe.java:329) ~[server-1.18.2-20220404.173914-srg.jar%23116!/:?]
	at net.minecraft.world.item.crafting.ShapedRecipe$Serializer.m_6729_(ShapedRecipe.java:356) ~[server-1.18.2-20220404.173914-srg.jar%23116!/:?]
	at net.minecraft.world.item.crafting.ShapedRecipe$Serializer.m_6729_(ShapedRecipe.java:352) ~[server-1.18.2-20220404.173914-srg.jar%23116!/:?]
	at net.minecraftforge.common.extensions.IForgeRecipeSerializer.fromJson(IForgeRecipeSerializer.java:23) ~[forge-1.18.2-40.2.21-universal.jar%23121!/:?]
	at net.minecraft.world.item.crafting.RecipeManager.fromJson(RecipeManager.java:201) ~[server-1.18.2-20220404.173914-srg.jar%23116!/:?]
	at net.minecraft.world.item.crafting.RecipeManager.m_5787_(RecipeManager.java:67) ~[server-1.18.2-20220404.173914-srg.jar%23116!/:?]
	at net.minecraft.world.item.crafting.RecipeManager.m_5787_(RecipeManager.java:33) ~[server-1.18.2-20220404.173914-srg.jar%23116!/:?]
	at net.minecraft.server.packs.resources.SimplePreparableReloadListener.m_10789_(SimplePreparableReloadListener.java:13) ~[server-1.18.2-20220404.173914-srg.jar%23116!/:?]
	at java.util.concurrent.CompletableFuture$UniAccept.tryFire(CompletableFuture.java:718) ~[?:?]
	at java.util.concurrent.CompletableFuture$Completion.run(CompletableFuture.java:482) ~[?:?]
	at net.minecraft.server.packs.resources.SimpleReloadInstance.m_143940_(SimpleReloadInstance.java:69) ~[server-1.18.2-20220404.173914-srg.jar%23116!/:?]
	at net.minecraft.server.packs.resources.SimpleReloadInstance.m_10834_(SimpleReloadInstance.java:68) ~[server-1.18.2-20220404.173914-srg.jar%23116!/:?]
	at java.util.concurrent.CompletableFuture$UniCompletion.claim(CompletableFuture.java:572) ~[?:?]
	at java.util.concurrent.CompletableFuture$UniAccept.tryFire(CompletableFuture.java:714) ~[?:?]
	at java.util.concurrent.CompletableFuture.postComplete(CompletableFuture.java:510) ~[?:?]
	at java.util.concurrent.CompletableFuture.postFire(CompletableFuture.java:614) ~[?:?]
	at java.util.concurrent.CompletableFuture$UniAccept.tryFire(CompletableFuture.java:726) ~[?:?]
	at java.util.concurrent.CompletableFuture$Completion.run(CompletableFuture.java:482) ~[?:?]
	at net.minecraft.server.packs.resources.SimpleReloadInstance.m_143940_(SimpleReloadInstance.java:69) ~[server-1.18.2-20220404.173914-srg.jar%23116!/:?]
	at net.minecraft.server.packs.resources.SimpleReloadInstance.m_10834_(SimpleReloadInstance.java:68) ~[server-1.18.2-20220404.173914-srg.jar%23116!/:?]
	at java.util.concurrent.CompletableFuture$UniCompletion.claim(CompletableFuture.java:572) ~[?:?]
	at java.util.concurrent.CompletableFuture$UniAccept.tryFire(CompletableFuture.java:714) ~[?:?]
	at java.util.concurrent.CompletableFuture.postComplete(CompletableFuture.java:510) ~[?:?]
	at java.util.concurrent.CompletableFuture.postFire(CompletableFuture.java:614) ~[?:?]
	at java.util.concurrent.CompletableFuture$UniAccept.tryFire(CompletableFuture.java:726) ~[?:?]
	at java.util.concurrent.CompletableFuture$Completion.run(CompletableFuture.java:482) ~[?:?]
	at net.minecraft.server.packs.resources.SimpleReloadInstance.m_143940_(SimpleReloadInstance.java:69) ~[server-1.18.2-20220404.173914-srg.jar%23116!/:?]
	at net.minecraft.server.packs.resources.SimpleReloadInstance.m_10834_(SimpleReloadInstance.java:68) ~[server-1.18.2-20220404.173914-srg.jar%23116!/:?]
	at java.util.concurrent.CompletableFuture$UniCompletion.claim(CompletableFuture.java:572) ~[?:?]
	at java.util.concurrent.CompletableFuture$UniAccept.tryFire(CompletableFuture.java:714) ~[?:?]
	at java.util.concurrent.CompletableFuture.postComplete(CompletableFuture.java:510) ~[?:?]
	at java.util.concurrent.CompletableFuture.complete(CompletableFuture.java:2179) ~[?:?]
	at net.minecraft.server.packs.resources.SimpleReloadInstance$1.m_10855_(SimpleReloadInstance.java:51) ~[server-1.18.2-20220404.173914-srg.jar%23116!/:?]
	at net.minecraft.server.packs.resources.SimpleReloadInstance$1.m_6769_(SimpleReloadInstance.java:48) ~[server-1.18.2-20220404.173914-srg.jar%23116!/:?]
	at java.util.concurrent.CompletableFuture$UniCompose.tryFire(CompletableFuture.java:1150) [?:?]
	at java.util.concurrent.CompletableFuture.postComplete(CompletableFuture.java:510) [?:?]
	at java.util.concurrent.CompletableFuture$AsyncSupply.run(CompletableFuture.java:1773) [?:?]
	at java.util.concurrent.CompletableFuture$AsyncSupply.exec(CompletableFuture.java:1760) [?:?]
	at java.util.concurrent.ForkJoinTask.doExec(ForkJoinTask.java:387) [?:?]
	at java.util.concurrent.ForkJoinPool$WorkQueue.topLevelExec(ForkJoinPool.java:1312) [?:?]
	at java.util.concurrent.ForkJoinPool.scan(ForkJoinPool.java:1843) [?:?]
	at java.util.concurrent.ForkJoinPool.runWorker(ForkJoinPool.java:1808) [?:?]
	at java.util.concurrent.ForkJoinWorkerThread.run(ForkJoinWorkerThread.java:188) [?:?]
2025-03-09 02:23:52,543 [1;31mERROR[m [m[Worker-Main-4][m [mn.m.w.i.c.RecipeManager.m_5787_(77)[m: Parsing error loading recipe tac:uncommon_material
com.google.gson.JsonSyntaxException: Missing type, expected to find a string
	at net.minecraft.util.GsonHelper.m_13906_(GsonHelper.java:112) ~[server-1.18.2-20220404.173914-srg.jar%23116!/:?]
	at net.minecraft.world.item.crafting.RecipeManager.fromJson(RecipeManager.java:198) ~[server-1.18.2-20220404.173914-srg.jar%23116!/:?]
	at net.minecraft.world.item.crafting.RecipeManager.m_5787_(RecipeManager.java:67) ~[server-1.18.2-20220404.173914-srg.jar%23116!/:?]
	at net.minecraft.world.item.crafting.RecipeManager.m_5787_(RecipeManager.java:33) ~[server-1.18.2-20220404.173914-srg.jar%23116!/:?]
	at net.minecraft.server.packs.resources.SimplePreparableReloadListener.m_10789_(SimplePreparableReloadListener.java:13) ~[server-1.18.2-20220404.173914-srg.jar%23116!/:?]
	at java.util.concurrent.CompletableFuture$UniAccept.tryFire(CompletableFuture.java:718) ~[?:?]
	at java.util.concurrent.CompletableFuture$Completion.run(CompletableFuture.java:482) ~[?:?]
	at net.minecraft.server.packs.resources.SimpleReloadInstance.m_143940_(SimpleReloadInstance.java:69) ~[server-1.18.2-20220404.173914-srg.jar%23116!/:?]
	at net.minecraft.server.packs.resources.SimpleReloadInstance.m_10834_(SimpleReloadInstance.java:68) ~[server-1.18.2-20220404.173914-srg.jar%23116!/:?]
	at java.util.concurrent.CompletableFuture$UniCompletion.claim(CompletableFuture.java:572) ~[?:?]
	at java.util.concurrent.CompletableFuture$UniAccept.tryFire(CompletableFuture.java:714) ~[?:?]
	at java.util.concurrent.CompletableFuture.postComplete(CompletableFuture.java:510) ~[?:?]
	at java.util.concurrent.CompletableFuture.postFire(CompletableFuture.java:614) ~[?:?]
	at java.util.concurrent.CompletableFuture$UniAccept.tryFire(CompletableFuture.java:726) ~[?:?]
	at java.util.concurrent.CompletableFuture$Completion.run(CompletableFuture.java:482) ~[?:?]
	at net.minecraft.server.packs.resources.SimpleReloadInstance.m_143940_(SimpleReloadInstance.java:69) ~[server-1.18.2-20220404.173914-srg.jar%23116!/:?]
	at net.minecraft.server.packs.resources.SimpleReloadInstance.m_10834_(SimpleReloadInstance.java:68) ~[server-1.18.2-20220404.173914-srg.jar%23116!/:?]
	at java.util.concurrent.CompletableFuture$UniCompletion.claim(CompletableFuture.java:572) ~[?:?]
	at java.util.concurrent.CompletableFuture$UniAccept.tryFire(CompletableFuture.java:714) ~[?:?]
	at java.util.concurrent.CompletableFuture.postComplete(CompletableFuture.java:510) ~[?:?]
	at java.util.concurrent.CompletableFuture.postFire(CompletableFuture.java:614) ~[?:?]
	at java.util.concurrent.CompletableFuture$UniAccept.tryFire(CompletableFuture.java:726) ~[?:?]
	at java.util.concurrent.CompletableFuture$Completion.run(CompletableFuture.java:482) ~[?:?]
	at net.minecraft.server.packs.resources.SimpleReloadInstance.m_143940_(SimpleReloadInstance.java:69) ~[server-1.18.2-20220404.173914-srg.jar%23116!/:?]
	at net.minecraft.server.packs.resources.SimpleReloadInstance.m_10834_(SimpleReloadInstance.java:68) ~[server-1.18.2-20220404.173914-srg.jar%23116!/:?]
	at java.util.concurrent.CompletableFuture$UniCompletion.claim(CompletableFuture.java:572) ~[?:?]
	at java.util.concurrent.CompletableFuture$UniAccept.tryFire(CompletableFuture.java:714) ~[?:?]
	at java.util.concurrent.CompletableFuture.postComplete(CompletableFuture.java:510) ~[?:?]
	at java.util.concurrent.CompletableFuture.complete(CompletableFuture.java:2179) ~[?:?]
	at net.minecraft.server.packs.resources.SimpleReloadInstance$1.m_10855_(SimpleReloadInstance.java:51) ~[server-1.18.2-20220404.173914-srg.jar%23116!/:?]
	at net.minecraft.server.packs.resources.SimpleReloadInstance$1.m_6769_(SimpleReloadInstance.java:48) ~[server-1.18.2-20220404.173914-srg.jar%23116!/:?]
	at java.util.concurrent.CompletableFuture$UniCompose.tryFire(CompletableFuture.java:1150) [?:?]
	at java.util.concurrent.CompletableFuture.postComplete(CompletableFuture.java:510) [?:?]
	at java.util.concurrent.CompletableFuture$AsyncSupply.run(CompletableFuture.java:1773) [?:?]
	at java.util.concurrent.CompletableFuture$AsyncSupply.exec(CompletableFuture.java:1760) [?:?]
	at java.util.concurrent.ForkJoinTask.doExec(ForkJoinTask.java:387) [?:?]
	at java.util.concurrent.ForkJoinPool$WorkQueue.topLevelExec(ForkJoinPool.java:1312) [?:?]
	at java.util.concurrent.ForkJoinPool.scan(ForkJoinPool.java:1843) [?:?]
	at java.util.concurrent.ForkJoinPool.runWorker(ForkJoinPool.java:1808) [?:?]
	at java.util.concurrent.ForkJoinWorkerThread.run(ForkJoinWorkerThread.java:188) [?:?]
2025-03-09 02:23:52,554 [1;31mERROR[m [m[Worker-Main-4][m [mn.m.w.i.c.RecipeManager.m_5787_(77)[m: Parsing error loading recipe useless_sword:weed_foil_recipe
com.google.gson.JsonSyntaxException: Unknown item 'druidcraft:oak_small_beam'
	at net.minecraft.world.item.crafting.ShapedRecipe.m_151280_(ShapedRecipe.java:343) ~[server-1.18.2-20220404.173914-srg.jar%23116!/:?]
	at java.util.Optional.orElseThrow(Optional.java:403) ~[?:?]
	at net.minecraft.world.item.crafting.ShapedRecipe.m_151278_(ShapedRecipe.java:342) ~[server-1.18.2-20220404.173914-srg.jar%23116!/:?]
	at net.minecraft.world.item.crafting.Ingredient.m_43919_(Ingredient.java:233) ~[server-1.18.2-20220404.173914-srg.jar%23116!/:?]
	at net.minecraftforge.common.crafting.VanillaIngredientSerializer.parse(VanillaIngredientSerializer.java:27) ~[forge-1.18.2-40.2.21-universal.jar%23121!/:?]
	at net.minecraftforge.common.crafting.CraftingHelper.getIngredient(CraftingHelper.java:143) ~[forge-1.18.2-40.2.21-universal.jar%23121!/:?]
	at net.minecraft.world.item.crafting.Ingredient.m_43917_(Ingredient.java:208) ~[server-1.18.2-20220404.173914-srg.jar%23116!/:?]
	at net.minecraft.world.item.crafting.ShapedRecipe.m_44210_(ShapedRecipe.java:329) ~[server-1.18.2-20220404.173914-srg.jar%23116!/:?]
	at net.minecraft.world.item.crafting.ShapedRecipe$Serializer.m_6729_(ShapedRecipe.java:356) ~[server-1.18.2-20220404.173914-srg.jar%23116!/:?]
	at net.minecraft.world.item.crafting.ShapedRecipe$Serializer.m_6729_(ShapedRecipe.java:352) ~[server-1.18.2-20220404.173914-srg.jar%23116!/:?]
	at net.minecraftforge.common.extensions.IForgeRecipeSerializer.fromJson(IForgeRecipeSerializer.java:23) ~[forge-1.18.2-40.2.21-universal.jar%23121!/:?]
	at net.minecraft.world.item.crafting.RecipeManager.fromJson(RecipeManager.java:201) ~[server-1.18.2-20220404.173914-srg.jar%23116!/:?]
	at net.minecraft.world.item.crafting.RecipeManager.m_5787_(RecipeManager.java:67) ~[server-1.18.2-20220404.173914-srg.jar%23116!/:?]
	at net.minecraft.world.item.crafting.RecipeManager.m_5787_(RecipeManager.java:33) ~[server-1.18.2-20220404.173914-srg.jar%23116!/:?]
	at net.minecraft.server.packs.resources.SimplePreparableReloadListener.m_10789_(SimplePreparableReloadListener.java:13) ~[server-1.18.2-20220404.173914-srg.jar%23116!/:?]
	at java.util.concurrent.CompletableFuture$UniAccept.tryFire(CompletableFuture.java:718) ~[?:?]
	at java.util.concurrent.CompletableFuture$Completion.run(CompletableFuture.java:482) ~[?:?]
	at net.minecraft.server.packs.resources.SimpleReloadInstance.m_143940_(SimpleReloadInstance.java:69) ~[server-1.18.2-20220404.173914-srg.jar%23116!/:?]
	at net.minecraft.server.packs.resources.SimpleReloadInstance.m_10834_(SimpleReloadInstance.java:68) ~[server-1.18.2-20220404.173914-srg.jar%23116!/:?]
	at java.util.concurrent.CompletableFuture$UniCompletion.claim(CompletableFuture.java:572) ~[?:?]
	at java.util.concurrent.CompletableFuture$UniAccept.tryFire(CompletableFuture.java:714) ~[?:?]
	at java.util.concurrent.CompletableFuture.postComplete(CompletableFuture.java:510) ~[?:?]
	at java.util.concurrent.CompletableFuture.postFire(CompletableFuture.java:614) ~[?:?]
	at java.util.concurrent.CompletableFuture$UniAccept.tryFire(CompletableFuture.java:726) ~[?:?]
	at java.util.concurrent.CompletableFuture$Completion.run(CompletableFuture.java:482) ~[?:?]
	at net.minecraft.server.packs.resources.SimpleReloadInstance.m_143940_(SimpleReloadInstance.java:69) ~[server-1.18.2-20220404.173914-srg.jar%23116!/:?]
	at net.minecraft.server.packs.resources.SimpleReloadInstance.m_10834_(SimpleReloadInstance.java:68) ~[server-1.18.2-20220404.173914-srg.jar%23116!/:?]
	at java.util.concurrent.CompletableFuture$UniCompletion.claim(CompletableFuture.java:572) ~[?:?]
	at java.util.concurrent.CompletableFuture$UniAccept.tryFire(CompletableFuture.java:714) ~[?:?]
	at java.util.concurrent.CompletableFuture.postComplete(CompletableFuture.java:510) ~[?:?]
	at java.util.concurrent.CompletableFuture.postFire(CompletableFuture.java:614) ~[?:?]
	at java.util.concurrent.CompletableFuture$UniAccept.tryFire(CompletableFuture.java:726) ~[?:?]
	at java.util.concurrent.CompletableFuture$Completion.run(CompletableFuture.java:482) ~[?:?]
	at net.minecraft.server.packs.resources.SimpleReloadInstance.m_143940_(SimpleReloadInstance.java:69) ~[server-1.18.2-20220404.173914-srg.jar%23116!/:?]
	at net.minecraft.server.packs.resources.SimpleReloadInstance.m_10834_(SimpleReloadInstance.java:68) ~[server-1.18.2-20220404.173914-srg.jar%23116!/:?]
	at java.util.concurrent.CompletableFuture$UniCompletion.claim(CompletableFuture.java:572) ~[?:?]
	at java.util.concurrent.CompletableFuture$UniAccept.tryFire(CompletableFuture.java:714) ~[?:?]
	at java.util.concurrent.CompletableFuture.postComplete(CompletableFuture.java:510) ~[?:?]
	at java.util.concurrent.CompletableFuture.complete(CompletableFuture.java:2179) ~[?:?]
	at net.minecraft.server.packs.resources.SimpleReloadInstance$1.m_10855_(SimpleReloadInstance.java:51) ~[server-1.18.2-20220404.173914-srg.jar%23116!/:?]
	at net.minecraft.server.packs.resources.SimpleReloadInstance$1.m_6769_(SimpleReloadInstance.java:48) ~[server-1.18.2-20220404.173914-srg.jar%23116!/:?]
	at java.util.concurrent.CompletableFuture$UniCompose.tryFire(CompletableFuture.java:1150) [?:?]
	at java.util.concurrent.CompletableFuture.postComplete(CompletableFuture.java:510) [?:?]
	at java.util.concurrent.CompletableFuture$AsyncSupply.run(CompletableFuture.java:1773) [?:?]
	at java.util.concurrent.CompletableFuture$AsyncSupply.exec(CompletableFuture.java:1760) [?:?]
	at java.util.concurrent.ForkJoinTask.doExec(ForkJoinTask.java:387) [?:?]
	at java.util.concurrent.ForkJoinPool$WorkQueue.topLevelExec(ForkJoinPool.java:1312) [?:?]
	at java.util.concurrent.ForkJoinPool.scan(ForkJoinPool.java:1843) [?:?]
	at java.util.concurrent.ForkJoinPool.runWorker(ForkJoinPool.java:1808) [?:?]
	at java.util.concurrent.ForkJoinWorkerThread.run(ForkJoinWorkerThread.java:188) [?:?]
2025-03-09 02:23:52,570 [1;31mERROR[m [m[Worker-Main-4][m [mn.m.w.i.c.RecipeManager.m_5787_(77)[m: Parsing error loading recipe alternacraft:indominus_spawn_egg_from_dna_extractor
com.google.gson.JsonSyntaxException: Invalid or unsupported recipe type 'alternacraft:dna_extracting'
	at net.minecraft.world.item.crafting.RecipeManager.lambda$fromJson$10(RecipeManager.java:200) ~[server-1.18.2-20220404.173914-srg.jar%23116!/:?]
	at java.util.Optional.orElseThrow(Optional.java:403) ~[?:?]
	at net.minecraft.world.item.crafting.RecipeManager.fromJson(RecipeManager.java:199) ~[server-1.18.2-20220404.173914-srg.jar%23116!/:?]
	at net.minecraft.world.item.crafting.RecipeManager.m_5787_(RecipeManager.java:67) ~[server-1.18.2-20220404.173914-srg.jar%23116!/:?]
	at net.minecraft.world.item.crafting.RecipeManager.m_5787_(RecipeManager.java:33) ~[server-1.18.2-20220404.173914-srg.jar%23116!/:?]
	at net.minecraft.server.packs.resources.SimplePreparableReloadListener.m_10789_(SimplePreparableReloadListener.java:13) ~[server-1.18.2-20220404.173914-srg.jar%23116!/:?]
	at java.util.concurrent.CompletableFuture$UniAccept.tryFire(CompletableFuture.java:718) ~[?:?]
	at java.util.concurrent.CompletableFuture$Completion.run(CompletableFuture.java:482) ~[?:?]
	at net.minecraft.server.packs.resources.SimpleReloadInstance.m_143940_(SimpleReloadInstance.java:69) ~[server-1.18.2-20220404.173914-srg.jar%23116!/:?]
	at net.minecraft.server.packs.resources.SimpleReloadInstance.m_10834_(SimpleReloadInstance.java:68) ~[server-1.18.2-20220404.173914-srg.jar%23116!/:?]
	at java.util.concurrent.CompletableFuture$UniCompletion.claim(CompletableFuture.java:572) ~[?:?]
	at java.util.concurrent.CompletableFuture$UniAccept.tryFire(CompletableFuture.java:714) ~[?:?]
	at java.util.concurrent.CompletableFuture.postComplete(CompletableFuture.java:510) ~[?:?]
	at java.util.concurrent.CompletableFuture.postFire(CompletableFuture.java:614) ~[?:?]
	at java.util.concurrent.CompletableFuture$UniAccept.tryFire(CompletableFuture.java:726) ~[?:?]
	at java.util.concurrent.CompletableFuture$Completion.run(CompletableFuture.java:482) ~[?:?]
	at net.minecraft.server.packs.resources.SimpleReloadInstance.m_143940_(SimpleReloadInstance.java:69) ~[server-1.18.2-20220404.173914-srg.jar%23116!/:?]
	at net.minecraft.server.packs.resources.SimpleReloadInstance.m_10834_(SimpleReloadInstance.java:68) ~[server-1.18.2-20220404.173914-srg.jar%23116!/:?]
	at java.util.concurrent.CompletableFuture$UniCompletion.claim(CompletableFuture.java:572) ~[?:?]
	at java.util.concurrent.CompletableFuture$UniAccept.tryFire(CompletableFuture.java:714) ~[?:?]
	at java.util.concurrent.CompletableFuture.postComplete(CompletableFuture.java:510) ~[?:?]
	at java.util.concurrent.CompletableFuture.postFire(CompletableFuture.java:614) ~[?:?]
	at java.util.concurrent.CompletableFuture$UniAccept.tryFire(CompletableFuture.java:726) ~[?:?]
	at java.util.concurrent.CompletableFuture$Completion.run(CompletableFuture.java:482) ~[?:?]
	at net.minecraft.server.packs.resources.SimpleReloadInstance.m_143940_(SimpleReloadInstance.java:69) ~[server-1.18.2-20220404.173914-srg.jar%23116!/:?]
	at net.minecraft.server.packs.resources.SimpleReloadInstance.m_10834_(SimpleReloadInstance.java:68) ~[server-1.18.2-20220404.173914-srg.jar%23116!/:?]
	at java.util.concurrent.CompletableFuture$UniCompletion.claim(CompletableFuture.java:572) ~[?:?]
	at java.util.concurrent.CompletableFuture$UniAccept.tryFire(CompletableFuture.java:714) ~[?:?]
	at java.util.concurrent.CompletableFuture.postComplete(CompletableFuture.java:510) ~[?:?]
	at java.util.concurrent.CompletableFuture.complete(CompletableFuture.java:2179) ~[?:?]
	at net.minecraft.server.packs.resources.SimpleReloadInstance$1.m_10855_(SimpleReloadInstance.java:51) ~[server-1.18.2-20220404.173914-srg.jar%23116!/:?]
	at net.minecraft.server.packs.resources.SimpleReloadInstance$1.m_6769_(SimpleReloadInstance.java:48) ~[server-1.18.2-20220404.173914-srg.jar%23116!/:?]
	at java.util.concurrent.CompletableFuture$UniCompose.tryFire(CompletableFuture.java:1150) [?:?]
	at java.util.concurrent.CompletableFuture.postComplete(CompletableFuture.java:510) [?:?]
	at java.util.concurrent.CompletableFuture$AsyncSupply.run(CompletableFuture.java:1773) [?:?]
	at java.util.concurrent.CompletableFuture$AsyncSupply.exec(CompletableFuture.java:1760) [?:?]
	at java.util.concurrent.ForkJoinTask.doExec(ForkJoinTask.java:387) [?:?]
	at java.util.concurrent.ForkJoinPool$WorkQueue.topLevelExec(ForkJoinPool.java:1312) [?:?]
	at java.util.concurrent.ForkJoinPool.scan(ForkJoinPool.java:1843) [?:?]
	at java.util.concurrent.ForkJoinPool.runWorker(ForkJoinPool.java:1808) [?:?]
	at java.util.concurrent.ForkJoinWorkerThread.run(ForkJoinWorkerThread.java:188) [?:?]
2025-03-09 02:23:52,596 [1;31mERROR[m [m[Worker-Main-4][m [mn.m.w.i.c.RecipeManager.m_5787_(77)[m: Parsing error loading recipe useless_sword:chocolate_sword_recipe
com.google.gson.JsonSyntaxException: Unknown item 'create:bar_of_chocolate'
	at net.minecraft.world.item.crafting.ShapedRecipe.m_151280_(ShapedRecipe.java:343) ~[server-1.18.2-20220404.173914-srg.jar%23116!/:?]
	at java.util.Optional.orElseThrow(Optional.java:403) ~[?:?]
	at net.minecraft.world.item.crafting.ShapedRecipe.m_151278_(ShapedRecipe.java:342) ~[server-1.18.2-20220404.173914-srg.jar%23116!/:?]
	at net.minecraft.world.item.crafting.Ingredient.m_43919_(Ingredient.java:233) ~[server-1.18.2-20220404.173914-srg.jar%23116!/:?]
	at net.minecraftforge.common.crafting.VanillaIngredientSerializer.parse(VanillaIngredientSerializer.java:27) ~[forge-1.18.2-40.2.21-universal.jar%23121!/:?]
	at net.minecraftforge.common.crafting.CraftingHelper.getIngredient(CraftingHelper.java:143) ~[forge-1.18.2-40.2.21-universal.jar%23121!/:?]
	at net.minecraft.world.item.crafting.Ingredient.m_43917_(Ingredient.java:208) ~[server-1.18.2-20220404.173914-srg.jar%23116!/:?]
	at net.minecraft.world.item.crafting.ShapedRecipe.m_44210_(ShapedRecipe.java:329) ~[server-1.18.2-20220404.173914-srg.jar%23116!/:?]
	at net.minecraft.world.item.crafting.ShapedRecipe$Serializer.m_6729_(ShapedRecipe.java:356) ~[server-1.18.2-20220404.173914-srg.jar%23116!/:?]
	at net.minecraft.world.item.crafting.ShapedRecipe$Serializer.m_6729_(ShapedRecipe.java:352) ~[server-1.18.2-20220404.173914-srg.jar%23116!/:?]
	at net.minecraftforge.common.extensions.IForgeRecipeSerializer.fromJson(IForgeRecipeSerializer.java:23) ~[forge-1.18.2-40.2.21-universal.jar%23121!/:?]
	at net.minecraft.world.item.crafting.RecipeManager.fromJson(RecipeManager.java:201) ~[server-1.18.2-20220404.173914-srg.jar%23116!/:?]
	at net.minecraft.world.item.crafting.RecipeManager.m_5787_(RecipeManager.java:67) ~[server-1.18.2-20220404.173914-srg.jar%23116!/:?]
	at net.minecraft.world.item.crafting.RecipeManager.m_5787_(RecipeManager.java:33) ~[server-1.18.2-20220404.173914-srg.jar%23116!/:?]
	at net.minecraft.server.packs.resources.SimplePreparableReloadListener.m_10789_(SimplePreparableReloadListener.java:13) ~[server-1.18.2-20220404.173914-srg.jar%23116!/:?]
	at java.util.concurrent.CompletableFuture$UniAccept.tryFire(CompletableFuture.java:718) ~[?:?]
	at java.util.concurrent.CompletableFuture$Completion.run(CompletableFuture.java:482) ~[?:?]
	at net.minecraft.server.packs.resources.SimpleReloadInstance.m_143940_(SimpleReloadInstance.java:69) ~[server-1.18.2-20220404.173914-srg.jar%23116!/:?]
	at net.minecraft.server.packs.resources.SimpleReloadInstance.m_10834_(SimpleReloadInstance.java:68) ~[server-1.18.2-20220404.173914-srg.jar%23116!/:?]
	at java.util.concurrent.CompletableFuture$UniCompletion.claim(CompletableFuture.java:572) ~[?:?]
	at java.util.concurrent.CompletableFuture$UniAccept.tryFire(CompletableFuture.java:714) ~[?:?]
	at java.util.concurrent.CompletableFuture.postComplete(CompletableFuture.java:510) ~[?:?]
	at java.util.concurrent.CompletableFuture.postFire(CompletableFuture.java:614) ~[?:?]
	at java.util.concurrent.CompletableFuture$UniAccept.tryFire(CompletableFuture.java:726) ~[?:?]
	at java.util.concurrent.CompletableFuture$Completion.run(CompletableFuture.java:482) ~[?:?]
	at net.minecraft.server.packs.resources.SimpleReloadInstance.m_143940_(SimpleReloadInstance.java:69) ~[server-1.18.2-20220404.173914-srg.jar%23116!/:?]
	at net.minecraft.server.packs.resources.SimpleReloadInstance.m_10834_(SimpleReloadInstance.java:68) ~[server-1.18.2-20220404.173914-srg.jar%23116!/:?]
	at java.util.concurrent.CompletableFuture$UniCompletion.claim(CompletableFuture.java:572) ~[?:?]
	at java.util.concurrent.CompletableFuture$UniAccept.tryFire(CompletableFuture.java:714) ~[?:?]
	at java.util.concurrent.CompletableFuture.postComplete(CompletableFuture.java:510) ~[?:?]
	at java.util.concurrent.CompletableFuture.postFire(CompletableFuture.java:614) ~[?:?]
	at java.util.concurrent.CompletableFuture$UniAccept.tryFire(CompletableFuture.java:726) ~[?:?]
	at java.util.concurrent.CompletableFuture$Completion.run(CompletableFuture.java:482) ~[?:?]
	at net.minecraft.server.packs.resources.SimpleReloadInstance.m_143940_(SimpleReloadInstance.java:69) ~[server-1.18.2-20220404.173914-srg.jar%23116!/:?]
	at net.minecraft.server.packs.resources.SimpleReloadInstance.m_10834_(SimpleReloadInstance.java:68) ~[server-1.18.2-20220404.173914-srg.jar%23116!/:?]
	at java.util.concurrent.CompletableFuture$UniCompletion.claim(CompletableFuture.java:572) ~[?:?]
	at java.util.concurrent.CompletableFuture$UniAccept.tryFire(CompletableFuture.java:714) ~[?:?]
	at java.util.concurrent.CompletableFuture.postComplete(CompletableFuture.java:510) ~[?:?]
	at java.util.concurrent.CompletableFuture.complete(CompletableFuture.java:2179) ~[?:?]
	at net.minecraft.server.packs.resources.SimpleReloadInstance$1.m_10855_(SimpleReloadInstance.java:51) ~[server-1.18.2-20220404.173914-srg.jar%23116!/:?]
	at net.minecraft.server.packs.resources.SimpleReloadInstance$1.m_6769_(SimpleReloadInstance.java:48) ~[server-1.18.2-20220404.173914-srg.jar%23116!/:?]
	at java.util.concurrent.CompletableFuture$UniCompose.tryFire(CompletableFuture.java:1150) [?:?]
	at java.util.concurrent.CompletableFuture.postComplete(CompletableFuture.java:510) [?:?]
	at java.util.concurrent.CompletableFuture$AsyncSupply.run(CompletableFuture.java:1773) [?:?]
	at java.util.concurrent.CompletableFuture$AsyncSupply.exec(CompletableFuture.java:1760) [?:?]
	at java.util.concurrent.ForkJoinTask.doExec(ForkJoinTask.java:387) [?:?]
	at java.util.concurrent.ForkJoinPool$WorkQueue.topLevelExec(ForkJoinPool.java:1312) [?:?]
	at java.util.concurrent.ForkJoinPool.scan(ForkJoinPool.java:1843) [?:?]
	at java.util.concurrent.ForkJoinPool.runWorker(ForkJoinPool.java:1808) [?:?]
	at java.util.concurrent.ForkJoinWorkerThread.run(ForkJoinWorkerThread.java:188) [?:?]
2025-03-09 02:23:52,599 [1;31mERROR[m [m[Worker-Main-4][m [mn.m.w.i.c.RecipeManager.m_5787_(77)[m: Parsing error loading recipe rpgsmw:aos
com.google.gson.JsonSyntaxException: Unknown item 'rpgsmw:deleted_mod_element'
	at net.minecraft.world.item.crafting.ShapedRecipe.m_151280_(ShapedRecipe.java:343) ~[server-1.18.2-20220404.173914-srg.jar%23116!/:?]
	at java.util.Optional.orElseThrow(Optional.java:403) ~[?:?]
	at net.minecraft.world.item.crafting.ShapedRecipe.m_151278_(ShapedRecipe.java:342) ~[server-1.18.2-20220404.173914-srg.jar%23116!/:?]
	at net.minecraft.world.item.crafting.Ingredient.m_43919_(Ingredient.java:233) ~[server-1.18.2-20220404.173914-srg.jar%23116!/:?]
	at net.minecraftforge.common.crafting.VanillaIngredientSerializer.parse(VanillaIngredientSerializer.java:27) ~[forge-1.18.2-40.2.21-universal.jar%23121!/:?]
	at net.minecraftforge.common.crafting.CraftingHelper.getIngredient(CraftingHelper.java:143) ~[forge-1.18.2-40.2.21-universal.jar%23121!/:?]
	at net.minecraft.world.item.crafting.Ingredient.m_43917_(Ingredient.java:208) ~[server-1.18.2-20220404.173914-srg.jar%23116!/:?]
	at net.minecraft.world.item.crafting.SimpleCookingSerializer.m_6729_(SimpleCookingSerializer.java:23) ~[server-1.18.2-20220404.173914-srg.jar%23116!/:?]
	at net.minecraft.world.item.crafting.SimpleCookingSerializer.m_6729_(SimpleCookingSerializer.java:11) ~[server-1.18.2-20220404.173914-srg.jar%23116!/:?]
	at net.minecraftforge.common.extensions.IForgeRecipeSerializer.fromJson(IForgeRecipeSerializer.java:23) ~[forge-1.18.2-40.2.21-universal.jar%23121!/:?]
	at net.minecraft.world.item.crafting.RecipeManager.fromJson(RecipeManager.java:201) ~[server-1.18.2-20220404.173914-srg.jar%23116!/:?]
	at net.minecraft.world.item.crafting.RecipeManager.m_5787_(RecipeManager.java:67) ~[server-1.18.2-20220404.173914-srg.jar%23116!/:?]
	at net.minecraft.world.item.crafting.RecipeManager.m_5787_(RecipeManager.java:33) ~[server-1.18.2-20220404.173914-srg.jar%23116!/:?]
	at net.minecraft.server.packs.resources.SimplePreparableReloadListener.m_10789_(SimplePreparableReloadListener.java:13) ~[server-1.18.2-20220404.173914-srg.jar%23116!/:?]
	at java.util.concurrent.CompletableFuture$UniAccept.tryFire(CompletableFuture.java:718) ~[?:?]
	at java.util.concurrent.CompletableFuture$Completion.run(CompletableFuture.java:482) ~[?:?]
	at net.minecraft.server.packs.resources.SimpleReloadInstance.m_143940_(SimpleReloadInstance.java:69) ~[server-1.18.2-20220404.173914-srg.jar%23116!/:?]
	at net.minecraft.server.packs.resources.SimpleReloadInstance.m_10834_(SimpleReloadInstance.java:68) ~[server-1.18.2-20220404.173914-srg.jar%23116!/:?]
	at java.util.concurrent.CompletableFuture$UniCompletion.claim(CompletableFuture.java:572) ~[?:?]
	at java.util.concurrent.CompletableFuture$UniAccept.tryFire(CompletableFuture.java:714) ~[?:?]
	at java.util.concurrent.CompletableFuture.postComplete(CompletableFuture.java:510) ~[?:?]
	at java.util.concurrent.CompletableFuture.postFire(CompletableFuture.java:614) ~[?:?]
	at java.util.concurrent.CompletableFuture$UniAccept.tryFire(CompletableFuture.java:726) ~[?:?]
	at java.util.concurrent.CompletableFuture$Completion.run(CompletableFuture.java:482) ~[?:?]
	at net.minecraft.server.packs.resources.SimpleReloadInstance.m_143940_(SimpleReloadInstance.java:69) ~[server-1.18.2-20220404.173914-srg.jar%23116!/:?]
	at net.minecraft.server.packs.resources.SimpleReloadInstance.m_10834_(SimpleReloadInstance.java:68) ~[server-1.18.2-20220404.173914-srg.jar%23116!/:?]
	at java.util.concurrent.CompletableFuture$UniCompletion.claim(CompletableFuture.java:572) ~[?:?]
	at java.util.concurrent.CompletableFuture$UniAccept.tryFire(CompletableFuture.java:714) ~[?:?]
	at java.util.concurrent.CompletableFuture.postComplete(CompletableFuture.java:510) ~[?:?]
	at java.util.concurrent.CompletableFuture.postFire(CompletableFuture.java:614) ~[?:?]
	at java.util.concurrent.CompletableFuture$UniAccept.tryFire(CompletableFuture.java:726) ~[?:?]
	at java.util.concurrent.CompletableFuture$Completion.run(CompletableFuture.java:482) ~[?:?]
	at net.minecraft.server.packs.resources.SimpleReloadInstance.m_143940_(SimpleReloadInstance.java:69) ~[server-1.18.2-20220404.173914-srg.jar%23116!/:?]
	at net.minecraft.server.packs.resources.SimpleReloadInstance.m_10834_(SimpleReloadInstance.java:68) ~[server-1.18.2-20220404.173914-srg.jar%23116!/:?]
	at java.util.concurrent.CompletableFuture$UniCompletion.claim(CompletableFuture.java:572) ~[?:?]
	at java.util.concurrent.CompletableFuture$UniAccept.tryFire(CompletableFuture.java:714) ~[?:?]
	at java.util.concurrent.CompletableFuture.postComplete(CompletableFuture.java:510) ~[?:?]
	at java.util.concurrent.CompletableFuture.complete(CompletableFuture.java:2179) ~[?:?]
	at net.minecraft.server.packs.resources.SimpleReloadInstance$1.m_10855_(SimpleReloadInstance.java:51) ~[server-1.18.2-20220404.173914-srg.jar%23116!/:?]
	at net.minecraft.server.packs.resources.SimpleReloadInstance$1.m_6769_(SimpleReloadInstance.java:48) ~[server-1.18.2-20220404.173914-srg.jar%23116!/:?]
	at java.util.concurrent.CompletableFuture$UniCompose.tryFire(CompletableFuture.java:1150) [?:?]
	at java.util.concurrent.CompletableFuture.postComplete(CompletableFuture.java:510) [?:?]
	at java.util.concurrent.CompletableFuture$AsyncSupply.run(CompletableFuture.java:1773) [?:?]
	at java.util.concurrent.CompletableFuture$AsyncSupply.exec(CompletableFuture.java:1760) [?:?]
	at java.util.concurrent.ForkJoinTask.doExec(ForkJoinTask.java:387) [?:?]
	at java.util.concurrent.ForkJoinPool$WorkQueue.topLevelExec(ForkJoinPool.java:1312) [?:?]
	at java.util.concurrent.ForkJoinPool.scan(ForkJoinPool.java:1843) [?:?]
	at java.util.concurrent.ForkJoinPool.runWorker(ForkJoinPool.java:1808) [?:?]
	at java.util.concurrent.ForkJoinWorkerThread.run(ForkJoinWorkerThread.java:188) [?:?]
2025-03-09 02:23:52,600 [1;31mERROR[m [m[Worker-Main-4][m [mn.m.w.i.c.RecipeManager.m_5787_(77)[m: Parsing error loading recipe useless_sword:rotten_fish_rapier_recipe
com.google.gson.JsonSyntaxException: Unknown item 'aquaculture:fish_bones'
	at net.minecraft.world.item.crafting.ShapedRecipe.m_151280_(ShapedRecipe.java:343) ~[server-1.18.2-20220404.173914-srg.jar%23116!/:?]
	at java.util.Optional.orElseThrow(Optional.java:403) ~[?:?]
	at net.minecraft.world.item.crafting.ShapedRecipe.m_151278_(ShapedRecipe.java:342) ~[server-1.18.2-20220404.173914-srg.jar%23116!/:?]
	at net.minecraft.world.item.crafting.Ingredient.m_43919_(Ingredient.java:233) ~[server-1.18.2-20220404.173914-srg.jar%23116!/:?]
	at net.minecraftforge.common.crafting.VanillaIngredientSerializer.parse(VanillaIngredientSerializer.java:27) ~[forge-1.18.2-40.2.21-universal.jar%23121!/:?]
	at net.minecraftforge.common.crafting.CraftingHelper.getIngredient(CraftingHelper.java:143) ~[forge-1.18.2-40.2.21-universal.jar%23121!/:?]
	at net.minecraft.world.item.crafting.Ingredient.m_43917_(Ingredient.java:208) ~[server-1.18.2-20220404.173914-srg.jar%23116!/:?]
	at net.minecraft.world.item.crafting.ShapedRecipe.m_44210_(ShapedRecipe.java:329) ~[server-1.18.2-20220404.173914-srg.jar%23116!/:?]
	at net.minecraft.world.item.crafting.ShapedRecipe$Serializer.m_6729_(ShapedRecipe.java:356) ~[server-1.18.2-20220404.173914-srg.jar%23116!/:?]
	at net.minecraft.world.item.crafting.ShapedRecipe$Serializer.m_6729_(ShapedRecipe.java:352) ~[server-1.18.2-20220404.173914-srg.jar%23116!/:?]
	at net.minecraftforge.common.extensions.IForgeRecipeSerializer.fromJson(IForgeRecipeSerializer.java:23) ~[forge-1.18.2-40.2.21-universal.jar%23121!/:?]
	at net.minecraft.world.item.crafting.RecipeManager.fromJson(RecipeManager.java:201) ~[server-1.18.2-20220404.173914-srg.jar%23116!/:?]
	at net.minecraft.world.item.crafting.RecipeManager.m_5787_(RecipeManager.java:67) ~[server-1.18.2-20220404.173914-srg.jar%23116!/:?]
	at net.minecraft.world.item.crafting.RecipeManager.m_5787_(RecipeManager.java:33) ~[server-1.18.2-20220404.173914-srg.jar%23116!/:?]
	at net.minecraft.server.packs.resources.SimplePreparableReloadListener.m_10789_(SimplePreparableReloadListener.java:13) ~[server-1.18.2-20220404.173914-srg.jar%23116!/:?]
	at java.util.concurrent.CompletableFuture$UniAccept.tryFire(CompletableFuture.java:718) ~[?:?]
	at java.util.concurrent.CompletableFuture$Completion.run(CompletableFuture.java:482) ~[?:?]
	at net.minecraft.server.packs.resources.SimpleReloadInstance.m_143940_(SimpleReloadInstance.java:69) ~[server-1.18.2-20220404.173914-srg.jar%23116!/:?]
	at net.minecraft.server.packs.resources.SimpleReloadInstance.m_10834_(SimpleReloadInstance.java:68) ~[server-1.18.2-20220404.173914-srg.jar%23116!/:?]
	at java.util.concurrent.CompletableFuture$UniCompletion.claim(CompletableFuture.java:572) ~[?:?]
	at java.util.concurrent.CompletableFuture$UniAccept.tryFire(CompletableFuture.java:714) ~[?:?]
	at java.util.concurrent.CompletableFuture.postComplete(CompletableFuture.java:510) ~[?:?]
	at java.util.concurrent.CompletableFuture.postFire(CompletableFuture.java:614) ~[?:?]
	at java.util.concurrent.CompletableFuture$UniAccept.tryFire(CompletableFuture.java:726) ~[?:?]
	at java.util.concurrent.CompletableFuture$Completion.run(CompletableFuture.java:482) ~[?:?]
	at net.minecraft.server.packs.resources.SimpleReloadInstance.m_143940_(SimpleReloadInstance.java:69) ~[server-1.18.2-20220404.173914-srg.jar%23116!/:?]
	at net.minecraft.server.packs.resources.SimpleReloadInstance.m_10834_(SimpleReloadInstance.java:68) ~[server-1.18.2-20220404.173914-srg.jar%23116!/:?]
	at java.util.concurrent.CompletableFuture$UniCompletion.claim(CompletableFuture.java:572) ~[?:?]
	at java.util.concurrent.CompletableFuture$UniAccept.tryFire(CompletableFuture.java:714) ~[?:?]
	at java.util.concurrent.CompletableFuture.postComplete(CompletableFuture.java:510) ~[?:?]
	at java.util.concurrent.CompletableFuture.postFire(CompletableFuture.java:614) ~[?:?]
	at java.util.concurrent.CompletableFuture$UniAccept.tryFire(CompletableFuture.java:726) ~[?:?]
	at java.util.concurrent.CompletableFuture$Completion.run(CompletableFuture.java:482) ~[?:?]
	at net.minecraft.server.packs.resources.SimpleReloadInstance.m_143940_(SimpleReloadInstance.java:69) ~[server-1.18.2-20220404.173914-srg.jar%23116!/:?]
	at net.minecraft.server.packs.resources.SimpleReloadInstance.m_10834_(SimpleReloadInstance.java:68) ~[server-1.18.2-20220404.173914-srg.jar%23116!/:?]
	at java.util.concurrent.CompletableFuture$UniCompletion.claim(CompletableFuture.java:572) ~[?:?]
	at java.util.concurrent.CompletableFuture$UniAccept.tryFire(CompletableFuture.java:714) ~[?:?]
	at java.util.concurrent.CompletableFuture.postComplete(CompletableFuture.java:510) ~[?:?]
	at java.util.concurrent.CompletableFuture.complete(CompletableFuture.java:2179) ~[?:?]
	at net.minecraft.server.packs.resources.SimpleReloadInstance$1.m_10855_(SimpleReloadInstance.java:51) ~[server-1.18.2-20220404.173914-srg.jar%23116!/:?]
	at net.minecraft.server.packs.resources.SimpleReloadInstance$1.m_6769_(SimpleReloadInstance.java:48) ~[server-1.18.2-20220404.173914-srg.jar%23116!/:?]
	at java.util.concurrent.CompletableFuture$UniCompose.tryFire(CompletableFuture.java:1150) [?:?]
	at java.util.concurrent.CompletableFuture.postComplete(CompletableFuture.java:510) [?:?]
	at java.util.concurrent.CompletableFuture$AsyncSupply.run(CompletableFuture.java:1773) [?:?]
	at java.util.concurrent.CompletableFuture$AsyncSupply.exec(CompletableFuture.java:1760) [?:?]
	at java.util.concurrent.ForkJoinTask.doExec(ForkJoinTask.java:387) [?:?]
	at java.util.concurrent.ForkJoinPool$WorkQueue.topLevelExec(ForkJoinPool.java:1312) [?:?]
	at java.util.concurrent.ForkJoinPool.scan(ForkJoinPool.java:1843) [?:?]
	at java.util.concurrent.ForkJoinPool.runWorker(ForkJoinPool.java:1808) [?:?]
	at java.util.concurrent.ForkJoinWorkerThread.run(ForkJoinWorkerThread.java:188) [?:?]
2025-03-09 02:23:52,611 [1;31mERROR[m [m[Worker-Main-4][m [mn.m.w.i.c.RecipeManager.m_5787_(77)[m: Parsing error loading recipe useless_sword:pesting_rapier_recipe
com.google.gson.JsonSyntaxException: Unknown item 'twilightforest:firefly'
	at net.minecraft.world.item.crafting.ShapedRecipe.m_151280_(ShapedRecipe.java:343) ~[server-1.18.2-20220404.173914-srg.jar%23116!/:?]
	at java.util.Optional.orElseThrow(Optional.java:403) ~[?:?]
	at net.minecraft.world.item.crafting.ShapedRecipe.m_151278_(ShapedRecipe.java:342) ~[server-1.18.2-20220404.173914-srg.jar%23116!/:?]
	at net.minecraft.world.item.crafting.Ingredient.m_43919_(Ingredient.java:233) ~[server-1.18.2-20220404.173914-srg.jar%23116!/:?]
	at net.minecraftforge.common.crafting.VanillaIngredientSerializer.parse(VanillaIngredientSerializer.java:27) ~[forge-1.18.2-40.2.21-universal.jar%23121!/:?]
	at net.minecraftforge.common.crafting.CraftingHelper.getIngredient(CraftingHelper.java:143) ~[forge-1.18.2-40.2.21-universal.jar%23121!/:?]
	at net.minecraft.world.item.crafting.Ingredient.m_43917_(Ingredient.java:208) ~[server-1.18.2-20220404.173914-srg.jar%23116!/:?]
	at net.minecraft.world.item.crafting.ShapedRecipe.m_44210_(ShapedRecipe.java:329) ~[server-1.18.2-20220404.173914-srg.jar%23116!/:?]
	at net.minecraft.world.item.crafting.ShapedRecipe$Serializer.m_6729_(ShapedRecipe.java:356) ~[server-1.18.2-20220404.173914-srg.jar%23116!/:?]
	at net.minecraft.world.item.crafting.ShapedRecipe$Serializer.m_6729_(ShapedRecipe.java:352) ~[server-1.18.2-20220404.173914-srg.jar%23116!/:?]
	at net.minecraftforge.common.extensions.IForgeRecipeSerializer.fromJson(IForgeRecipeSerializer.java:23) ~[forge-1.18.2-40.2.21-universal.jar%23121!/:?]
	at net.minecraft.world.item.crafting.RecipeManager.fromJson(RecipeManager.java:201) ~[server-1.18.2-20220404.173914-srg.jar%23116!/:?]
	at net.minecraft.world.item.crafting.RecipeManager.m_5787_(RecipeManager.java:67) ~[server-1.18.2-20220404.173914-srg.jar%23116!/:?]
	at net.minecraft.world.item.crafting.RecipeManager.m_5787_(RecipeManager.java:33) ~[server-1.18.2-20220404.173914-srg.jar%23116!/:?]
	at net.minecraft.server.packs.resources.SimplePreparableReloadListener.m_10789_(SimplePreparableReloadListener.java:13) ~[server-1.18.2-20220404.173914-srg.jar%23116!/:?]
	at java.util.concurrent.CompletableFuture$UniAccept.tryFire(CompletableFuture.java:718) ~[?:?]
	at java.util.concurrent.CompletableFuture$Completion.run(CompletableFuture.java:482) ~[?:?]
	at net.minecraft.server.packs.resources.SimpleReloadInstance.m_143940_(SimpleReloadInstance.java:69) ~[server-1.18.2-20220404.173914-srg.jar%23116!/:?]
	at net.minecraft.server.packs.resources.SimpleReloadInstance.m_10834_(SimpleReloadInstance.java:68) ~[server-1.18.2-20220404.173914-srg.jar%23116!/:?]
	at java.util.concurrent.CompletableFuture$UniCompletion.claim(CompletableFuture.java:572) ~[?:?]
	at java.util.concurrent.CompletableFuture$UniAccept.tryFire(CompletableFuture.java:714) ~[?:?]
	at java.util.concurrent.CompletableFuture.postComplete(CompletableFuture.java:510) ~[?:?]
	at java.util.concurrent.CompletableFuture.postFire(CompletableFuture.java:614) ~[?:?]
	at java.util.concurrent.CompletableFuture$UniAccept.tryFire(CompletableFuture.java:726) ~[?:?]
	at java.util.concurrent.CompletableFuture$Completion.run(CompletableFuture.java:482) ~[?:?]
	at net.minecraft.server.packs.resources.SimpleReloadInstance.m_143940_(SimpleReloadInstance.java:69) ~[server-1.18.2-20220404.173914-srg.jar%23116!/:?]
	at net.minecraft.server.packs.resources.SimpleReloadInstance.m_10834_(SimpleReloadInstance.java:68) ~[server-1.18.2-20220404.173914-srg.jar%23116!/:?]
	at java.util.concurrent.CompletableFuture$UniCompletion.claim(CompletableFuture.java:572) ~[?:?]
	at java.util.concurrent.CompletableFuture$UniAccept.tryFire(CompletableFuture.java:714) ~[?:?]
	at java.util.concurrent.CompletableFuture.postComplete(CompletableFuture.java:510) ~[?:?]
	at java.util.concurrent.CompletableFuture.postFire(CompletableFuture.java:614) ~[?:?]
	at java.util.concurrent.CompletableFuture$UniAccept.tryFire(CompletableFuture.java:726) ~[?:?]
	at java.util.concurrent.CompletableFuture$Completion.run(CompletableFuture.java:482) ~[?:?]
	at net.minecraft.server.packs.resources.SimpleReloadInstance.m_143940_(SimpleReloadInstance.java:69) ~[server-1.18.2-20220404.173914-srg.jar%23116!/:?]
	at net.minecraft.server.packs.resources.SimpleReloadInstance.m_10834_(SimpleReloadInstance.java:68) ~[server-1.18.2-20220404.173914-srg.jar%23116!/:?]
	at java.util.concurrent.CompletableFuture$UniCompletion.claim(CompletableFuture.java:572) ~[?:?]
	at java.util.concurrent.CompletableFuture$UniAccept.tryFire(CompletableFuture.java:714) ~[?:?]
	at java.util.concurrent.CompletableFuture.postComplete(CompletableFuture.java:510) ~[?:?]
	at java.util.concurrent.CompletableFuture.complete(CompletableFuture.java:2179) ~[?:?]
	at net.minecraft.server.packs.resources.SimpleReloadInstance$1.m_10855_(SimpleReloadInstance.java:51) ~[server-1.18.2-20220404.173914-srg.jar%23116!/:?]
	at net.minecraft.server.packs.resources.SimpleReloadInstance$1.m_6769_(SimpleReloadInstance.java:48) ~[server-1.18.2-20220404.173914-srg.jar%23116!/:?]
	at java.util.concurrent.CompletableFuture$UniCompose.tryFire(CompletableFuture.java:1150) [?:?]
	at java.util.concurrent.CompletableFuture.postComplete(CompletableFuture.java:510) [?:?]
	at java.util.concurrent.CompletableFuture$AsyncSupply.run(CompletableFuture.java:1773) [?:?]
	at java.util.concurrent.CompletableFuture$AsyncSupply.exec(CompletableFuture.java:1760) [?:?]
	at java.util.concurrent.ForkJoinTask.doExec(ForkJoinTask.java:387) [?:?]
	at java.util.concurrent.ForkJoinPool$WorkQueue.topLevelExec(ForkJoinPool.java:1312) [?:?]
	at java.util.concurrent.ForkJoinPool.scan(ForkJoinPool.java:1843) [?:?]
	at java.util.concurrent.ForkJoinPool.runWorker(ForkJoinPool.java:1808) [?:?]
	at java.util.concurrent.ForkJoinWorkerThread.run(ForkJoinWorkerThread.java:188) [?:?]
2025-03-09 02:23:52,620 [1;31mERROR[m [m[Worker-Main-4][m [mn.m.w.i.c.RecipeManager.m_5787_(77)[m: Parsing error loading recipe useless_sword:ravager_sword_craft_2
com.google.gson.JsonSyntaxException: Unknown item 'quark:ravager_hide'
	at net.minecraft.world.item.crafting.ShapedRecipe.m_151280_(ShapedRecipe.java:343) ~[server-1.18.2-20220404.173914-srg.jar%23116!/:?]
	at java.util.Optional.orElseThrow(Optional.java:403) ~[?:?]
	at net.minecraft.world.item.crafting.ShapedRecipe.m_151278_(ShapedRecipe.java:342) ~[server-1.18.2-20220404.173914-srg.jar%23116!/:?]
	at net.minecraft.world.item.crafting.Ingredient.m_43919_(Ingredient.java:233) ~[server-1.18.2-20220404.173914-srg.jar%23116!/:?]
	at net.minecraftforge.common.crafting.VanillaIngredientSerializer.parse(VanillaIngredientSerializer.java:27) ~[forge-1.18.2-40.2.21-universal.jar%23121!/:?]
	at net.minecraftforge.common.crafting.CraftingHelper.getIngredient(CraftingHelper.java:143) ~[forge-1.18.2-40.2.21-universal.jar%23121!/:?]
	at net.minecraft.world.item.crafting.Ingredient.m_43917_(Ingredient.java:208) ~[server-1.18.2-20220404.173914-srg.jar%23116!/:?]
	at net.minecraft.world.item.crafting.ShapedRecipe.m_44210_(ShapedRecipe.java:329) ~[server-1.18.2-20220404.173914-srg.jar%23116!/:?]
	at net.minecraft.world.item.crafting.ShapedRecipe$Serializer.m_6729_(ShapedRecipe.java:356) ~[server-1.18.2-20220404.173914-srg.jar%23116!/:?]
	at net.minecraft.world.item.crafting.ShapedRecipe$Serializer.m_6729_(ShapedRecipe.java:352) ~[server-1.18.2-20220404.173914-srg.jar%23116!/:?]
	at net.minecraftforge.common.extensions.IForgeRecipeSerializer.fromJson(IForgeRecipeSerializer.java:23) ~[forge-1.18.2-40.2.21-universal.jar%23121!/:?]
	at net.minecraft.world.item.crafting.RecipeManager.fromJson(RecipeManager.java:201) ~[server-1.18.2-20220404.173914-srg.jar%23116!/:?]
	at net.minecraft.world.item.crafting.RecipeManager.m_5787_(RecipeManager.java:67) ~[server-1.18.2-20220404.173914-srg.jar%23116!/:?]
	at net.minecraft.world.item.crafting.RecipeManager.m_5787_(RecipeManager.java:33) ~[server-1.18.2-20220404.173914-srg.jar%23116!/:?]
	at net.minecraft.server.packs.resources.SimplePreparableReloadListener.m_10789_(SimplePreparableReloadListener.java:13) ~[server-1.18.2-20220404.173914-srg.jar%23116!/:?]
	at java.util.concurrent.CompletableFuture$UniAccept.tryFire(CompletableFuture.java:718) ~[?:?]
	at java.util.concurrent.CompletableFuture$Completion.run(CompletableFuture.java:482) ~[?:?]
	at net.minecraft.server.packs.resources.SimpleReloadInstance.m_143940_(SimpleReloadInstance.java:69) ~[server-1.18.2-20220404.173914-srg.jar%23116!/:?]
	at net.minecraft.server.packs.resources.SimpleReloadInstance.m_10834_(SimpleReloadInstance.java:68) ~[server-1.18.2-20220404.173914-srg.jar%23116!/:?]
	at java.util.concurrent.CompletableFuture$UniCompletion.claim(CompletableFuture.java:572) ~[?:?]
	at java.util.concurrent.CompletableFuture$UniAccept.tryFire(CompletableFuture.java:714) ~[?:?]
	at java.util.concurrent.CompletableFuture.postComplete(CompletableFuture.java:510) ~[?:?]
	at java.util.concurrent.CompletableFuture.postFire(CompletableFuture.java:614) ~[?:?]
	at java.util.concurrent.CompletableFuture$UniAccept.tryFire(CompletableFuture.java:726) ~[?:?]
	at java.util.concurrent.CompletableFuture$Completion.run(CompletableFuture.java:482) ~[?:?]
	at net.minecraft.server.packs.resources.SimpleReloadInstance.m_143940_(SimpleReloadInstance.java:69) ~[server-1.18.2-20220404.173914-srg.jar%23116!/:?]
	at net.minecraft.server.packs.resources.SimpleReloadInstance.m_10834_(SimpleReloadInstance.java:68) ~[server-1.18.2-20220404.173914-srg.jar%23116!/:?]
	at java.util.concurrent.CompletableFuture$UniCompletion.claim(CompletableFuture.java:572) ~[?:?]
	at java.util.concurrent.CompletableFuture$UniAccept.tryFire(CompletableFuture.java:714) ~[?:?]
	at java.util.concurrent.CompletableFuture.postComplete(CompletableFuture.java:510) ~[?:?]
	at java.util.concurrent.CompletableFuture.postFire(CompletableFuture.java:614) ~[?:?]
	at java.util.concurrent.CompletableFuture$UniAccept.tryFire(CompletableFuture.java:726) ~[?:?]
	at java.util.concurrent.CompletableFuture$Completion.run(CompletableFuture.java:482) ~[?:?]
	at net.minecraft.server.packs.resources.SimpleReloadInstance.m_143940_(SimpleReloadInstance.java:69) ~[server-1.18.2-20220404.173914-srg.jar%23116!/:?]
	at net.minecraft.server.packs.resources.SimpleReloadInstance.m_10834_(SimpleReloadInstance.java:68) ~[server-1.18.2-20220404.173914-srg.jar%23116!/:?]
	at java.util.concurrent.CompletableFuture$UniCompletion.claim(CompletableFuture.java:572) ~[?:?]
	at java.util.concurrent.CompletableFuture$UniAccept.tryFire(CompletableFuture.java:714) ~[?:?]
	at java.util.concurrent.CompletableFuture.postComplete(CompletableFuture.java:510) ~[?:?]
	at java.util.concurrent.CompletableFuture.complete(CompletableFuture.java:2179) ~[?:?]
	at net.minecraft.server.packs.resources.SimpleReloadInstance$1.m_10855_(SimpleReloadInstance.java:51) ~[server-1.18.2-20220404.173914-srg.jar%23116!/:?]
	at net.minecraft.server.packs.resources.SimpleReloadInstance$1.m_6769_(SimpleReloadInstance.java:48) ~[server-1.18.2-20220404.173914-srg.jar%23116!/:?]
	at java.util.concurrent.CompletableFuture$UniCompose.tryFire(CompletableFuture.java:1150) [?:?]
	at java.util.concurrent.CompletableFuture.postComplete(CompletableFuture.java:510) [?:?]
	at java.util.concurrent.CompletableFuture$AsyncSupply.run(CompletableFuture.java:1773) [?:?]
	at java.util.concurrent.CompletableFuture$AsyncSupply.exec(CompletableFuture.java:1760) [?:?]
	at java.util.concurrent.ForkJoinTask.doExec(ForkJoinTask.java:387) [?:?]
	at java.util.concurrent.ForkJoinPool$WorkQueue.topLevelExec(ForkJoinPool.java:1312) [?:?]
	at java.util.concurrent.ForkJoinPool.scan(ForkJoinPool.java:1843) [?:?]
	at java.util.concurrent.ForkJoinPool.runWorker(ForkJoinPool.java:1808) [?:?]
	at java.util.concurrent.ForkJoinWorkerThread.run(ForkJoinWorkerThread.java:188) [?:?]
2025-03-09 02:23:52,629 [1;31mERROR[m [m[Worker-Main-4][m [mn.m.w.i.c.RecipeManager.m_5787_(77)[m: Parsing error loading recipe tac:epic_material
com.google.gson.JsonSyntaxException: Missing type, expected to find a string
	at net.minecraft.util.GsonHelper.m_13906_(GsonHelper.java:112) ~[server-1.18.2-20220404.173914-srg.jar%23116!/:?]
	at net.minecraft.world.item.crafting.RecipeManager.fromJson(RecipeManager.java:198) ~[server-1.18.2-20220404.173914-srg.jar%23116!/:?]
	at net.minecraft.world.item.crafting.RecipeManager.m_5787_(RecipeManager.java:67) ~[server-1.18.2-20220404.173914-srg.jar%23116!/:?]
	at net.minecraft.world.item.crafting.RecipeManager.m_5787_(RecipeManager.java:33) ~[server-1.18.2-20220404.173914-srg.jar%23116!/:?]
	at net.minecraft.server.packs.resources.SimplePreparableReloadListener.m_10789_(SimplePreparableReloadListener.java:13) ~[server-1.18.2-20220404.173914-srg.jar%23116!/:?]
	at java.util.concurrent.CompletableFuture$UniAccept.tryFire(CompletableFuture.java:718) ~[?:?]
	at java.util.concurrent.CompletableFuture$Completion.run(CompletableFuture.java:482) ~[?:?]
	at net.minecraft.server.packs.resources.SimpleReloadInstance.m_143940_(SimpleReloadInstance.java:69) ~[server-1.18.2-20220404.173914-srg.jar%23116!/:?]
	at net.minecraft.server.packs.resources.SimpleReloadInstance.m_10834_(SimpleReloadInstance.java:68) ~[server-1.18.2-20220404.173914-srg.jar%23116!/:?]
	at java.util.concurrent.CompletableFuture$UniCompletion.claim(CompletableFuture.java:572) ~[?:?]
	at java.util.concurrent.CompletableFuture$UniAccept.tryFire(CompletableFuture.java:714) ~[?:?]
	at java.util.concurrent.CompletableFuture.postComplete(CompletableFuture.java:510) ~[?:?]
	at java.util.concurrent.CompletableFuture.postFire(CompletableFuture.java:614) ~[?:?]
	at java.util.concurrent.CompletableFuture$UniAccept.tryFire(CompletableFuture.java:726) ~[?:?]
	at java.util.concurrent.CompletableFuture$Completion.run(CompletableFuture.java:482) ~[?:?]
	at net.minecraft.server.packs.resources.SimpleReloadInstance.m_143940_(SimpleReloadInstance.java:69) ~[server-1.18.2-20220404.173914-srg.jar%23116!/:?]
	at net.minecraft.server.packs.resources.SimpleReloadInstance.m_10834_(SimpleReloadInstance.java:68) ~[server-1.18.2-20220404.173914-srg.jar%23116!/:?]
	at java.util.concurrent.CompletableFuture$UniCompletion.claim(CompletableFuture.java:572) ~[?:?]
	at java.util.concurrent.CompletableFuture$UniAccept.tryFire(CompletableFuture.java:714) ~[?:?]
	at java.util.concurrent.CompletableFuture.postComplete(CompletableFuture.java:510) ~[?:?]
	at java.util.concurrent.CompletableFuture.postFire(CompletableFuture.java:614) ~[?:?]
	at java.util.concurrent.CompletableFuture$UniAccept.tryFire(CompletableFuture.java:726) ~[?:?]
	at java.util.concurrent.CompletableFuture$Completion.run(CompletableFuture.java:482) ~[?:?]
	at net.minecraft.server.packs.resources.SimpleReloadInstance.m_143940_(SimpleReloadInstance.java:69) ~[server-1.18.2-20220404.173914-srg.jar%23116!/:?]
	at net.minecraft.server.packs.resources.SimpleReloadInstance.m_10834_(SimpleReloadInstance.java:68) ~[server-1.18.2-20220404.173914-srg.jar%23116!/:?]
	at java.util.concurrent.CompletableFuture$UniCompletion.claim(CompletableFuture.java:572) ~[?:?]
	at java.util.concurrent.CompletableFuture$UniAccept.tryFire(CompletableFuture.java:714) ~[?:?]
	at java.util.concurrent.CompletableFuture.postComplete(CompletableFuture.java:510) ~[?:?]
	at java.util.concurrent.CompletableFuture.complete(CompletableFuture.java:2179) ~[?:?]
	at net.minecraft.server.packs.resources.SimpleReloadInstance$1.m_10855_(SimpleReloadInstance.java:51) ~[server-1.18.2-20220404.173914-srg.jar%23116!/:?]
	at net.minecraft.server.packs.resources.SimpleReloadInstance$1.m_6769_(SimpleReloadInstance.java:48) ~[server-1.18.2-20220404.173914-srg.jar%23116!/:?]
	at java.util.concurrent.CompletableFuture$UniCompose.tryFire(CompletableFuture.java:1150) [?:?]
	at java.util.concurrent.CompletableFuture.postComplete(CompletableFuture.java:510) [?:?]
	at java.util.concurrent.CompletableFuture$AsyncSupply.run(CompletableFuture.java:1773) [?:?]
	at java.util.concurrent.CompletableFuture$AsyncSupply.exec(CompletableFuture.java:1760) [?:?]
	at java.util.concurrent.ForkJoinTask.doExec(ForkJoinTask.java:387) [?:?]
	at java.util.concurrent.ForkJoinPool$WorkQueue.topLevelExec(ForkJoinPool.java:1312) [?:?]
	at java.util.concurrent.ForkJoinPool.scan(ForkJoinPool.java:1843) [?:?]
	at java.util.concurrent.ForkJoinPool.runWorker(ForkJoinPool.java:1808) [?:?]
	at java.util.concurrent.ForkJoinWorkerThread.run(ForkJoinWorkerThread.java:188) [?:?]
2025-03-09 02:23:52,642 [1;31mERROR[m [m[Worker-Main-4][m [mn.m.w.i.c.RecipeManager.m_5787_(77)[m: Parsing error loading recipe rpgsmw:b
com.google.gson.JsonSyntaxException: Unknown item 'rpgsmw:deleted_mod_element'
	at net.minecraftforge.common.crafting.CraftingHelper.getItem(CraftingHelper.java:155) ~[forge-1.18.2-40.2.21-universal.jar%23121!/:?]
	at net.minecraftforge.common.crafting.CraftingHelper.getItemStack(CraftingHelper.java:181) ~[forge-1.18.2-40.2.21-universal.jar%23121!/:?]
	at net.minecraft.world.item.crafting.ShapedRecipe.m_151274_(ShapedRecipe.java:337) ~[server-1.18.2-20220404.173914-srg.jar%23116!/:?]
	at net.minecraft.world.item.crafting.ShapelessRecipe$Serializer.m_6729_(ShapelessRecipe.java:108) ~[server-1.18.2-20220404.173914-srg.jar%23116!/:?]
	at net.minecraft.world.item.crafting.ShapelessRecipe$Serializer.m_6729_(ShapelessRecipe.java:98) ~[server-1.18.2-20220404.173914-srg.jar%23116!/:?]
	at net.minecraftforge.common.extensions.IForgeRecipeSerializer.fromJson(IForgeRecipeSerializer.java:23) ~[forge-1.18.2-40.2.21-universal.jar%23121!/:?]
	at net.minecraft.world.item.crafting.RecipeManager.fromJson(RecipeManager.java:201) ~[server-1.18.2-20220404.173914-srg.jar%23116!/:?]
	at net.minecraft.world.item.crafting.RecipeManager.m_5787_(RecipeManager.java:67) ~[server-1.18.2-20220404.173914-srg.jar%23116!/:?]
	at net.minecraft.world.item.crafting.RecipeManager.m_5787_(RecipeManager.java:33) ~[server-1.18.2-20220404.173914-srg.jar%23116!/:?]
	at net.minecraft.server.packs.resources.SimplePreparableReloadListener.m_10789_(SimplePreparableReloadListener.java:13) ~[server-1.18.2-20220404.173914-srg.jar%23116!/:?]
	at java.util.concurrent.CompletableFuture$UniAccept.tryFire(CompletableFuture.java:718) ~[?:?]
	at java.util.concurrent.CompletableFuture$Completion.run(CompletableFuture.java:482) ~[?:?]
	at net.minecraft.server.packs.resources.SimpleReloadInstance.m_143940_(SimpleReloadInstance.java:69) ~[server-1.18.2-20220404.173914-srg.jar%23116!/:?]
	at net.minecraft.server.packs.resources.SimpleReloadInstance.m_10834_(SimpleReloadInstance.java:68) ~[server-1.18.2-20220404.173914-srg.jar%23116!/:?]
	at java.util.concurrent.CompletableFuture$UniCompletion.claim(CompletableFuture.java:572) ~[?:?]
	at java.util.concurrent.CompletableFuture$UniAccept.tryFire(CompletableFuture.java:714) ~[?:?]
	at java.util.concurrent.CompletableFuture.postComplete(CompletableFuture.java:510) ~[?:?]
	at java.util.concurrent.CompletableFuture.postFire(CompletableFuture.java:614) ~[?:?]
	at java.util.concurrent.CompletableFuture$UniAccept.tryFire(CompletableFuture.java:726) ~[?:?]
	at java.util.concurrent.CompletableFuture$Completion.run(CompletableFuture.java:482) ~[?:?]
	at net.minecraft.server.packs.resources.SimpleReloadInstance.m_143940_(SimpleReloadInstance.java:69) ~[server-1.18.2-20220404.173914-srg.jar%23116!/:?]
	at net.minecraft.server.packs.resources.SimpleReloadInstance.m_10834_(SimpleReloadInstance.java:68) ~[server-1.18.2-20220404.173914-srg.jar%23116!/:?]
	at java.util.concurrent.CompletableFuture$UniCompletion.claim(CompletableFuture.java:572) ~[?:?]
	at java.util.concurrent.CompletableFuture$UniAccept.tryFire(CompletableFuture.java:714) ~[?:?]
	at java.util.concurrent.CompletableFuture.postComplete(CompletableFuture.java:510) ~[?:?]
	at java.util.concurrent.CompletableFuture.postFire(CompletableFuture.java:614) ~[?:?]
	at java.util.concurrent.CompletableFuture$UniAccept.tryFire(CompletableFuture.java:726) ~[?:?]
	at java.util.concurrent.CompletableFuture$Completion.run(CompletableFuture.java:482) ~[?:?]
	at net.minecraft.server.packs.resources.SimpleReloadInstance.m_143940_(SimpleReloadInstance.java:69) ~[server-1.18.2-20220404.173914-srg.jar%23116!/:?]
	at net.minecraft.server.packs.resources.SimpleReloadInstance.m_10834_(SimpleReloadInstance.java:68) ~[server-1.18.2-20220404.173914-srg.jar%23116!/:?]
	at java.util.concurrent.CompletableFuture$UniCompletion.claim(CompletableFuture.java:572) ~[?:?]
	at java.util.concurrent.CompletableFuture$UniAccept.tryFire(CompletableFuture.java:714) ~[?:?]
	at java.util.concurrent.CompletableFuture.postComplete(CompletableFuture.java:510) ~[?:?]
	at java.util.concurrent.CompletableFuture.complete(CompletableFuture.java:2179) ~[?:?]
	at net.minecraft.server.packs.resources.SimpleReloadInstance$1.m_10855_(SimpleReloadInstance.java:51) ~[server-1.18.2-20220404.173914-srg.jar%23116!/:?]
	at net.minecraft.server.packs.resources.SimpleReloadInstance$1.m_6769_(SimpleReloadInstance.java:48) ~[server-1.18.2-20220404.173914-srg.jar%23116!/:?]
	at java.util.concurrent.CompletableFuture$UniCompose.tryFire(CompletableFuture.java:1150) [?:?]
	at java.util.concurrent.CompletableFuture.postComplete(CompletableFuture.java:510) [?:?]
	at java.util.concurrent.CompletableFuture$AsyncSupply.run(CompletableFuture.java:1773) [?:?]
	at java.util.concurrent.CompletableFuture$AsyncSupply.exec(CompletableFuture.java:1760) [?:?]
	at java.util.concurrent.ForkJoinTask.doExec(ForkJoinTask.java:387) [?:?]
	at java.util.concurrent.ForkJoinPool$WorkQueue.topLevelExec(ForkJoinPool.java:1312) [?:?]
	at java.util.concurrent.ForkJoinPool.scan(ForkJoinPool.java:1843) [?:?]
	at java.util.concurrent.ForkJoinPool.runWorker(ForkJoinPool.java:1808) [?:?]
	at java.util.concurrent.ForkJoinWorkerThread.run(ForkJoinWorkerThread.java:188) [?:?]
2025-03-09 02:23:52,644 [1;31mERROR[m [m[Worker-Main-4][m [mn.m.w.i.c.RecipeManager.m_5787_(77)[m: Parsing error loading recipe useless_sword:chitin_stinger_recipe
com.google.gson.JsonSyntaxException: Unknown item 'druidcraft:chitin'
	at net.minecraft.world.item.crafting.ShapedRecipe.m_151280_(ShapedRecipe.java:343) ~[server-1.18.2-20220404.173914-srg.jar%23116!/:?]
	at java.util.Optional.orElseThrow(Optional.java:403) ~[?:?]
	at net.minecraft.world.item.crafting.ShapedRecipe.m_151278_(ShapedRecipe.java:342) ~[server-1.18.2-20220404.173914-srg.jar%23116!/:?]
	at net.minecraft.world.item.crafting.Ingredient.m_43919_(Ingredient.java:233) ~[server-1.18.2-20220404.173914-srg.jar%23116!/:?]
	at net.minecraftforge.common.crafting.VanillaIngredientSerializer.parse(VanillaIngredientSerializer.java:27) ~[forge-1.18.2-40.2.21-universal.jar%23121!/:?]
	at net.minecraftforge.common.crafting.CraftingHelper.getIngredient(CraftingHelper.java:143) ~[forge-1.18.2-40.2.21-universal.jar%23121!/:?]
	at net.minecraft.world.item.crafting.Ingredient.m_43917_(Ingredient.java:208) ~[server-1.18.2-20220404.173914-srg.jar%23116!/:?]
	at net.minecraft.world.item.crafting.ShapedRecipe.m_44210_(ShapedRecipe.java:329) ~[server-1.18.2-20220404.173914-srg.jar%23116!/:?]
	at net.minecraft.world.item.crafting.ShapedRecipe$Serializer.m_6729_(ShapedRecipe.java:356) ~[server-1.18.2-20220404.173914-srg.jar%23116!/:?]
	at net.minecraft.world.item.crafting.ShapedRecipe$Serializer.m_6729_(ShapedRecipe.java:352) ~[server-1.18.2-20220404.173914-srg.jar%23116!/:?]
	at net.minecraftforge.common.extensions.IForgeRecipeSerializer.fromJson(IForgeRecipeSerializer.java:23) ~[forge-1.18.2-40.2.21-universal.jar%23121!/:?]
	at net.minecraft.world.item.crafting.RecipeManager.fromJson(RecipeManager.java:201) ~[server-1.18.2-20220404.173914-srg.jar%23116!/:?]
	at net.minecraft.world.item.crafting.RecipeManager.m_5787_(RecipeManager.java:67) ~[server-1.18.2-20220404.173914-srg.jar%23116!/:?]
	at net.minecraft.world.item.crafting.RecipeManager.m_5787_(RecipeManager.java:33) ~[server-1.18.2-20220404.173914-srg.jar%23116!/:?]
	at net.minecraft.server.packs.resources.SimplePreparableReloadListener.m_10789_(SimplePreparableReloadListener.java:13) ~[server-1.18.2-20220404.173914-srg.jar%23116!/:?]
	at java.util.concurrent.CompletableFuture$UniAccept.tryFire(CompletableFuture.java:718) ~[?:?]
	at java.util.concurrent.CompletableFuture$Completion.run(CompletableFuture.java:482) ~[?:?]
	at net.minecraft.server.packs.resources.SimpleReloadInstance.m_143940_(SimpleReloadInstance.java:69) ~[server-1.18.2-20220404.173914-srg.jar%23116!/:?]
	at net.minecraft.server.packs.resources.SimpleReloadInstance.m_10834_(SimpleReloadInstance.java:68) ~[server-1.18.2-20220404.173914-srg.jar%23116!/:?]
	at java.util.concurrent.CompletableFuture$UniCompletion.claim(CompletableFuture.java:572) ~[?:?]
	at java.util.concurrent.CompletableFuture$UniAccept.tryFire(CompletableFuture.java:714) ~[?:?]
	at java.util.concurrent.CompletableFuture.postComplete(CompletableFuture.java:510) ~[?:?]
	at java.util.concurrent.CompletableFuture.postFire(CompletableFuture.java:614) ~[?:?]
	at java.util.concurrent.CompletableFuture$UniAccept.tryFire(CompletableFuture.java:726) ~[?:?]
	at java.util.concurrent.CompletableFuture$Completion.run(CompletableFuture.java:482) ~[?:?]
	at net.minecraft.server.packs.resources.SimpleReloadInstance.m_143940_(SimpleReloadInstance.java:69) ~[server-1.18.2-20220404.173914-srg.jar%23116!/:?]
	at net.minecraft.server.packs.resources.SimpleReloadInstance.m_10834_(SimpleReloadInstance.java:68) ~[server-1.18.2-20220404.173914-srg.jar%23116!/:?]
	at java.util.concurrent.CompletableFuture$UniCompletion.claim(CompletableFuture.java:572) ~[?:?]
	at java.util.concurrent.CompletableFuture$UniAccept.tryFire(CompletableFuture.java:714) ~[?:?]
	at java.util.concurrent.CompletableFuture.postComplete(CompletableFuture.java:510) ~[?:?]
	at java.util.concurrent.CompletableFuture.postFire(CompletableFuture.java:614) ~[?:?]
	at java.util.concurrent.CompletableFuture$UniAccept.tryFire(CompletableFuture.java:726) ~[?:?]
	at java.util.concurrent.CompletableFuture$Completion.run(CompletableFuture.java:482) ~[?:?]
	at net.minecraft.server.packs.resources.SimpleReloadInstance.m_143940_(SimpleReloadInstance.java:69) ~[server-1.18.2-20220404.173914-srg.jar%23116!/:?]
	at net.minecraft.server.packs.resources.SimpleReloadInstance.m_10834_(SimpleReloadInstance.java:68) ~[server-1.18.2-20220404.173914-srg.jar%23116!/:?]
	at java.util.concurrent.CompletableFuture$UniCompletion.claim(CompletableFuture.java:572) ~[?:?]
	at java.util.concurrent.CompletableFuture$UniAccept.tryFire(CompletableFuture.java:714) ~[?:?]
	at java.util.concurrent.CompletableFuture.postComplete(CompletableFuture.java:510) ~[?:?]
	at java.util.concurrent.CompletableFuture.complete(CompletableFuture.java:2179) ~[?:?]
	at net.minecraft.server.packs.resources.SimpleReloadInstance$1.m_10855_(SimpleReloadInstance.java:51) ~[server-1.18.2-20220404.173914-srg.jar%23116!/:?]
	at net.minecraft.server.packs.resources.SimpleReloadInstance$1.m_6769_(SimpleReloadInstance.java:48) ~[server-1.18.2-20220404.173914-srg.jar%23116!/:?]
	at java.util.concurrent.CompletableFuture$UniCompose.tryFire(CompletableFuture.java:1150) [?:?]
	at java.util.concurrent.CompletableFuture.postComplete(CompletableFuture.java:510) [?:?]
	at java.util.concurrent.CompletableFuture$AsyncSupply.run(CompletableFuture.java:1773) [?:?]
	at java.util.concurrent.CompletableFuture$AsyncSupply.exec(CompletableFuture.java:1760) [?:?]
	at java.util.concurrent.ForkJoinTask.doExec(ForkJoinTask.java:387) [?:?]
	at java.util.concurrent.ForkJoinPool$WorkQueue.topLevelExec(ForkJoinPool.java:1312) [?:?]
	at java.util.concurrent.ForkJoinPool.scan(ForkJoinPool.java:1843) [?:?]
	at java.util.concurrent.ForkJoinPool.runWorker(ForkJoinPool.java:1808) [?:?]
	at java.util.concurrent.ForkJoinWorkerThread.run(ForkJoinWorkerThread.java:188) [?:?]
2025-03-09 02:23:52,646 [1;31mERROR[m [m[Worker-Main-4][m [mn.m.w.i.c.RecipeManager.m_5787_(77)[m: Parsing error loading recipe useless_sword:brass_head_turner_recipe
com.google.gson.JsonSyntaxException: Unknown item 'create:turntable'
	at net.minecraft.world.item.crafting.ShapedRecipe.m_151280_(ShapedRecipe.java:343) ~[server-1.18.2-20220404.173914-srg.jar%23116!/:?]
	at java.util.Optional.orElseThrow(Optional.java:403) ~[?:?]
	at net.minecraft.world.item.crafting.ShapedRecipe.m_151278_(ShapedRecipe.java:342) ~[server-1.18.2-20220404.173914-srg.jar%23116!/:?]
	at net.minecraft.world.item.crafting.Ingredient.m_43919_(Ingredient.java:233) ~[server-1.18.2-20220404.173914-srg.jar%23116!/:?]
	at net.minecraftforge.common.crafting.VanillaIngredientSerializer.parse(VanillaIngredientSerializer.java:27) ~[forge-1.18.2-40.2.21-universal.jar%23121!/:?]
	at net.minecraftforge.common.crafting.CraftingHelper.getIngredient(CraftingHelper.java:143) ~[forge-1.18.2-40.2.21-universal.jar%23121!/:?]
	at net.minecraft.world.item.crafting.Ingredient.m_43917_(Ingredient.java:208) ~[server-1.18.2-20220404.173914-srg.jar%23116!/:?]
	at net.minecraft.world.item.crafting.ShapedRecipe.m_44210_(ShapedRecipe.java:329) ~[server-1.18.2-20220404.173914-srg.jar%23116!/:?]
	at net.minecraft.world.item.crafting.ShapedRecipe$Serializer.m_6729_(ShapedRecipe.java:356) ~[server-1.18.2-20220404.173914-srg.jar%23116!/:?]
	at net.minecraft.world.item.crafting.ShapedRecipe$Serializer.m_6729_(ShapedRecipe.java:352) ~[server-1.18.2-20220404.173914-srg.jar%23116!/:?]
	at net.minecraftforge.common.extensions.IForgeRecipeSerializer.fromJson(IForgeRecipeSerializer.java:23) ~[forge-1.18.2-40.2.21-universal.jar%23121!/:?]
	at net.minecraft.world.item.crafting.RecipeManager.fromJson(RecipeManager.java:201) ~[server-1.18.2-20220404.173914-srg.jar%23116!/:?]
	at net.minecraft.world.item.crafting.RecipeManager.m_5787_(RecipeManager.java:67) ~[server-1.18.2-20220404.173914-srg.jar%23116!/:?]
	at net.minecraft.world.item.crafting.RecipeManager.m_5787_(RecipeManager.java:33) ~[server-1.18.2-20220404.173914-srg.jar%23116!/:?]
	at net.minecraft.server.packs.resources.SimplePreparableReloadListener.m_10789_(SimplePreparableReloadListener.java:13) ~[server-1.18.2-20220404.173914-srg.jar%23116!/:?]
	at java.util.concurrent.CompletableFuture$UniAccept.tryFire(CompletableFuture.java:718) ~[?:?]
	at java.util.concurrent.CompletableFuture$Completion.run(CompletableFuture.java:482) ~[?:?]
	at net.minecraft.server.packs.resources.SimpleReloadInstance.m_143940_(SimpleReloadInstance.java:69) ~[server-1.18.2-20220404.173914-srg.jar%23116!/:?]
	at net.minecraft.server.packs.resources.SimpleReloadInstance.m_10834_(SimpleReloadInstance.java:68) ~[server-1.18.2-20220404.173914-srg.jar%23116!/:?]
	at java.util.concurrent.CompletableFuture$UniCompletion.claim(CompletableFuture.java:572) ~[?:?]
	at java.util.concurrent.CompletableFuture$UniAccept.tryFire(CompletableFuture.java:714) ~[?:?]
	at java.util.concurrent.CompletableFuture.postComplete(CompletableFuture.java:510) ~[?:?]
	at java.util.concurrent.CompletableFuture.postFire(CompletableFuture.java:614) ~[?:?]
	at java.util.concurrent.CompletableFuture$UniAccept.tryFire(CompletableFuture.java:726) ~[?:?]
	at java.util.concurrent.CompletableFuture$Completion.run(CompletableFuture.java:482) ~[?:?]
	at net.minecraft.server.packs.resources.SimpleReloadInstance.m_143940_(SimpleReloadInstance.java:69) ~[server-1.18.2-20220404.173914-srg.jar%23116!/:?]
	at net.minecraft.server.packs.resources.SimpleReloadInstance.m_10834_(SimpleReloadInstance.java:68) ~[server-1.18.2-20220404.173914-srg.jar%23116!/:?]
	at java.util.concurrent.CompletableFuture$UniCompletion.claim(CompletableFuture.java:572) ~[?:?]
	at java.util.concurrent.CompletableFuture$UniAccept.tryFire(CompletableFuture.java:714) ~[?:?]
	at java.util.concurrent.CompletableFuture.postComplete(CompletableFuture.java:510) ~[?:?]
	at java.util.concurrent.CompletableFuture.postFire(CompletableFuture.java:614) ~[?:?]
	at java.util.concurrent.CompletableFuture$UniAccept.tryFire(CompletableFuture.java:726) ~[?:?]
	at java.util.concurrent.CompletableFuture$Completion.run(CompletableFuture.java:482) ~[?:?]
	at net.minecraft.server.packs.resources.SimpleReloadInstance.m_143940_(SimpleReloadInstance.java:69) ~[server-1.18.2-20220404.173914-srg.jar%23116!/:?]
	at net.minecraft.server.packs.resources.SimpleReloadInstance.m_10834_(SimpleReloadInstance.java:68) ~[server-1.18.2-20220404.173914-srg.jar%23116!/:?]
	at java.util.concurrent.CompletableFuture$UniCompletion.claim(CompletableFuture.java:572) ~[?:?]
	at java.util.concurrent.CompletableFuture$UniAccept.tryFire(CompletableFuture.java:714) ~[?:?]
	at java.util.concurrent.CompletableFuture.postComplete(CompletableFuture.java:510) ~[?:?]
	at java.util.concurrent.CompletableFuture.complete(CompletableFuture.java:2179) ~[?:?]
	at net.minecraft.server.packs.resources.SimpleReloadInstance$1.m_10855_(SimpleReloadInstance.java:51) ~[server-1.18.2-20220404.173914-srg.jar%23116!/:?]
	at net.minecraft.server.packs.resources.SimpleReloadInstance$1.m_6769_(SimpleReloadInstance.java:48) ~[server-1.18.2-20220404.173914-srg.jar%23116!/:?]
	at java.util.concurrent.CompletableFuture$UniCompose.tryFire(CompletableFuture.java:1150) [?:?]
	at java.util.concurrent.CompletableFuture.postComplete(CompletableFuture.java:510) [?:?]
	at java.util.concurrent.CompletableFuture$AsyncSupply.run(CompletableFuture.java:1773) [?:?]
	at java.util.concurrent.CompletableFuture$AsyncSupply.exec(CompletableFuture.java:1760) [?:?]
	at java.util.concurrent.ForkJoinTask.doExec(ForkJoinTask.java:387) [?:?]
	at java.util.concurrent.ForkJoinPool$WorkQueue.topLevelExec(ForkJoinPool.java:1312) [?:?]
	at java.util.concurrent.ForkJoinPool.scan(ForkJoinPool.java:1843) [?:?]
	at java.util.concurrent.ForkJoinPool.runWorker(ForkJoinPool.java:1808) [?:?]
	at java.util.concurrent.ForkJoinWorkerThread.run(ForkJoinWorkerThread.java:188) [?:?]
2025-03-09 02:23:52,653 [1;31mERROR[m [m[Worker-Main-4][m [mn.m.w.i.c.RecipeManager.m_5787_(77)[m: Parsing error loading recipe useless_sword:dragonbreathdiamondswordcraft2
com.google.gson.JsonSyntaxException: Unknown item 'useless_sword:dragonbreathdiamondsword'
	at net.minecraftforge.common.crafting.CraftingHelper.getItem(CraftingHelper.java:155) ~[forge-1.18.2-40.2.21-universal.jar%23121!/:?]
	at net.minecraftforge.common.crafting.CraftingHelper.getItemStack(CraftingHelper.java:181) ~[forge-1.18.2-40.2.21-universal.jar%23121!/:?]
	at net.minecraft.world.item.crafting.ShapedRecipe.m_151274_(ShapedRecipe.java:337) ~[server-1.18.2-20220404.173914-srg.jar%23116!/:?]
	at net.minecraft.world.item.crafting.ShapelessRecipe$Serializer.m_6729_(ShapelessRecipe.java:108) ~[server-1.18.2-20220404.173914-srg.jar%23116!/:?]
	at net.minecraft.world.item.crafting.ShapelessRecipe$Serializer.m_6729_(ShapelessRecipe.java:98) ~[server-1.18.2-20220404.173914-srg.jar%23116!/:?]
	at net.minecraftforge.common.extensions.IForgeRecipeSerializer.fromJson(IForgeRecipeSerializer.java:23) ~[forge-1.18.2-40.2.21-universal.jar%23121!/:?]
	at net.minecraft.world.item.crafting.RecipeManager.fromJson(RecipeManager.java:201) ~[server-1.18.2-20220404.173914-srg.jar%23116!/:?]
	at net.minecraft.world.item.crafting.RecipeManager.m_5787_(RecipeManager.java:67) ~[server-1.18.2-20220404.173914-srg.jar%23116!/:?]
	at net.minecraft.world.item.crafting.RecipeManager.m_5787_(RecipeManager.java:33) ~[server-1.18.2-20220404.173914-srg.jar%23116!/:?]
	at net.minecraft.server.packs.resources.SimplePreparableReloadListener.m_10789_(SimplePreparableReloadListener.java:13) ~[server-1.18.2-20220404.173914-srg.jar%23116!/:?]
	at java.util.concurrent.CompletableFuture$UniAccept.tryFire(CompletableFuture.java:718) ~[?:?]
	at java.util.concurrent.CompletableFuture$Completion.run(CompletableFuture.java:482) ~[?:?]
	at net.minecraft.server.packs.resources.SimpleReloadInstance.m_143940_(SimpleReloadInstance.java:69) ~[server-1.18.2-20220404.173914-srg.jar%23116!/:?]
	at net.minecraft.server.packs.resources.SimpleReloadInstance.m_10834_(SimpleReloadInstance.java:68) ~[server-1.18.2-20220404.173914-srg.jar%23116!/:?]
	at java.util.concurrent.CompletableFuture$UniCompletion.claim(CompletableFuture.java:572) ~[?:?]
	at java.util.concurrent.CompletableFuture$UniAccept.tryFire(CompletableFuture.java:714) ~[?:?]
	at java.util.concurrent.CompletableFuture.postComplete(CompletableFuture.java:510) ~[?:?]
	at java.util.concurrent.CompletableFuture.postFire(CompletableFuture.java:614) ~[?:?]
	at java.util.concurrent.CompletableFuture$UniAccept.tryFire(CompletableFuture.java:726) ~[?:?]
	at java.util.concurrent.CompletableFuture$Completion.run(CompletableFuture.java:482) ~[?:?]
	at net.minecraft.server.packs.resources.SimpleReloadInstance.m_143940_(SimpleReloadInstance.java:69) ~[server-1.18.2-20220404.173914-srg.jar%23116!/:?]
	at net.minecraft.server.packs.resources.SimpleReloadInstance.m_10834_(SimpleReloadInstance.java:68) ~[server-1.18.2-20220404.173914-srg.jar%23116!/:?]
	at java.util.concurrent.CompletableFuture$UniCompletion.claim(CompletableFuture.java:572) ~[?:?]
	at java.util.concurrent.CompletableFuture$UniAccept.tryFire(CompletableFuture.java:714) ~[?:?]
	at java.util.concurrent.CompletableFuture.postComplete(CompletableFuture.java:510) ~[?:?]
	at java.util.concurrent.CompletableFuture.postFire(CompletableFuture.java:614) ~[?:?]
	at java.util.concurrent.CompletableFuture$UniAccept.tryFire(CompletableFuture.java:726) ~[?:?]
	at java.util.concurrent.CompletableFuture$Completion.run(CompletableFuture.java:482) ~[?:?]
	at net.minecraft.server.packs.resources.SimpleReloadInstance.m_143940_(SimpleReloadInstance.java:69) ~[server-1.18.2-20220404.173914-srg.jar%23116!/:?]
	at net.minecraft.server.packs.resources.SimpleReloadInstance.m_10834_(SimpleReloadInstance.java:68) ~[server-1.18.2-20220404.173914-srg.jar%23116!/:?]
	at java.util.concurrent.CompletableFuture$UniCompletion.claim(CompletableFuture.java:572) ~[?:?]
	at java.util.concurrent.CompletableFuture$UniAccept.tryFire(CompletableFuture.java:714) ~[?:?]
	at java.util.concurrent.CompletableFuture.postComplete(CompletableFuture.java:510) ~[?:?]
	at java.util.concurrent.CompletableFuture.complete(CompletableFuture.java:2179) ~[?:?]
	at net.minecraft.server.packs.resources.SimpleReloadInstance$1.m_10855_(SimpleReloadInstance.java:51) ~[server-1.18.2-20220404.173914-srg.jar%23116!/:?]
	at net.minecraft.server.packs.resources.SimpleReloadInstance$1.m_6769_(SimpleReloadInstance.java:48) ~[server-1.18.2-20220404.173914-srg.jar%23116!/:?]
	at java.util.concurrent.CompletableFuture$UniCompose.tryFire(CompletableFuture.java:1150) [?:?]
	at java.util.concurrent.CompletableFuture.postComplete(CompletableFuture.java:510) [?:?]
	at java.util.concurrent.CompletableFuture$AsyncSupply.run(CompletableFuture.java:1773) [?:?]
	at java.util.concurrent.CompletableFuture$AsyncSupply.exec(CompletableFuture.java:1760) [?:?]
	at java.util.concurrent.ForkJoinTask.doExec(ForkJoinTask.java:387) [?:?]
	at java.util.concurrent.ForkJoinPool$WorkQueue.topLevelExec(ForkJoinPool.java:1312) [?:?]
	at java.util.concurrent.ForkJoinPool.scan(ForkJoinPool.java:1843) [?:?]
	at java.util.concurrent.ForkJoinPool.runWorker(ForkJoinPool.java:1808) [?:?]
	at java.util.concurrent.ForkJoinWorkerThread.run(ForkJoinWorkerThread.java:188) [?:?]
2025-03-09 02:23:52,662 [1;31mERROR[m [m[Worker-Main-4][m [mn.m.w.i.c.RecipeManager.m_5787_(77)[m: Parsing error loading recipe useless_sword:neptunium_grab_sword_recipe
com.google.gson.JsonSyntaxException: Unknown item 'aquaculture:iron_hook'
	at net.minecraft.world.item.crafting.ShapedRecipe.m_151280_(ShapedRecipe.java:343) ~[server-1.18.2-20220404.173914-srg.jar%23116!/:?]
	at java.util.Optional.orElseThrow(Optional.java:403) ~[?:?]
	at net.minecraft.world.item.crafting.ShapedRecipe.m_151278_(ShapedRecipe.java:342) ~[server-1.18.2-20220404.173914-srg.jar%23116!/:?]
	at net.minecraft.world.item.crafting.Ingredient.m_43919_(Ingredient.java:233) ~[server-1.18.2-20220404.173914-srg.jar%23116!/:?]
	at net.minecraftforge.common.crafting.VanillaIngredientSerializer.parse(VanillaIngredientSerializer.java:27) ~[forge-1.18.2-40.2.21-universal.jar%23121!/:?]
	at net.minecraftforge.common.crafting.CraftingHelper.getIngredient(CraftingHelper.java:143) ~[forge-1.18.2-40.2.21-universal.jar%23121!/:?]
	at net.minecraft.world.item.crafting.Ingredient.m_43917_(Ingredient.java:208) ~[server-1.18.2-20220404.173914-srg.jar%23116!/:?]
	at net.minecraft.world.item.crafting.ShapedRecipe.m_44210_(ShapedRecipe.java:329) ~[server-1.18.2-20220404.173914-srg.jar%23116!/:?]
	at net.minecraft.world.item.crafting.ShapedRecipe$Serializer.m_6729_(ShapedRecipe.java:356) ~[server-1.18.2-20220404.173914-srg.jar%23116!/:?]
	at net.minecraft.world.item.crafting.ShapedRecipe$Serializer.m_6729_(ShapedRecipe.java:352) ~[server-1.18.2-20220404.173914-srg.jar%23116!/:?]
	at net.minecraftforge.common.extensions.IForgeRecipeSerializer.fromJson(IForgeRecipeSerializer.java:23) ~[forge-1.18.2-40.2.21-universal.jar%23121!/:?]
	at net.minecraft.world.item.crafting.RecipeManager.fromJson(RecipeManager.java:201) ~[server-1.18.2-20220404.173914-srg.jar%23116!/:?]
	at net.minecraft.world.item.crafting.RecipeManager.m_5787_(RecipeManager.java:67) ~[server-1.18.2-20220404.173914-srg.jar%23116!/:?]
	at net.minecraft.world.item.crafting.RecipeManager.m_5787_(RecipeManager.java:33) ~[server-1.18.2-20220404.173914-srg.jar%23116!/:?]
	at net.minecraft.server.packs.resources.SimplePreparableReloadListener.m_10789_(SimplePreparableReloadListener.java:13) ~[server-1.18.2-20220404.173914-srg.jar%23116!/:?]
	at java.util.concurrent.CompletableFuture$UniAccept.tryFire(CompletableFuture.java:718) ~[?:?]
	at java.util.concurrent.CompletableFuture$Completion.run(CompletableFuture.java:482) ~[?:?]
	at net.minecraft.server.packs.resources.SimpleReloadInstance.m_143940_(SimpleReloadInstance.java:69) ~[server-1.18.2-20220404.173914-srg.jar%23116!/:?]
	at net.minecraft.server.packs.resources.SimpleReloadInstance.m_10834_(SimpleReloadInstance.java:68) ~[server-1.18.2-20220404.173914-srg.jar%23116!/:?]
	at java.util.concurrent.CompletableFuture$UniCompletion.claim(CompletableFuture.java:572) ~[?:?]
	at java.util.concurrent.CompletableFuture$UniAccept.tryFire(CompletableFuture.java:714) ~[?:?]
	at java.util.concurrent.CompletableFuture.postComplete(CompletableFuture.java:510) ~[?:?]
	at java.util.concurrent.CompletableFuture.postFire(CompletableFuture.java:614) ~[?:?]
	at java.util.concurrent.CompletableFuture$UniAccept.tryFire(CompletableFuture.java:726) ~[?:?]
	at java.util.concurrent.CompletableFuture$Completion.run(CompletableFuture.java:482) ~[?:?]
	at net.minecraft.server.packs.resources.SimpleReloadInstance.m_143940_(SimpleReloadInstance.java:69) ~[server-1.18.2-20220404.173914-srg.jar%23116!/:?]
	at net.minecraft.server.packs.resources.SimpleReloadInstance.m_10834_(SimpleReloadInstance.java:68) ~[server-1.18.2-20220404.173914-srg.jar%23116!/:?]
	at java.util.concurrent.CompletableFuture$UniCompletion.claim(CompletableFuture.java:572) ~[?:?]
	at java.util.concurrent.CompletableFuture$UniAccept.tryFire(CompletableFuture.java:714) ~[?:?]
	at java.util.concurrent.CompletableFuture.postComplete(CompletableFuture.java:510) ~[?:?]
	at java.util.concurrent.CompletableFuture.postFire(CompletableFuture.java:614) ~[?:?]
	at java.util.concurrent.CompletableFuture$UniAccept.tryFire(CompletableFuture.java:726) ~[?:?]
	at java.util.concurrent.CompletableFuture$Completion.run(CompletableFuture.java:482) ~[?:?]
	at net.minecraft.server.packs.resources.SimpleReloadInstance.m_143940_(SimpleReloadInstance.java:69) ~[server-1.18.2-20220404.173914-srg.jar%23116!/:?]
	at net.minecraft.server.packs.resources.SimpleReloadInstance.m_10834_(SimpleReloadInstance.java:68) ~[server-1.18.2-20220404.173914-srg.jar%23116!/:?]
	at java.util.concurrent.CompletableFuture$UniCompletion.claim(CompletableFuture.java:572) ~[?:?]
	at java.util.concurrent.CompletableFuture$UniAccept.tryFire(CompletableFuture.java:714) ~[?:?]
	at java.util.concurrent.CompletableFuture.postComplete(CompletableFuture.java:510) ~[?:?]
	at java.util.concurrent.CompletableFuture.complete(CompletableFuture.java:2179) ~[?:?]
	at net.minecraft.server.packs.resources.SimpleReloadInstance$1.m_10855_(SimpleReloadInstance.java:51) ~[server-1.18.2-20220404.173914-srg.jar%23116!/:?]
	at net.minecraft.server.packs.resources.SimpleReloadInstance$1.m_6769_(SimpleReloadInstance.java:48) ~[server-1.18.2-20220404.173914-srg.jar%23116!/:?]
	at java.util.concurrent.CompletableFuture$UniCompose.tryFire(CompletableFuture.java:1150) [?:?]
	at java.util.concurrent.CompletableFuture.postComplete(CompletableFuture.java:510) [?:?]
	at java.util.concurrent.CompletableFuture$AsyncSupply.run(CompletableFuture.java:1773) [?:?]
	at java.util.concurrent.CompletableFuture$AsyncSupply.exec(CompletableFuture.java:1760) [?:?]
	at java.util.concurrent.ForkJoinTask.doExec(ForkJoinTask.java:387) [?:?]
	at java.util.concurrent.ForkJoinPool$WorkQueue.topLevelExec(ForkJoinPool.java:1312) [?:?]
	at java.util.concurrent.ForkJoinPool.scan(ForkJoinPool.java:1843) [?:?]
	at java.util.concurrent.ForkJoinPool.runWorker(ForkJoinPool.java:1808) [?:?]
	at java.util.concurrent.ForkJoinWorkerThread.run(ForkJoinWorkerThread.java:188) [?:?]
2025-03-09 02:23:52,668 [1;31mERROR[m [m[Worker-Main-4][m [mn.m.w.i.c.RecipeManager.m_5787_(77)[m: Parsing error loading recipe alternacraft:fossil_grinder_simple
com.google.gson.JsonSyntaxException: Invalid or unsupported recipe type 'alternacraft:fossil_grinder'
	at net.minecraft.world.item.crafting.RecipeManager.lambda$fromJson$10(RecipeManager.java:200) ~[server-1.18.2-20220404.173914-srg.jar%23116!/:?]
	at java.util.Optional.orElseThrow(Optional.java:403) ~[?:?]
	at net.minecraft.world.item.crafting.RecipeManager.fromJson(RecipeManager.java:199) ~[server-1.18.2-20220404.173914-srg.jar%23116!/:?]
	at net.minecraft.world.item.crafting.RecipeManager.m_5787_(RecipeManager.java:67) ~[server-1.18.2-20220404.173914-srg.jar%23116!/:?]
	at net.minecraft.world.item.crafting.RecipeManager.m_5787_(RecipeManager.java:33) ~[server-1.18.2-20220404.173914-srg.jar%23116!/:?]
	at net.minecraft.server.packs.resources.SimplePreparableReloadListener.m_10789_(SimplePreparableReloadListener.java:13) ~[server-1.18.2-20220404.173914-srg.jar%23116!/:?]
	at java.util.concurrent.CompletableFuture$UniAccept.tryFire(CompletableFuture.java:718) ~[?:?]
	at java.util.concurrent.CompletableFuture$Completion.run(CompletableFuture.java:482) ~[?:?]
	at net.minecraft.server.packs.resources.SimpleReloadInstance.m_143940_(SimpleReloadInstance.java:69) ~[server-1.18.2-20220404.173914-srg.jar%23116!/:?]
	at net.minecraft.server.packs.resources.SimpleReloadInstance.m_10834_(SimpleReloadInstance.java:68) ~[server-1.18.2-20220404.173914-srg.jar%23116!/:?]
	at java.util.concurrent.CompletableFuture$UniCompletion.claim(CompletableFuture.java:572) ~[?:?]
	at java.util.concurrent.CompletableFuture$UniAccept.tryFire(CompletableFuture.java:714) ~[?:?]
	at java.util.concurrent.CompletableFuture.postComplete(CompletableFuture.java:510) ~[?:?]
	at java.util.concurrent.CompletableFuture.postFire(CompletableFuture.java:614) ~[?:?]
	at java.util.concurrent.CompletableFuture$UniAccept.tryFire(CompletableFuture.java:726) ~[?:?]
	at java.util.concurrent.CompletableFuture$Completion.run(CompletableFuture.java:482) ~[?:?]
	at net.minecraft.server.packs.resources.SimpleReloadInstance.m_143940_(SimpleReloadInstance.java:69) ~[server-1.18.2-20220404.173914-srg.jar%23116!/:?]
	at net.minecraft.server.packs.resources.SimpleReloadInstance.m_10834_(SimpleReloadInstance.java:68) ~[server-1.18.2-20220404.173914-srg.jar%23116!/:?]
	at java.util.concurrent.CompletableFuture$UniCompletion.claim(CompletableFuture.java:572) ~[?:?]
	at java.util.concurrent.CompletableFuture$UniAccept.tryFire(CompletableFuture.java:714) ~[?:?]
	at java.util.concurrent.CompletableFuture.postComplete(CompletableFuture.java:510) ~[?:?]
	at java.util.concurrent.CompletableFuture.postFire(CompletableFuture.java:614) ~[?:?]
	at java.util.concurrent.CompletableFuture$UniAccept.tryFire(CompletableFuture.java:726) ~[?:?]
	at java.util.concurrent.CompletableFuture$Completion.run(CompletableFuture.java:482) ~[?:?]
	at net.minecraft.server.packs.resources.SimpleReloadInstance.m_143940_(SimpleReloadInstance.java:69) ~[server-1.18.2-20220404.173914-srg.jar%23116!/:?]
	at net.minecraft.server.packs.resources.SimpleReloadInstance.m_10834_(SimpleReloadInstance.java:68) ~[server-1.18.2-20220404.173914-srg.jar%23116!/:?]
	at java.util.concurrent.CompletableFuture$UniCompletion.claim(CompletableFuture.java:572) ~[?:?]
	at java.util.concurrent.CompletableFuture$UniAccept.tryFire(CompletableFuture.java:714) ~[?:?]
	at java.util.concurrent.CompletableFuture.postComplete(CompletableFuture.java:510) ~[?:?]
	at java.util.concurrent.CompletableFuture.complete(CompletableFuture.java:2179) ~[?:?]
	at net.minecraft.server.packs.resources.SimpleReloadInstance$1.m_10855_(SimpleReloadInstance.java:51) ~[server-1.18.2-20220404.173914-srg.jar%23116!/:?]
	at net.minecraft.server.packs.resources.SimpleReloadInstance$1.m_6769_(SimpleReloadInstance.java:48) ~[server-1.18.2-20220404.173914-srg.jar%23116!/:?]
	at java.util.concurrent.CompletableFuture$UniCompose.tryFire(CompletableFuture.java:1150) [?:?]
	at java.util.concurrent.CompletableFuture.postComplete(CompletableFuture.java:510) [?:?]
	at java.util.concurrent.CompletableFuture$AsyncSupply.run(CompletableFuture.java:1773) [?:?]
	at java.util.concurrent.CompletableFuture$AsyncSupply.exec(CompletableFuture.java:1760) [?:?]
	at java.util.concurrent.ForkJoinTask.doExec(ForkJoinTask.java:387) [?:?]
	at java.util.concurrent.ForkJoinPool$WorkQueue.topLevelExec(ForkJoinPool.java:1312) [?:?]
	at java.util.concurrent.ForkJoinPool.scan(ForkJoinPool.java:1843) [?:?]
	at java.util.concurrent.ForkJoinPool.runWorker(ForkJoinPool.java:1808) [?:?]
	at java.util.concurrent.ForkJoinWorkerThread.run(ForkJoinWorkerThread.java:188) [?:?]
2025-03-09 02:23:52,671 [1;31mERROR[m [m[Worker-Main-4][m [mn.m.w.i.c.RecipeManager.m_5787_(77)[m: Parsing error loading recipe tac:legendary_material
com.google.gson.JsonSyntaxException: Missing type, expected to find a string
	at net.minecraft.util.GsonHelper.m_13906_(GsonHelper.java:112) ~[server-1.18.2-20220404.173914-srg.jar%23116!/:?]
	at net.minecraft.world.item.crafting.RecipeManager.fromJson(RecipeManager.java:198) ~[server-1.18.2-20220404.173914-srg.jar%23116!/:?]
	at net.minecraft.world.item.crafting.RecipeManager.m_5787_(RecipeManager.java:67) ~[server-1.18.2-20220404.173914-srg.jar%23116!/:?]
	at net.minecraft.world.item.crafting.RecipeManager.m_5787_(RecipeManager.java:33) ~[server-1.18.2-20220404.173914-srg.jar%23116!/:?]
	at net.minecraft.server.packs.resources.SimplePreparableReloadListener.m_10789_(SimplePreparableReloadListener.java:13) ~[server-1.18.2-20220404.173914-srg.jar%23116!/:?]
	at java.util.concurrent.CompletableFuture$UniAccept.tryFire(CompletableFuture.java:718) ~[?:?]
	at java.util.concurrent.CompletableFuture$Completion.run(CompletableFuture.java:482) ~[?:?]
	at net.minecraft.server.packs.resources.SimpleReloadInstance.m_143940_(SimpleReloadInstance.java:69) ~[server-1.18.2-20220404.173914-srg.jar%23116!/:?]
	at net.minecraft.server.packs.resources.SimpleReloadInstance.m_10834_(SimpleReloadInstance.java:68) ~[server-1.18.2-20220404.173914-srg.jar%23116!/:?]
	at java.util.concurrent.CompletableFuture$UniCompletion.claim(CompletableFuture.java:572) ~[?:?]
	at java.util.concurrent.CompletableFuture$UniAccept.tryFire(CompletableFuture.java:714) ~[?:?]
	at java.util.concurrent.CompletableFuture.postComplete(CompletableFuture.java:510) ~[?:?]
	at java.util.concurrent.CompletableFuture.postFire(CompletableFuture.java:614) ~[?:?]
	at java.util.concurrent.CompletableFuture$UniAccept.tryFire(CompletableFuture.java:726) ~[?:?]
	at java.util.concurrent.CompletableFuture$Completion.run(CompletableFuture.java:482) ~[?:?]
	at net.minecraft.server.packs.resources.SimpleReloadInstance.m_143940_(SimpleReloadInstance.java:69) ~[server-1.18.2-20220404.173914-srg.jar%23116!/:?]
	at net.minecraft.server.packs.resources.SimpleReloadInstance.m_10834_(SimpleReloadInstance.java:68) ~[server-1.18.2-20220404.173914-srg.jar%23116!/:?]
	at java.util.concurrent.CompletableFuture$UniCompletion.claim(CompletableFuture.java:572) ~[?:?]
	at java.util.concurrent.CompletableFuture$UniAccept.tryFire(CompletableFuture.java:714) ~[?:?]
	at java.util.concurrent.CompletableFuture.postComplete(CompletableFuture.java:510) ~[?:?]
	at java.util.concurrent.CompletableFuture.postFire(CompletableFuture.java:614) ~[?:?]
	at java.util.concurrent.CompletableFuture$UniAccept.tryFire(CompletableFuture.java:726) ~[?:?]
	at java.util.concurrent.CompletableFuture$Completion.run(CompletableFuture.java:482) ~[?:?]
	at net.minecraft.server.packs.resources.SimpleReloadInstance.m_143940_(SimpleReloadInstance.java:69) ~[server-1.18.2-20220404.173914-srg.jar%23116!/:?]
	at net.minecraft.server.packs.resources.SimpleReloadInstance.m_10834_(SimpleReloadInstance.java:68) ~[server-1.18.2-20220404.173914-srg.jar%23116!/:?]
	at java.util.concurrent.CompletableFuture$UniCompletion.claim(CompletableFuture.java:572) ~[?:?]
	at java.util.concurrent.CompletableFuture$UniAccept.tryFire(CompletableFuture.java:714) ~[?:?]
	at java.util.concurrent.CompletableFuture.postComplete(CompletableFuture.java:510) ~[?:?]
	at java.util.concurrent.CompletableFuture.complete(CompletableFuture.java:2179) ~[?:?]
	at net.minecraft.server.packs.resources.SimpleReloadInstance$1.m_10855_(SimpleReloadInstance.java:51) ~[server-1.18.2-20220404.173914-srg.jar%23116!/:?]
	at net.minecraft.server.packs.resources.SimpleReloadInstance$1.m_6769_(SimpleReloadInstance.java:48) ~[server-1.18.2-20220404.173914-srg.jar%23116!/:?]
	at java.util.concurrent.CompletableFuture$UniCompose.tryFire(CompletableFuture.java:1150) [?:?]
	at java.util.concurrent.CompletableFuture.postComplete(CompletableFuture.java:510) [?:?]
	at java.util.concurrent.CompletableFuture$AsyncSupply.run(CompletableFuture.java:1773) [?:?]
	at java.util.concurrent.CompletableFuture$AsyncSupply.exec(CompletableFuture.java:1760) [?:?]
	at java.util.concurrent.ForkJoinTask.doExec(ForkJoinTask.java:387) [?:?]
	at java.util.concurrent.ForkJoinPool$WorkQueue.topLevelExec(ForkJoinPool.java:1312) [?:?]
	at java.util.concurrent.ForkJoinPool.scan(ForkJoinPool.java:1843) [?:?]
	at java.util.concurrent.ForkJoinPool.runWorker(ForkJoinPool.java:1808) [?:?]
	at java.util.concurrent.ForkJoinWorkerThread.run(ForkJoinWorkerThread.java:188) [?:?]
2025-03-09 02:23:52,677 [1;31mERROR[m [m[Worker-Main-4][m [mn.m.w.i.c.RecipeManager.m_5787_(77)[m: Parsing error loading recipe useless_sword:message_in_a_sword_recipe
com.google.gson.JsonSyntaxException: Unknown item 'aquaculture:message_in_a_bottle'
	at net.minecraft.world.item.crafting.ShapedRecipe.m_151280_(ShapedRecipe.java:343) ~[server-1.18.2-20220404.173914-srg.jar%23116!/:?]
	at java.util.Optional.orElseThrow(Optional.java:403) ~[?:?]
	at net.minecraft.world.item.crafting.ShapedRecipe.m_151278_(ShapedRecipe.java:342) ~[server-1.18.2-20220404.173914-srg.jar%23116!/:?]
	at net.minecraft.world.item.crafting.Ingredient.m_43919_(Ingredient.java:233) ~[server-1.18.2-20220404.173914-srg.jar%23116!/:?]
	at net.minecraftforge.common.crafting.VanillaIngredientSerializer.parse(VanillaIngredientSerializer.java:27) ~[forge-1.18.2-40.2.21-universal.jar%23121!/:?]
	at net.minecraftforge.common.crafting.CraftingHelper.getIngredient(CraftingHelper.java:143) ~[forge-1.18.2-40.2.21-universal.jar%23121!/:?]
	at net.minecraft.world.item.crafting.Ingredient.m_43917_(Ingredient.java:208) ~[server-1.18.2-20220404.173914-srg.jar%23116!/:?]
	at net.minecraft.world.item.crafting.ShapedRecipe.m_44210_(ShapedRecipe.java:329) ~[server-1.18.2-20220404.173914-srg.jar%23116!/:?]
	at net.minecraft.world.item.crafting.ShapedRecipe$Serializer.m_6729_(ShapedRecipe.java:356) ~[server-1.18.2-20220404.173914-srg.jar%23116!/:?]
	at net.minecraft.world.item.crafting.ShapedRecipe$Serializer.m_6729_(ShapedRecipe.java:352) ~[server-1.18.2-20220404.173914-srg.jar%23116!/:?]
	at net.minecraftforge.common.extensions.IForgeRecipeSerializer.fromJson(IForgeRecipeSerializer.java:23) ~[forge-1.18.2-40.2.21-universal.jar%23121!/:?]
	at net.minecraft.world.item.crafting.RecipeManager.fromJson(RecipeManager.java:201) ~[server-1.18.2-20220404.173914-srg.jar%23116!/:?]
	at net.minecraft.world.item.crafting.RecipeManager.m_5787_(RecipeManager.java:67) ~[server-1.18.2-20220404.173914-srg.jar%23116!/:?]
	at net.minecraft.world.item.crafting.RecipeManager.m_5787_(RecipeManager.java:33) ~[server-1.18.2-20220404.173914-srg.jar%23116!/:?]
	at net.minecraft.server.packs.resources.SimplePreparableReloadListener.m_10789_(SimplePreparableReloadListener.java:13) ~[server-1.18.2-20220404.173914-srg.jar%23116!/:?]
	at java.util.concurrent.CompletableFuture$UniAccept.tryFire(CompletableFuture.java:718) ~[?:?]
	at java.util.concurrent.CompletableFuture$Completion.run(CompletableFuture.java:482) ~[?:?]
	at net.minecraft.server.packs.resources.SimpleReloadInstance.m_143940_(SimpleReloadInstance.java:69) ~[server-1.18.2-20220404.173914-srg.jar%23116!/:?]
	at net.minecraft.server.packs.resources.SimpleReloadInstance.m_10834_(SimpleReloadInstance.java:68) ~[server-1.18.2-20220404.173914-srg.jar%23116!/:?]
	at java.util.concurrent.CompletableFuture$UniCompletion.claim(CompletableFuture.java:572) ~[?:?]
	at java.util.concurrent.CompletableFuture$UniAccept.tryFire(CompletableFuture.java:714) ~[?:?]
	at java.util.concurrent.CompletableFuture.postComplete(CompletableFuture.java:510) ~[?:?]
	at java.util.concurrent.CompletableFuture.postFire(CompletableFuture.java:614) ~[?:?]
	at java.util.concurrent.CompletableFuture$UniAccept.tryFire(CompletableFuture.java:726) ~[?:?]
	at java.util.concurrent.CompletableFuture$Completion.run(CompletableFuture.java:482) ~[?:?]
	at net.minecraft.server.packs.resources.SimpleReloadInstance.m_143940_(SimpleReloadInstance.java:69) ~[server-1.18.2-20220404.173914-srg.jar%23116!/:?]
	at net.minecraft.server.packs.resources.SimpleReloadInstance.m_10834_(SimpleReloadInstance.java:68) ~[server-1.18.2-20220404.173914-srg.jar%23116!/:?]
	at java.util.concurrent.CompletableFuture$UniCompletion.claim(CompletableFuture.java:572) ~[?:?]
	at java.util.concurrent.CompletableFuture$UniAccept.tryFire(CompletableFuture.java:714) ~[?:?]
	at java.util.concurrent.CompletableFuture.postComplete(CompletableFuture.java:510) ~[?:?]
	at java.util.concurrent.CompletableFuture.postFire(CompletableFuture.java:614) ~[?:?]
	at java.util.concurrent.CompletableFuture$UniAccept.tryFire(CompletableFuture.java:726) ~[?:?]
	at java.util.concurrent.CompletableFuture$Completion.run(CompletableFuture.java:482) ~[?:?]
	at net.minecraft.server.packs.resources.SimpleReloadInstance.m_143940_(SimpleReloadInstance.java:69) ~[server-1.18.2-20220404.173914-srg.jar%23116!/:?]
	at net.minecraft.server.packs.resources.SimpleReloadInstance.m_10834_(SimpleReloadInstance.java:68) ~[server-1.18.2-20220404.173914-srg.jar%23116!/:?]
	at java.util.concurrent.CompletableFuture$UniCompletion.claim(CompletableFuture.java:572) ~[?:?]
	at java.util.concurrent.CompletableFuture$UniAccept.tryFire(CompletableFuture.java:714) ~[?:?]
	at java.util.concurrent.CompletableFuture.postComplete(CompletableFuture.java:510) ~[?:?]
	at java.util.concurrent.CompletableFuture.complete(CompletableFuture.java:2179) ~[?:?]
	at net.minecraft.server.packs.resources.SimpleReloadInstance$1.m_10855_(SimpleReloadInstance.java:51) ~[server-1.18.2-20220404.173914-srg.jar%23116!/:?]
	at net.minecraft.server.packs.resources.SimpleReloadInstance$1.m_6769_(SimpleReloadInstance.java:48) ~[server-1.18.2-20220404.173914-srg.jar%23116!/:?]
	at java.util.concurrent.CompletableFuture$UniCompose.tryFire(CompletableFuture.java:1150) [?:?]
	at java.util.concurrent.CompletableFuture.postComplete(CompletableFuture.java:510) [?:?]
	at java.util.concurrent.CompletableFuture$AsyncSupply.run(CompletableFuture.java:1773) [?:?]
	at java.util.concurrent.CompletableFuture$AsyncSupply.exec(CompletableFuture.java:1760) [?:?]
	at java.util.concurrent.ForkJoinTask.doExec(ForkJoinTask.java:387) [?:?]
	at java.util.concurrent.ForkJoinPool$WorkQueue.topLevelExec(ForkJoinPool.java:1312) [?:?]
	at java.util.concurrent.ForkJoinPool.scan(ForkJoinPool.java:1843) [?:?]
	at java.util.concurrent.ForkJoinPool.runWorker(ForkJoinPool.java:1808) [?:?]
	at java.util.concurrent.ForkJoinWorkerThread.run(ForkJoinWorkerThread.java:188) [?:?]
2025-03-09 02:23:52,683 [1;31mERROR[m [m[Worker-Main-4][m [mn.m.w.i.c.RecipeManager.m_5787_(77)[m: Parsing error loading recipe useless_sword:copper_jigsaw_slicer_recipe
com.google.gson.JsonSyntaxException: Unknown item 'create:mechanical_saw'
	at net.minecraft.world.item.crafting.ShapedRecipe.m_151280_(ShapedRecipe.java:343) ~[server-1.18.2-20220404.173914-srg.jar%23116!/:?]
	at java.util.Optional.orElseThrow(Optional.java:403) ~[?:?]
	at net.minecraft.world.item.crafting.ShapedRecipe.m_151278_(ShapedRecipe.java:342) ~[server-1.18.2-20220404.173914-srg.jar%23116!/:?]
	at net.minecraft.world.item.crafting.Ingredient.m_43919_(Ingredient.java:233) ~[server-1.18.2-20220404.173914-srg.jar%23116!/:?]
	at net.minecraftforge.common.crafting.VanillaIngredientSerializer.parse(VanillaIngredientSerializer.java:27) ~[forge-1.18.2-40.2.21-universal.jar%23121!/:?]
	at net.minecraftforge.common.crafting.CraftingHelper.getIngredient(CraftingHelper.java:143) ~[forge-1.18.2-40.2.21-universal.jar%23121!/:?]
	at net.minecraft.world.item.crafting.Ingredient.m_43917_(Ingredient.java:208) ~[server-1.18.2-20220404.173914-srg.jar%23116!/:?]
	at net.minecraft.world.item.crafting.ShapedRecipe.m_44210_(ShapedRecipe.java:329) ~[server-1.18.2-20220404.173914-srg.jar%23116!/:?]
	at net.minecraft.world.item.crafting.ShapedRecipe$Serializer.m_6729_(ShapedRecipe.java:356) ~[server-1.18.2-20220404.173914-srg.jar%23116!/:?]
	at net.minecraft.world.item.crafting.ShapedRecipe$Serializer.m_6729_(ShapedRecipe.java:352) ~[server-1.18.2-20220404.173914-srg.jar%23116!/:?]
	at net.minecraftforge.common.extensions.IForgeRecipeSerializer.fromJson(IForgeRecipeSerializer.java:23) ~[forge-1.18.2-40.2.21-universal.jar%23121!/:?]
	at net.minecraft.world.item.crafting.RecipeManager.fromJson(RecipeManager.java:201) ~[server-1.18.2-20220404.173914-srg.jar%23116!/:?]
	at net.minecraft.world.item.crafting.RecipeManager.m_5787_(RecipeManager.java:67) ~[server-1.18.2-20220404.173914-srg.jar%23116!/:?]
	at net.minecraft.world.item.crafting.RecipeManager.m_5787_(RecipeManager.java:33) ~[server-1.18.2-20220404.173914-srg.jar%23116!/:?]
	at net.minecraft.server.packs.resources.SimplePreparableReloadListener.m_10789_(SimplePreparableReloadListener.java:13) ~[server-1.18.2-20220404.173914-srg.jar%23116!/:?]
	at java.util.concurrent.CompletableFuture$UniAccept.tryFire(CompletableFuture.java:718) ~[?:?]
	at java.util.concurrent.CompletableFuture$Completion.run(CompletableFuture.java:482) ~[?:?]
	at net.minecraft.server.packs.resources.SimpleReloadInstance.m_143940_(SimpleReloadInstance.java:69) ~[server-1.18.2-20220404.173914-srg.jar%23116!/:?]
	at net.minecraft.server.packs.resources.SimpleReloadInstance.m_10834_(SimpleReloadInstance.java:68) ~[server-1.18.2-20220404.173914-srg.jar%23116!/:?]
	at java.util.concurrent.CompletableFuture$UniCompletion.claim(CompletableFuture.java:572) ~[?:?]
	at java.util.concurrent.CompletableFuture$UniAccept.tryFire(CompletableFuture.java:714) ~[?:?]
	at java.util.concurrent.CompletableFuture.postComplete(CompletableFuture.java:510) ~[?:?]
	at java.util.concurrent.CompletableFuture.postFire(CompletableFuture.java:614) ~[?:?]
	at java.util.concurrent.CompletableFuture$UniAccept.tryFire(CompletableFuture.java:726) ~[?:?]
	at java.util.concurrent.CompletableFuture$Completion.run(CompletableFuture.java:482) ~[?:?]
	at net.minecraft.server.packs.resources.SimpleReloadInstance.m_143940_(SimpleReloadInstance.java:69) ~[server-1.18.2-20220404.173914-srg.jar%23116!/:?]
	at net.minecraft.server.packs.resources.SimpleReloadInstance.m_10834_(SimpleReloadInstance.java:68) ~[server-1.18.2-20220404.173914-srg.jar%23116!/:?]
	at java.util.concurrent.CompletableFuture$UniCompletion.claim(CompletableFuture.java:572) ~[?:?]
	at java.util.concurrent.CompletableFuture$UniAccept.tryFire(CompletableFuture.java:714) ~[?:?]
	at java.util.concurrent.CompletableFuture.postComplete(CompletableFuture.java:510) ~[?:?]
	at java.util.concurrent.CompletableFuture.postFire(CompletableFuture.java:614) ~[?:?]
	at java.util.concurrent.CompletableFuture$UniAccept.tryFire(CompletableFuture.java:726) ~[?:?]
	at java.util.concurrent.CompletableFuture$Completion.run(CompletableFuture.java:482) ~[?:?]
	at net.minecraft.server.packs.resources.SimpleReloadInstance.m_143940_(SimpleReloadInstance.java:69) ~[server-1.18.2-20220404.173914-srg.jar%23116!/:?]
	at net.minecraft.server.packs.resources.SimpleReloadInstance.m_10834_(SimpleReloadInstance.java:68) ~[server-1.18.2-20220404.173914-srg.jar%23116!/:?]
	at java.util.concurrent.CompletableFuture$UniCompletion.claim(CompletableFuture.java:572) ~[?:?]
	at java.util.concurrent.CompletableFuture$UniAccept.tryFire(CompletableFuture.java:714) ~[?:?]
	at java.util.concurrent.CompletableFuture.postComplete(CompletableFuture.java:510) ~[?:?]
	at java.util.concurrent.CompletableFuture.complete(CompletableFuture.java:2179) ~[?:?]
	at net.minecraft.server.packs.resources.SimpleReloadInstance$1.m_10855_(SimpleReloadInstance.java:51) ~[server-1.18.2-20220404.173914-srg.jar%23116!/:?]
	at net.minecraft.server.packs.resources.SimpleReloadInstance$1.m_6769_(SimpleReloadInstance.java:48) ~[server-1.18.2-20220404.173914-srg.jar%23116!/:?]
	at java.util.concurrent.CompletableFuture$UniCompose.tryFire(CompletableFuture.java:1150) [?:?]
	at java.util.concurrent.CompletableFuture.postComplete(CompletableFuture.java:510) [?:?]
	at java.util.concurrent.CompletableFuture$AsyncSupply.run(CompletableFuture.java:1773) [?:?]
	at java.util.concurrent.CompletableFuture$AsyncSupply.exec(CompletableFuture.java:1760) [?:?]
	at java.util.concurrent.ForkJoinTask.doExec(ForkJoinTask.java:387) [?:?]
	at java.util.concurrent.ForkJoinPool$WorkQueue.topLevelExec(ForkJoinPool.java:1312) [?:?]
	at java.util.concurrent.ForkJoinPool.scan(ForkJoinPool.java:1843) [?:?]
	at java.util.concurrent.ForkJoinPool.runWorker(ForkJoinPool.java:1808) [?:?]
	at java.util.concurrent.ForkJoinWorkerThread.run(ForkJoinWorkerThread.java:188) [?:?]
2025-03-09 02:23:52,686 [1;31mERROR[m [m[Worker-Main-4][m [mn.m.w.i.c.RecipeManager.m_5787_(77)[m: Parsing error loading recipe rpgsmw:pmb
com.google.gson.JsonSyntaxException: Invalid item: minecraft:air
	at net.minecraft.world.item.crafting.ShapedRecipe.m_151278_(ShapedRecipe.java:346) ~[server-1.18.2-20220404.173914-srg.jar%23116!/:?]
	at net.minecraft.world.item.crafting.Ingredient.m_43919_(Ingredient.java:233) ~[server-1.18.2-20220404.173914-srg.jar%23116!/:?]
	at net.minecraftforge.common.crafting.VanillaIngredientSerializer.parse(VanillaIngredientSerializer.java:27) ~[forge-1.18.2-40.2.21-universal.jar%23121!/:?]
	at net.minecraftforge.common.crafting.CraftingHelper.getIngredient(CraftingHelper.java:143) ~[forge-1.18.2-40.2.21-universal.jar%23121!/:?]
	at net.minecraft.world.item.crafting.Ingredient.m_43917_(Ingredient.java:208) ~[server-1.18.2-20220404.173914-srg.jar%23116!/:?]
	at net.minecraft.world.item.crafting.ShapedRecipe.m_44210_(ShapedRecipe.java:329) ~[server-1.18.2-20220404.173914-srg.jar%23116!/:?]
	at net.minecraft.world.item.crafting.ShapedRecipe$Serializer.m_6729_(ShapedRecipe.java:356) ~[server-1.18.2-20220404.173914-srg.jar%23116!/:?]
	at net.minecraft.world.item.crafting.ShapedRecipe$Serializer.m_6729_(ShapedRecipe.java:352) ~[server-1.18.2-20220404.173914-srg.jar%23116!/:?]
	at net.minecraftforge.common.extensions.IForgeRecipeSerializer.fromJson(IForgeRecipeSerializer.java:23) ~[forge-1.18.2-40.2.21-universal.jar%23121!/:?]
	at net.minecraft.world.item.crafting.RecipeManager.fromJson(RecipeManager.java:201) ~[server-1.18.2-20220404.173914-srg.jar%23116!/:?]
	at net.minecraft.world.item.crafting.RecipeManager.m_5787_(RecipeManager.java:67) ~[server-1.18.2-20220404.173914-srg.jar%23116!/:?]
	at net.minecraft.world.item.crafting.RecipeManager.m_5787_(RecipeManager.java:33) ~[server-1.18.2-20220404.173914-srg.jar%23116!/:?]
	at net.minecraft.server.packs.resources.SimplePreparableReloadListener.m_10789_(SimplePreparableReloadListener.java:13) ~[server-1.18.2-20220404.173914-srg.jar%23116!/:?]
	at java.util.concurrent.CompletableFuture$UniAccept.tryFire(CompletableFuture.java:718) ~[?:?]
	at java.util.concurrent.CompletableFuture$Completion.run(CompletableFuture.java:482) ~[?:?]
	at net.minecraft.server.packs.resources.SimpleReloadInstance.m_143940_(SimpleReloadInstance.java:69) ~[server-1.18.2-20220404.173914-srg.jar%23116!/:?]
	at net.minecraft.server.packs.resources.SimpleReloadInstance.m_10834_(SimpleReloadInstance.java:68) ~[server-1.18.2-20220404.173914-srg.jar%23116!/:?]
	at java.util.concurrent.CompletableFuture$UniCompletion.claim(CompletableFuture.java:572) ~[?:?]
	at java.util.concurrent.CompletableFuture$UniAccept.tryFire(CompletableFuture.java:714) ~[?:?]
	at java.util.concurrent.CompletableFuture.postComplete(CompletableFuture.java:510) ~[?:?]
	at java.util.concurrent.CompletableFuture.postFire(CompletableFuture.java:614) ~[?:?]
	at java.util.concurrent.CompletableFuture$UniAccept.tryFire(CompletableFuture.java:726) ~[?:?]
	at java.util.concurrent.CompletableFuture$Completion.run(CompletableFuture.java:482) ~[?:?]
	at net.minecraft.server.packs.resources.SimpleReloadInstance.m_143940_(SimpleReloadInstance.java:69) ~[server-1.18.2-20220404.173914-srg.jar%23116!/:?]
	at net.minecraft.server.packs.resources.SimpleReloadInstance.m_10834_(SimpleReloadInstance.java:68) ~[server-1.18.2-20220404.173914-srg.jar%23116!/:?]
	at java.util.concurrent.CompletableFuture$UniCompletion.claim(CompletableFuture.java:572) ~[?:?]
	at java.util.concurrent.CompletableFuture$UniAccept.tryFire(CompletableFuture.java:714) ~[?:?]
	at java.util.concurrent.CompletableFuture.postComplete(CompletableFuture.java:510) ~[?:?]
	at java.util.concurrent.CompletableFuture.postFire(CompletableFuture.java:614) ~[?:?]
	at java.util.concurrent.CompletableFuture$UniAccept.tryFire(CompletableFuture.java:726) ~[?:?]
	at java.util.concurrent.CompletableFuture$Completion.run(CompletableFuture.java:482) ~[?:?]
	at net.minecraft.server.packs.resources.SimpleReloadInstance.m_143940_(SimpleReloadInstance.java:69) ~[server-1.18.2-20220404.173914-srg.jar%23116!/:?]
	at net.minecraft.server.packs.resources.SimpleReloadInstance.m_10834_(SimpleReloadInstance.java:68) ~[server-1.18.2-20220404.173914-srg.jar%23116!/:?]
	at java.util.concurrent.CompletableFuture$UniCompletion.claim(CompletableFuture.java:572) ~[?:?]
	at java.util.concurrent.CompletableFuture$UniAccept.tryFire(CompletableFuture.java:714) ~[?:?]
	at java.util.concurrent.CompletableFuture.postComplete(CompletableFuture.java:510) ~[?:?]
	at java.util.concurrent.CompletableFuture.complete(CompletableFuture.java:2179) ~[?:?]
	at net.minecraft.server.packs.resources.SimpleReloadInstance$1.m_10855_(SimpleReloadInstance.java:51) ~[server-1.18.2-20220404.173914-srg.jar%23116!/:?]
	at net.minecraft.server.packs.resources.SimpleReloadInstance$1.m_6769_(SimpleReloadInstance.java:48) ~[server-1.18.2-20220404.173914-srg.jar%23116!/:?]
	at java.util.concurrent.CompletableFuture$UniCompose.tryFire(CompletableFuture.java:1150) [?:?]
	at java.util.concurrent.CompletableFuture.postComplete(CompletableFuture.java:510) [?:?]
	at java.util.concurrent.CompletableFuture$AsyncSupply.run(CompletableFuture.java:1773) [?:?]
	at java.util.concurrent.CompletableFuture$AsyncSupply.exec(CompletableFuture.java:1760) [?:?]
	at java.util.concurrent.ForkJoinTask.doExec(ForkJoinTask.java:387) [?:?]
	at java.util.concurrent.ForkJoinPool$WorkQueue.topLevelExec(ForkJoinPool.java:1312) [?:?]
	at java.util.concurrent.ForkJoinPool.scan(ForkJoinPool.java:1843) [?:?]
	at java.util.concurrent.ForkJoinPool.runWorker(ForkJoinPool.java:1808) [?:?]
	at java.util.concurrent.ForkJoinWorkerThread.run(ForkJoinWorkerThread.java:188) [?:?]
2025-03-09 02:23:53,080 [1;31mERROR[m [m[Worker-Main-4][m [mn.m.w.i.c.RecipeManager.m_5787_(77)[m: Parsing error loading recipe tac:rare_material
com.google.gson.JsonSyntaxException: Missing type, expected to find a string
	at net.minecraft.util.GsonHelper.m_13906_(GsonHelper.java:112) ~[server-1.18.2-20220404.173914-srg.jar%23116!/:?]
	at net.minecraft.world.item.crafting.RecipeManager.fromJson(RecipeManager.java:198) ~[server-1.18.2-20220404.173914-srg.jar%23116!/:?]
	at net.minecraft.world.item.crafting.RecipeManager.m_5787_(RecipeManager.java:67) ~[server-1.18.2-20220404.173914-srg.jar%23116!/:?]
	at net.minecraft.world.item.crafting.RecipeManager.m_5787_(RecipeManager.java:33) ~[server-1.18.2-20220404.173914-srg.jar%23116!/:?]
	at net.minecraft.server.packs.resources.SimplePreparableReloadListener.m_10789_(SimplePreparableReloadListener.java:13) ~[server-1.18.2-20220404.173914-srg.jar%23116!/:?]
	at java.util.concurrent.CompletableFuture$UniAccept.tryFire(CompletableFuture.java:718) ~[?:?]
	at java.util.concurrent.CompletableFuture$Completion.run(CompletableFuture.java:482) ~[?:?]
	at net.minecraft.server.packs.resources.SimpleReloadInstance.m_143940_(SimpleReloadInstance.java:69) ~[server-1.18.2-20220404.173914-srg.jar%23116!/:?]
	at net.minecraft.server.packs.resources.SimpleReloadInstance.m_10834_(SimpleReloadInstance.java:68) ~[server-1.18.2-20220404.173914-srg.jar%23116!/:?]
	at java.util.concurrent.CompletableFuture$UniCompletion.claim(CompletableFuture.java:572) ~[?:?]
	at java.util.concurrent.CompletableFuture$UniAccept.tryFire(CompletableFuture.java:714) ~[?:?]
	at java.util.concurrent.CompletableFuture.postComplete(CompletableFuture.java:510) ~[?:?]
	at java.util.concurrent.CompletableFuture.postFire(CompletableFuture.java:614) ~[?:?]
	at java.util.concurrent.CompletableFuture$UniAccept.tryFire(CompletableFuture.java:726) ~[?:?]
	at java.util.concurrent.CompletableFuture$Completion.run(CompletableFuture.java:482) ~[?:?]
	at net.minecraft.server.packs.resources.SimpleReloadInstance.m_143940_(SimpleReloadInstance.java:69) ~[server-1.18.2-20220404.173914-srg.jar%23116!/:?]
	at net.minecraft.server.packs.resources.SimpleReloadInstance.m_10834_(SimpleReloadInstance.java:68) ~[server-1.18.2-20220404.173914-srg.jar%23116!/:?]
	at java.util.concurrent.CompletableFuture$UniCompletion.claim(CompletableFuture.java:572) ~[?:?]
	at java.util.concurrent.CompletableFuture$UniAccept.tryFire(CompletableFuture.java:714) ~[?:?]
	at java.util.concurrent.CompletableFuture.postComplete(CompletableFuture.java:510) ~[?:?]
	at java.util.concurrent.CompletableFuture.postFire(CompletableFuture.java:614) ~[?:?]
	at java.util.concurrent.CompletableFuture$UniAccept.tryFire(CompletableFuture.java:726) ~[?:?]
	at java.util.concurrent.CompletableFuture$Completion.run(CompletableFuture.java:482) ~[?:?]
	at net.minecraft.server.packs.resources.SimpleReloadInstance.m_143940_(SimpleReloadInstance.java:69) ~[server-1.18.2-20220404.173914-srg.jar%23116!/:?]
	at net.minecraft.server.packs.resources.SimpleReloadInstance.m_10834_(SimpleReloadInstance.java:68) ~[server-1.18.2-20220404.173914-srg.jar%23116!/:?]
	at java.util.concurrent.CompletableFuture$UniCompletion.claim(CompletableFuture.java:572) ~[?:?]
	at java.util.concurrent.CompletableFuture$UniAccept.tryFire(CompletableFuture.java:714) ~[?:?]
	at java.util.concurrent.CompletableFuture.postComplete(CompletableFuture.java:510) ~[?:?]
	at java.util.concurrent.CompletableFuture.complete(CompletableFuture.java:2179) ~[?:?]
	at net.minecraft.server.packs.resources.SimpleReloadInstance$1.m_10855_(SimpleReloadInstance.java:51) ~[server-1.18.2-20220404.173914-srg.jar%23116!/:?]
	at net.minecraft.server.packs.resources.SimpleReloadInstance$1.m_6769_(SimpleReloadInstance.java:48) ~[server-1.18.2-20220404.173914-srg.jar%23116!/:?]
	at java.util.concurrent.CompletableFuture$UniCompose.tryFire(CompletableFuture.java:1150) [?:?]
	at java.util.concurrent.CompletableFuture.postComplete(CompletableFuture.java:510) [?:?]
	at java.util.concurrent.CompletableFuture$AsyncSupply.run(CompletableFuture.java:1773) [?:?]
	at java.util.concurrent.CompletableFuture$AsyncSupply.exec(CompletableFuture.java:1760) [?:?]
	at java.util.concurrent.ForkJoinTask.doExec(ForkJoinTask.java:387) [?:?]
	at java.util.concurrent.ForkJoinPool$WorkQueue.topLevelExec(ForkJoinPool.java:1312) [?:?]
	at java.util.concurrent.ForkJoinPool.scan(ForkJoinPool.java:1843) [?:?]
	at java.util.concurrent.ForkJoinPool.runWorker(ForkJoinPool.java:1808) [?:?]
	at java.util.concurrent.ForkJoinWorkerThread.run(ForkJoinWorkerThread.java:188) [?:?]
2025-03-09 02:23:53,109 [32mINFO [m [m[Worker-Main-4][m [mn.m.w.i.c.RecipeManager.m_5787_(85)[m: Loaded 50 recipes
2025-03-09 02:23:53,118 [32mINFO [m [m[Worker-Main-4][m [mn.m.w.i.c.RecipeManager.m_5787_(109)[m: Skipping loading recipe ironchest:upgrades/copper_to_iron_chest_upgrade as it's serializer returned null
2025-03-09 02:23:53,146 [32mINFO [m [m[Worker-Main-4][m [mn.m.w.i.c.RecipeManager.m_5787_(109)[m: Skipping loading recipe ironchest:upgrades/wood_to_copper_chest_upgrade as it's serializer returned null
2025-03-09 02:23:53,191 [32mINFO [m [m[Worker-Main-4][m [mn.m.w.i.c.RecipeManager.m_5787_(109)[m: Skipping loading recipe ironchest:chests/vanilla_copper_chest as it's serializer returned null
2025-03-09 02:23:53,243 [32mINFO [m [m[Worker-Main-4][m [mn.m.w.i.c.RecipeManager.m_5787_(109)[m: Skipping loading recipe ironchest:chests/copper_iron_chest as it's serializer returned null
2025-03-09 02:23:53,633 [1;31mERROR[m [m[Worker-Main-4][m [mn.m.w.l.s.l.LootTables.lambda$apply$0(58)[m: Couldn't parse loot table alternacraft:blocks/slitstone_titanium_ore
com.google.gson.JsonSyntaxException: Expected name to be an item, was unknown string 'alternacraft:titanium'
	at net.minecraft.util.GsonHelper.m_13866_(GsonHelper.java:130) ~[server-1.18.2-20220404.173914-srg.jar%23116!/:?]
	at java.util.Optional.orElseThrow(Optional.java:403) ~[?:?]
	at net.minecraft.util.GsonHelper.m_13874_(GsonHelper.java:130) ~[server-1.18.2-20220404.173914-srg.jar%23116!/:?]
	at net.minecraft.util.GsonHelper.m_13909_(GsonHelper.java:138) ~[server-1.18.2-20220404.173914-srg.jar%23116!/:?]
	at net.minecraft.world.level.storage.loot.entries.LootItem$Serializer.m_7267_(LootItem.java:55) ~[server-1.18.2-20220404.173914-srg.jar%23116!/:?]
	at net.minecraft.world.level.storage.loot.entries.LootItem$Serializer.m_7267_(LootItem.java:40) ~[server-1.18.2-20220404.173914-srg.jar%23116!/:?]
	at net.minecraft.world.level.storage.loot.entries.LootPoolSingletonContainer$Serializer.m_5921_(LootPoolSingletonContainer.java:151) ~[server-1.18.2-20220404.173914-srg.jar%23116!/:?]
	at net.minecraft.world.level.storage.loot.entries.LootPoolSingletonContainer$Serializer.m_5921_(LootPoolSingletonContainer.java:129) ~[server-1.18.2-20220404.173914-srg.jar%23116!/:?]
	at net.minecraft.world.level.storage.loot.entries.LootPoolEntryContainer$Serializer.m_7561_(LootPoolEntryContainer.java:86) ~[server-1.18.2-20220404.173914-srg.jar%23116!/:?]
	at net.minecraft.world.level.storage.loot.entries.LootPoolEntryContainer$Serializer.m_7561_(LootPoolEntryContainer.java:74) ~[server-1.18.2-20220404.173914-srg.jar%23116!/:?]
	at net.minecraft.world.level.storage.loot.GsonAdapterFactory$JsonAdapter.deserialize(GsonAdapterFactory.java:102) ~[server-1.18.2-20220404.173914-srg.jar%23116!/:?]
	at com.google.gson.internal.bind.TreeTypeAdapter.read(TreeTypeAdapter.java:69) ~[gson-2.8.9.jar%2338!/:?]
	at com.google.gson.internal.bind.TypeAdapterRuntimeTypeWrapper.read(TypeAdapterRuntimeTypeWrapper.java:41) ~[gson-2.8.9.jar%2338!/:?]
	at com.google.gson.internal.bind.ArrayTypeAdapter.read(ArrayTypeAdapter.java:72) ~[gson-2.8.9.jar%2338!/:?]
	at com.google.gson.Gson.fromJson(Gson.java:963) ~[gson-2.8.9.jar%2338!/:?]
	at com.google.gson.Gson.fromJson(Gson.java:1034) ~[gson-2.8.9.jar%2338!/:?]
	at com.google.gson.internal.bind.TreeTypeAdapter$GsonContextImpl.deserialize(TreeTypeAdapter.java:162) ~[gson-2.8.9.jar%2338!/:?]
	at net.minecraft.util.GsonHelper.m_13808_(GsonHelper.java:448) ~[server-1.18.2-20220404.173914-srg.jar%23116!/:?]
	at net.minecraft.util.GsonHelper.m_13836_(GsonHelper.java:456) ~[server-1.18.2-20220404.173914-srg.jar%23116!/:?]
	at net.minecraft.world.level.storage.loot.entries.CompositeEntryBase$1.m_5921_(CompositeEntryBase.java:61) ~[server-1.18.2-20220404.173914-srg.jar%23116!/:?]
	at net.minecraft.world.level.storage.loot.entries.CompositeEntryBase$1.m_5921_(CompositeEntryBase.java:53) ~[server-1.18.2-20220404.173914-srg.jar%23116!/:?]
	at net.minecraft.world.level.storage.loot.entries.LootPoolEntryContainer$Serializer.m_7561_(LootPoolEntryContainer.java:86) ~[server-1.18.2-20220404.173914-srg.jar%23116!/:?]
	at net.minecraft.world.level.storage.loot.entries.LootPoolEntryContainer$Serializer.m_7561_(LootPoolEntryContainer.java:74) ~[server-1.18.2-20220404.173914-srg.jar%23116!/:?]
	at net.minecraft.world.level.storage.loot.GsonAdapterFactory$JsonAdapter.deserialize(GsonAdapterFactory.java:102) ~[server-1.18.2-20220404.173914-srg.jar%23116!/:?]
	at com.google.gson.internal.bind.TreeTypeAdapter.read(TreeTypeAdapter.java:69) ~[gson-2.8.9.jar%2338!/:?]
	at com.google.gson.internal.bind.TypeAdapterRuntimeTypeWrapper.read(TypeAdapterRuntimeTypeWrapper.java:41) ~[gson-2.8.9.jar%2338!/:?]
	at com.google.gson.internal.bind.ArrayTypeAdapter.read(ArrayTypeAdapter.java:72) ~[gson-2.8.9.jar%2338!/:?]
	at com.google.gson.Gson.fromJson(Gson.java:963) ~[gson-2.8.9.jar%2338!/:?]
	at com.google.gson.Gson.fromJson(Gson.java:1034) ~[gson-2.8.9.jar%2338!/:?]
	at com.google.gson.internal.bind.TreeTypeAdapter$GsonContextImpl.deserialize(TreeTypeAdapter.java:162) ~[gson-2.8.9.jar%2338!/:?]
	at net.minecraft.util.GsonHelper.m_13808_(GsonHelper.java:448) ~[server-1.18.2-20220404.173914-srg.jar%23116!/:?]
	at net.minecraft.util.GsonHelper.m_13836_(GsonHelper.java:456) ~[server-1.18.2-20220404.173914-srg.jar%23116!/:?]
	at net.minecraft.world.level.storage.loot.LootPool$Serializer.deserialize(LootPool.java:190) ~[server-1.18.2-20220404.173914-srg.jar%23116!/:?]
	at net.minecraft.world.level.storage.loot.LootPool$Serializer.deserialize(LootPool.java:187) ~[server-1.18.2-20220404.173914-srg.jar%23116!/:?]
	at com.google.gson.internal.bind.TreeTypeAdapter.read(TreeTypeAdapter.java:69) ~[gson-2.8.9.jar%2338!/:?]
	at com.google.gson.internal.bind.TypeAdapterRuntimeTypeWrapper.read(TypeAdapterRuntimeTypeWrapper.java:41) ~[gson-2.8.9.jar%2338!/:?]
	at com.google.gson.internal.bind.ArrayTypeAdapter.read(ArrayTypeAdapter.java:72) ~[gson-2.8.9.jar%2338!/:?]
	at com.google.gson.Gson.fromJson(Gson.java:963) ~[gson-2.8.9.jar%2338!/:?]
	at com.google.gson.Gson.fromJson(Gson.java:1034) ~[gson-2.8.9.jar%2338!/:?]
	at com.google.gson.internal.bind.TreeTypeAdapter$GsonContextImpl.deserialize(TreeTypeAdapter.java:162) ~[gson-2.8.9.jar%2338!/:?]
	at net.minecraft.util.GsonHelper.m_13808_(GsonHelper.java:448) ~[server-1.18.2-20220404.173914-srg.jar%23116!/:?]
	at net.minecraft.util.GsonHelper.m_13845_(GsonHelper.java:466) ~[server-1.18.2-20220404.173914-srg.jar%23116!/:?]
	at net.minecraft.world.level.storage.loot.LootTable$Serializer.deserialize(LootTable.java:273) ~[server-1.18.2-20220404.173914-srg.jar%23116!/:?]
	at net.minecraft.world.level.storage.loot.LootTable$Serializer.deserialize(LootTable.java:270) ~[server-1.18.2-20220404.173914-srg.jar%23116!/:?]
	at com.google.gson.internal.bind.TreeTypeAdapter.read(TreeTypeAdapter.java:69) ~[gson-2.8.9.jar%2338!/:?]
	at com.google.gson.Gson.fromJson(Gson.java:963) ~[gson-2.8.9.jar%2338!/:?]
	at com.google.gson.Gson.fromJson(Gson.java:1034) ~[gson-2.8.9.jar%2338!/:?]
	at com.google.gson.Gson.fromJson(Gson.java:1006) ~[gson-2.8.9.jar%2338!/:?]
	at net.minecraftforge.common.ForgeHooks.loadLootTable(ForgeHooks.java:888) ~[forge-1.18.2-40.2.21-universal.jar%23121!/:?]
	at net.minecraft.world.level.storage.loot.LootTables.lambda$apply$0(LootTables.java:55) ~[server-1.18.2-20220404.173914-srg.jar%23116!/:?]
	at java.util.HashMap.forEach(HashMap.java:1429) ~[?:?]
	at net.minecraft.world.level.storage.loot.LootTables.m_5787_(LootTables.java:53) ~[server-1.18.2-20220404.173914-srg.jar%23116!/:?]
	at net.minecraft.world.level.storage.loot.LootTables.m_5787_(LootTables.java:18) ~[server-1.18.2-20220404.173914-srg.jar%23116!/:?]
	at net.minecraft.server.packs.resources.SimplePreparableReloadListener.m_10789_(SimplePreparableReloadListener.java:13) ~[server-1.18.2-20220404.173914-srg.jar%23116!/:?]
	at java.util.concurrent.CompletableFuture$UniAccept.tryFire(CompletableFuture.java:718) ~[?:?]
	at java.util.concurrent.CompletableFuture$Completion.run(CompletableFuture.java:482) ~[?:?]
	at net.minecraft.server.packs.resources.SimpleReloadInstance.m_143940_(SimpleReloadInstance.java:69) ~[server-1.18.2-20220404.173914-srg.jar%23116!/:?]
	at net.minecraft.server.packs.resources.SimpleReloadInstance.m_10834_(SimpleReloadInstance.java:68) ~[server-1.18.2-20220404.173914-srg.jar%23116!/:?]
	at java.util.concurrent.CompletableFuture$UniCompletion.claim(CompletableFuture.java:572) ~[?:?]
	at java.util.concurrent.CompletableFuture$UniAccept.tryFire(CompletableFuture.java:714) ~[?:?]
	at java.util.concurrent.CompletableFuture.postComplete(CompletableFuture.java:510) ~[?:?]
	at java.util.concurrent.CompletableFuture.postFire(CompletableFuture.java:614) ~[?:?]
	at java.util.concurrent.CompletableFuture$UniAccept.tryFire(CompletableFuture.java:726) ~[?:?]
	at java.util.concurrent.CompletableFuture$Completion.run(CompletableFuture.java:482) ~[?:?]
	at net.minecraft.server.packs.resources.SimpleReloadInstance.m_143940_(SimpleReloadInstance.java:69) ~[server-1.18.2-20220404.173914-srg.jar%23116!/:?]
	at net.minecraft.server.packs.resources.SimpleReloadInstance.m_10834_(SimpleReloadInstance.java:68) ~[server-1.18.2-20220404.173914-srg.jar%23116!/:?]
	at java.util.concurrent.CompletableFuture$UniCompletion.claim(CompletableFuture.java:572) ~[?:?]
	at java.util.concurrent.CompletableFuture$UniAccept.tryFire(CompletableFuture.java:714) ~[?:?]
	at java.util.concurrent.CompletableFuture.postComplete(CompletableFuture.java:510) ~[?:?]
	at java.util.concurrent.CompletableFuture.postFire(CompletableFuture.java:614) ~[?:?]
	at java.util.concurrent.CompletableFuture$UniAccept.tryFire(CompletableFuture.java:726) ~[?:?]
	at java.util.concurrent.CompletableFuture$Completion.run(CompletableFuture.java:482) ~[?:?]
	at net.minecraft.server.packs.resources.SimpleReloadInstance.m_143940_(SimpleReloadInstance.java:69) ~[server-1.18.2-20220404.173914-srg.jar%23116!/:?]
	at net.minecraft.server.packs.resources.SimpleReloadInstance.m_10834_(SimpleReloadInstance.java:68) ~[server-1.18.2-20220404.173914-srg.jar%23116!/:?]
	at java.util.concurrent.CompletableFuture$UniCompletion.claim(CompletableFuture.java:572) ~[?:?]
	at java.util.concurrent.CompletableFuture$UniAccept.tryFire(CompletableFuture.java:714) ~[?:?]
	at java.util.concurrent.CompletableFuture.postComplete(CompletableFuture.java:510) ~[?:?]
	at java.util.concurrent.CompletableFuture.postFire(CompletableFuture.java:614) ~[?:?]
	at java.util.concurrent.CompletableFuture$UniAccept.tryFire(CompletableFuture.java:726) ~[?:?]
	at java.util.concurrent.CompletableFuture$Completion.run(CompletableFuture.java:482) ~[?:?]
	at net.minecraft.server.packs.resources.SimpleReloadInstance.m_143940_(SimpleReloadInstance.java:69) ~[server-1.18.2-20220404.173914-srg.jar%23116!/:?]
	at net.minecraft.server.packs.resources.SimpleReloadInstance.m_10834_(SimpleReloadInstance.java:68) ~[server-1.18.2-20220404.173914-srg.jar%23116!/:?]
	at java.util.concurrent.CompletableFuture$UniCompletion.claim(CompletableFuture.java:572) ~[?:?]
	at java.util.concurrent.CompletableFuture$UniAccept.tryFire(CompletableFuture.java:714) ~[?:?]
	at java.util.concurrent.CompletableFuture.postComplete(CompletableFuture.java:510) ~[?:?]
	at java.util.concurrent.CompletableFuture.complete(CompletableFuture.java:2179) ~[?:?]
	at net.minecraft.server.packs.resources.SimpleReloadInstance$1.m_10855_(SimpleReloadInstance.java:51) ~[server-1.18.2-20220404.173914-srg.jar%23116!/:?]
	at net.minecraft.server.packs.resources.SimpleReloadInstance$1.m_6769_(SimpleReloadInstance.java:48) ~[server-1.18.2-20220404.173914-srg.jar%23116!/:?]
	at java.util.concurrent.CompletableFuture$UniCompose.tryFire(CompletableFuture.java:1150) [?:?]
	at java.util.concurrent.CompletableFuture.postComplete(CompletableFuture.java:510) [?:?]
	at java.util.concurrent.CompletableFuture$AsyncSupply.run(CompletableFuture.java:1773) [?:?]
	at java.util.concurrent.CompletableFuture$AsyncSupply.exec(CompletableFuture.java:1760) [?:?]
	at java.util.concurrent.ForkJoinTask.doExec(ForkJoinTask.java:387) [?:?]
	at java.util.concurrent.ForkJoinPool$WorkQueue.topLevelExec(ForkJoinPool.java:1312) [?:?]
	at java.util.concurrent.ForkJoinPool.scan(ForkJoinPool.java:1843) [?:?]
	at java.util.concurrent.ForkJoinPool.runWorker(ForkJoinPool.java:1808) [?:?]
	at java.util.concurrent.ForkJoinWorkerThread.run(ForkJoinWorkerThread.java:188) [?:?]
2025-03-09 02:23:53,762 [1;31mERROR[m [m[Worker-Main-4][m [mn.m.w.l.s.l.LootTables.lambda$apply$0(58)[m: Couldn't parse loot table alternacraft:blocks/deepslate_titanium_ore
com.google.gson.JsonSyntaxException: Expected name to be an item, was unknown string 'alternacraft:titanium'
	at net.minecraft.util.GsonHelper.m_13866_(GsonHelper.java:130) ~[server-1.18.2-20220404.173914-srg.jar%23116!/:?]
	at java.util.Optional.orElseThrow(Optional.java:403) ~[?:?]
	at net.minecraft.util.GsonHelper.m_13874_(GsonHelper.java:130) ~[server-1.18.2-20220404.173914-srg.jar%23116!/:?]
	at net.minecraft.util.GsonHelper.m_13909_(GsonHelper.java:138) ~[server-1.18.2-20220404.173914-srg.jar%23116!/:?]
	at net.minecraft.world.level.storage.loot.entries.LootItem$Serializer.m_7267_(LootItem.java:55) ~[server-1.18.2-20220404.173914-srg.jar%23116!/:?]
	at net.minecraft.world.level.storage.loot.entries.LootItem$Serializer.m_7267_(LootItem.java:40) ~[server-1.18.2-20220404.173914-srg.jar%23116!/:?]
	at net.minecraft.world.level.storage.loot.entries.LootPoolSingletonContainer$Serializer.m_5921_(LootPoolSingletonContainer.java:151) ~[server-1.18.2-20220404.173914-srg.jar%23116!/:?]
	at net.minecraft.world.level.storage.loot.entries.LootPoolSingletonContainer$Serializer.m_5921_(LootPoolSingletonContainer.java:129) ~[server-1.18.2-20220404.173914-srg.jar%23116!/:?]
	at net.minecraft.world.level.storage.loot.entries.LootPoolEntryContainer$Serializer.m_7561_(LootPoolEntryContainer.java:86) ~[server-1.18.2-20220404.173914-srg.jar%23116!/:?]
	at net.minecraft.world.level.storage.loot.entries.LootPoolEntryContainer$Serializer.m_7561_(LootPoolEntryContainer.java:74) ~[server-1.18.2-20220404.173914-srg.jar%23116!/:?]
	at net.minecraft.world.level.storage.loot.GsonAdapterFactory$JsonAdapter.deserialize(GsonAdapterFactory.java:102) ~[server-1.18.2-20220404.173914-srg.jar%23116!/:?]
	at com.google.gson.internal.bind.TreeTypeAdapter.read(TreeTypeAdapter.java:69) ~[gson-2.8.9.jar%2338!/:?]
	at com.google.gson.internal.bind.TypeAdapterRuntimeTypeWrapper.read(TypeAdapterRuntimeTypeWrapper.java:41) ~[gson-2.8.9.jar%2338!/:?]
	at com.google.gson.internal.bind.ArrayTypeAdapter.read(ArrayTypeAdapter.java:72) ~[gson-2.8.9.jar%2338!/:?]
	at com.google.gson.Gson.fromJson(Gson.java:963) ~[gson-2.8.9.jar%2338!/:?]
	at com.google.gson.Gson.fromJson(Gson.java:1034) ~[gson-2.8.9.jar%2338!/:?]
	at com.google.gson.internal.bind.TreeTypeAdapter$GsonContextImpl.deserialize(TreeTypeAdapter.java:162) ~[gson-2.8.9.jar%2338!/:?]
	at net.minecraft.util.GsonHelper.m_13808_(GsonHelper.java:448) ~[server-1.18.2-20220404.173914-srg.jar%23116!/:?]
	at net.minecraft.util.GsonHelper.m_13836_(GsonHelper.java:456) ~[server-1.18.2-20220404.173914-srg.jar%23116!/:?]
	at net.minecraft.world.level.storage.loot.entries.CompositeEntryBase$1.m_5921_(CompositeEntryBase.java:61) ~[server-1.18.2-20220404.173914-srg.jar%23116!/:?]
	at net.minecraft.world.level.storage.loot.entries.CompositeEntryBase$1.m_5921_(CompositeEntryBase.java:53) ~[server-1.18.2-20220404.173914-srg.jar%23116!/:?]
	at net.minecraft.world.level.storage.loot.entries.LootPoolEntryContainer$Serializer.m_7561_(LootPoolEntryContainer.java:86) ~[server-1.18.2-20220404.173914-srg.jar%23116!/:?]
	at net.minecraft.world.level.storage.loot.entries.LootPoolEntryContainer$Serializer.m_7561_(LootPoolEntryContainer.java:74) ~[server-1.18.2-20220404.173914-srg.jar%23116!/:?]
	at net.minecraft.world.level.storage.loot.GsonAdapterFactory$JsonAdapter.deserialize(GsonAdapterFactory.java:102) ~[server-1.18.2-20220404.173914-srg.jar%23116!/:?]
	at com.google.gson.internal.bind.TreeTypeAdapter.read(TreeTypeAdapter.java:69) ~[gson-2.8.9.jar%2338!/:?]
	at com.google.gson.internal.bind.TypeAdapterRuntimeTypeWrapper.read(TypeAdapterRuntimeTypeWrapper.java:41) ~[gson-2.8.9.jar%2338!/:?]
	at com.google.gson.internal.bind.ArrayTypeAdapter.read(ArrayTypeAdapter.java:72) ~[gson-2.8.9.jar%2338!/:?]
	at com.google.gson.Gson.fromJson(Gson.java:963) ~[gson-2.8.9.jar%2338!/:?]
	at com.google.gson.Gson.fromJson(Gson.java:1034) ~[gson-2.8.9.jar%2338!/:?]
	at com.google.gson.internal.bind.TreeTypeAdapter$GsonContextImpl.deserialize(TreeTypeAdapter.java:162) ~[gson-2.8.9.jar%2338!/:?]
	at net.minecraft.util.GsonHelper.m_13808_(GsonHelper.java:448) ~[server-1.18.2-20220404.173914-srg.jar%23116!/:?]
	at net.minecraft.util.GsonHelper.m_13836_(GsonHelper.java:456) ~[server-1.18.2-20220404.173914-srg.jar%23116!/:?]
	at net.minecraft.world.level.storage.loot.LootPool$Serializer.deserialize(LootPool.java:190) ~[server-1.18.2-20220404.173914-srg.jar%23116!/:?]
	at net.minecraft.world.level.storage.loot.LootPool$Serializer.deserialize(LootPool.java:187) ~[server-1.18.2-20220404.173914-srg.jar%23116!/:?]
	at com.google.gson.internal.bind.TreeTypeAdapter.read(TreeTypeAdapter.java:69) ~[gson-2.8.9.jar%2338!/:?]
	at com.google.gson.internal.bind.TypeAdapterRuntimeTypeWrapper.read(TypeAdapterRuntimeTypeWrapper.java:41) ~[gson-2.8.9.jar%2338!/:?]
	at com.google.gson.internal.bind.ArrayTypeAdapter.read(ArrayTypeAdapter.java:72) ~[gson-2.8.9.jar%2338!/:?]
	at com.google.gson.Gson.fromJson(Gson.java:963) ~[gson-2.8.9.jar%2338!/:?]
	at com.google.gson.Gson.fromJson(Gson.java:1034) ~[gson-2.8.9.jar%2338!/:?]
	at com.google.gson.internal.bind.TreeTypeAdapter$GsonContextImpl.deserialize(TreeTypeAdapter.java:162) ~[gson-2.8.9.jar%2338!/:?]
	at net.minecraft.util.GsonHelper.m_13808_(GsonHelper.java:448) ~[server-1.18.2-20220404.173914-srg.jar%23116!/:?]
	at net.minecraft.util.GsonHelper.m_13845_(GsonHelper.java:466) ~[server-1.18.2-20220404.173914-srg.jar%23116!/:?]
	at net.minecraft.world.level.storage.loot.LootTable$Serializer.deserialize(LootTable.java:273) ~[server-1.18.2-20220404.173914-srg.jar%23116!/:?]
	at net.minecraft.world.level.storage.loot.LootTable$Serializer.deserialize(LootTable.java:270) ~[server-1.18.2-20220404.173914-srg.jar%23116!/:?]
	at com.google.gson.internal.bind.TreeTypeAdapter.read(TreeTypeAdapter.java:69) ~[gson-2.8.9.jar%2338!/:?]
	at com.google.gson.Gson.fromJson(Gson.java:963) ~[gson-2.8.9.jar%2338!/:?]
	at com.google.gson.Gson.fromJson(Gson.java:1034) ~[gson-2.8.9.jar%2338!/:?]
	at com.google.gson.Gson.fromJson(Gson.java:1006) ~[gson-2.8.9.jar%2338!/:?]
	at net.minecraftforge.common.ForgeHooks.loadLootTable(ForgeHooks.java:888) ~[forge-1.18.2-40.2.21-universal.jar%23121!/:?]
	at net.minecraft.world.level.storage.loot.LootTables.lambda$apply$0(LootTables.java:55) ~[server-1.18.2-20220404.173914-srg.jar%23116!/:?]
	at java.util.HashMap.forEach(HashMap.java:1429) ~[?:?]
	at net.minecraft.world.level.storage.loot.LootTables.m_5787_(LootTables.java:53) ~[server-1.18.2-20220404.173914-srg.jar%23116!/:?]
	at net.minecraft.world.level.storage.loot.LootTables.m_5787_(LootTables.java:18) ~[server-1.18.2-20220404.173914-srg.jar%23116!/:?]
	at net.minecraft.server.packs.resources.SimplePreparableReloadListener.m_10789_(SimplePreparableReloadListener.java:13) ~[server-1.18.2-20220404.173914-srg.jar%23116!/:?]
	at java.util.concurrent.CompletableFuture$UniAccept.tryFire(CompletableFuture.java:718) ~[?:?]
	at java.util.concurrent.CompletableFuture$Completion.run(CompletableFuture.java:482) ~[?:?]
	at net.minecraft.server.packs.resources.SimpleReloadInstance.m_143940_(SimpleReloadInstance.java:69) ~[server-1.18.2-20220404.173914-srg.jar%23116!/:?]
	at net.minecraft.server.packs.resources.SimpleReloadInstance.m_10834_(SimpleReloadInstance.java:68) ~[server-1.18.2-20220404.173914-srg.jar%23116!/:?]
	at java.util.concurrent.CompletableFuture$UniCompletion.claim(CompletableFuture.java:572) ~[?:?]
	at java.util.concurrent.CompletableFuture$UniAccept.tryFire(CompletableFuture.java:714) ~[?:?]
	at java.util.concurrent.CompletableFuture.postComplete(CompletableFuture.java:510) ~[?:?]
	at java.util.concurrent.CompletableFuture.postFire(CompletableFuture.java:614) ~[?:?]
	at java.util.concurrent.CompletableFuture$UniAccept.tryFire(CompletableFuture.java:726) ~[?:?]
	at java.util.concurrent.CompletableFuture$Completion.run(CompletableFuture.java:482) ~[?:?]
	at net.minecraft.server.packs.resources.SimpleReloadInstance.m_143940_(SimpleReloadInstance.java:69) ~[server-1.18.2-20220404.173914-srg.jar%23116!/:?]
	at net.minecraft.server.packs.resources.SimpleReloadInstance.m_10834_(SimpleReloadInstance.java:68) ~[server-1.18.2-20220404.173914-srg.jar%23116!/:?]
	at java.util.concurrent.CompletableFuture$UniCompletion.claim(CompletableFuture.java:572) ~[?:?]
	at java.util.concurrent.CompletableFuture$UniAccept.tryFire(CompletableFuture.java:714) ~[?:?]
	at java.util.concurrent.CompletableFuture.postComplete(CompletableFuture.java:510) ~[?:?]
	at java.util.concurrent.CompletableFuture.postFire(CompletableFuture.java:614) ~[?:?]
	at java.util.concurrent.CompletableFuture$UniAccept.tryFire(CompletableFuture.java:726) ~[?:?]
	at java.util.concurrent.CompletableFuture$Completion.run(CompletableFuture.java:482) ~[?:?]
	at net.minecraft.server.packs.resources.SimpleReloadInstance.m_143940_(SimpleReloadInstance.java:69) ~[server-1.18.2-20220404.173914-srg.jar%23116!/:?]
	at net.minecraft.server.packs.resources.SimpleReloadInstance.m_10834_(SimpleReloadInstance.java:68) ~[server-1.18.2-20220404.173914-srg.jar%23116!/:?]
	at java.util.concurrent.CompletableFuture$UniCompletion.claim(CompletableFuture.java:572) ~[?:?]
	at java.util.concurrent.CompletableFuture$UniAccept.tryFire(CompletableFuture.java:714) ~[?:?]
	at java.util.concurrent.CompletableFuture.postComplete(CompletableFuture.java:510) ~[?:?]
	at java.util.concurrent.CompletableFuture.postFire(CompletableFuture.java:614) ~[?:?]
	at java.util.concurrent.CompletableFuture$UniAccept.tryFire(CompletableFuture.java:726) ~[?:?]
	at java.util.concurrent.CompletableFuture$Completion.run(CompletableFuture.java:482) ~[?:?]
	at net.minecraft.server.packs.resources.SimpleReloadInstance.m_143940_(SimpleReloadInstance.java:69) ~[server-1.18.2-20220404.173914-srg.jar%23116!/:?]
	at net.minecraft.server.packs.resources.SimpleReloadInstance.m_10834_(SimpleReloadInstance.java:68) ~[server-1.18.2-20220404.173914-srg.jar%23116!/:?]
	at java.util.concurrent.CompletableFuture$UniCompletion.claim(CompletableFuture.java:572) ~[?:?]
	at java.util.concurrent.CompletableFuture$UniAccept.tryFire(CompletableFuture.java:714) ~[?:?]
	at java.util.concurrent.CompletableFuture.postComplete(CompletableFuture.java:510) ~[?:?]
	at java.util.concurrent.CompletableFuture.complete(CompletableFuture.java:2179) ~[?:?]
	at net.minecraft.server.packs.resources.SimpleReloadInstance$1.m_10855_(SimpleReloadInstance.java:51) ~[server-1.18.2-20220404.173914-srg.jar%23116!/:?]
	at net.minecraft.server.packs.resources.SimpleReloadInstance$1.m_6769_(SimpleReloadInstance.java:48) ~[server-1.18.2-20220404.173914-srg.jar%23116!/:?]
	at java.util.concurrent.CompletableFuture$UniCompose.tryFire(CompletableFuture.java:1150) [?:?]
	at java.util.concurrent.CompletableFuture.postComplete(CompletableFuture.java:510) [?:?]
	at java.util.concurrent.CompletableFuture$AsyncSupply.run(CompletableFuture.java:1773) [?:?]
	at java.util.concurrent.CompletableFuture$AsyncSupply.exec(CompletableFuture.java:1760) [?:?]
	at java.util.concurrent.ForkJoinTask.doExec(ForkJoinTask.java:387) [?:?]
	at java.util.concurrent.ForkJoinPool$WorkQueue.topLevelExec(ForkJoinPool.java:1312) [?:?]
	at java.util.concurrent.ForkJoinPool.scan(ForkJoinPool.java:1843) [?:?]
	at java.util.concurrent.ForkJoinPool.runWorker(ForkJoinPool.java:1808) [?:?]
	at java.util.concurrent.ForkJoinWorkerThread.run(ForkJoinWorkerThread.java:188) [?:?]
2025-03-09 02:23:53,800 [1;31mERROR[m [m[Worker-Main-4][m [mn.m.w.l.s.l.LootTables.lambda$apply$0(58)[m: Couldn't parse loot table alternacraft:blocks/slitstone_copper_ore
com.google.gson.JsonSyntaxException: Expected name to be an item, was unknown string 'minecraft:copper'
	at net.minecraft.util.GsonHelper.m_13866_(GsonHelper.java:130) ~[server-1.18.2-20220404.173914-srg.jar%23116!/:?]
	at java.util.Optional.orElseThrow(Optional.java:403) ~[?:?]
	at net.minecraft.util.GsonHelper.m_13874_(GsonHelper.java:130) ~[server-1.18.2-20220404.173914-srg.jar%23116!/:?]
	at net.minecraft.util.GsonHelper.m_13909_(GsonHelper.java:138) ~[server-1.18.2-20220404.173914-srg.jar%23116!/:?]
	at net.minecraft.world.level.storage.loot.entries.LootItem$Serializer.m_7267_(LootItem.java:55) ~[server-1.18.2-20220404.173914-srg.jar%23116!/:?]
	at net.minecraft.world.level.storage.loot.entries.LootItem$Serializer.m_7267_(LootItem.java:40) ~[server-1.18.2-20220404.173914-srg.jar%23116!/:?]
	at net.minecraft.world.level.storage.loot.entries.LootPoolSingletonContainer$Serializer.m_5921_(LootPoolSingletonContainer.java:151) ~[server-1.18.2-20220404.173914-srg.jar%23116!/:?]
	at net.minecraft.world.level.storage.loot.entries.LootPoolSingletonContainer$Serializer.m_5921_(LootPoolSingletonContainer.java:129) ~[server-1.18.2-20220404.173914-srg.jar%23116!/:?]
	at net.minecraft.world.level.storage.loot.entries.LootPoolEntryContainer$Serializer.m_7561_(LootPoolEntryContainer.java:86) ~[server-1.18.2-20220404.173914-srg.jar%23116!/:?]
	at net.minecraft.world.level.storage.loot.entries.LootPoolEntryContainer$Serializer.m_7561_(LootPoolEntryContainer.java:74) ~[server-1.18.2-20220404.173914-srg.jar%23116!/:?]
	at net.minecraft.world.level.storage.loot.GsonAdapterFactory$JsonAdapter.deserialize(GsonAdapterFactory.java:102) ~[server-1.18.2-20220404.173914-srg.jar%23116!/:?]
	at com.google.gson.internal.bind.TreeTypeAdapter.read(TreeTypeAdapter.java:69) ~[gson-2.8.9.jar%2338!/:?]
	at com.google.gson.internal.bind.TypeAdapterRuntimeTypeWrapper.read(TypeAdapterRuntimeTypeWrapper.java:41) ~[gson-2.8.9.jar%2338!/:?]
	at com.google.gson.internal.bind.ArrayTypeAdapter.read(ArrayTypeAdapter.java:72) ~[gson-2.8.9.jar%2338!/:?]
	at com.google.gson.Gson.fromJson(Gson.java:963) ~[gson-2.8.9.jar%2338!/:?]
	at com.google.gson.Gson.fromJson(Gson.java:1034) ~[gson-2.8.9.jar%2338!/:?]
	at com.google.gson.internal.bind.TreeTypeAdapter$GsonContextImpl.deserialize(TreeTypeAdapter.java:162) ~[gson-2.8.9.jar%2338!/:?]
	at net.minecraft.util.GsonHelper.m_13808_(GsonHelper.java:448) ~[server-1.18.2-20220404.173914-srg.jar%23116!/:?]
	at net.minecraft.util.GsonHelper.m_13836_(GsonHelper.java:456) ~[server-1.18.2-20220404.173914-srg.jar%23116!/:?]
	at net.minecraft.world.level.storage.loot.entries.CompositeEntryBase$1.m_5921_(CompositeEntryBase.java:61) ~[server-1.18.2-20220404.173914-srg.jar%23116!/:?]
	at net.minecraft.world.level.storage.loot.entries.CompositeEntryBase$1.m_5921_(CompositeEntryBase.java:53) ~[server-1.18.2-20220404.173914-srg.jar%23116!/:?]
	at net.minecraft.world.level.storage.loot.entries.LootPoolEntryContainer$Serializer.m_7561_(LootPoolEntryContainer.java:86) ~[server-1.18.2-20220404.173914-srg.jar%23116!/:?]
	at net.minecraft.world.level.storage.loot.entries.LootPoolEntryContainer$Serializer.m_7561_(LootPoolEntryContainer.java:74) ~[server-1.18.2-20220404.173914-srg.jar%23116!/:?]
	at net.minecraft.world.level.storage.loot.GsonAdapterFactory$JsonAdapter.deserialize(GsonAdapterFactory.java:102) ~[server-1.18.2-20220404.173914-srg.jar%23116!/:?]
	at com.google.gson.internal.bind.TreeTypeAdapter.read(TreeTypeAdapter.java:69) ~[gson-2.8.9.jar%2338!/:?]
	at com.google.gson.internal.bind.TypeAdapterRuntimeTypeWrapper.read(TypeAdapterRuntimeTypeWrapper.java:41) ~[gson-2.8.9.jar%2338!/:?]
	at com.google.gson.internal.bind.ArrayTypeAdapter.read(ArrayTypeAdapter.java:72) ~[gson-2.8.9.jar%2338!/:?]
	at com.google.gson.Gson.fromJson(Gson.java:963) ~[gson-2.8.9.jar%2338!/:?]
	at com.google.gson.Gson.fromJson(Gson.java:1034) ~[gson-2.8.9.jar%2338!/:?]
	at com.google.gson.internal.bind.TreeTypeAdapter$GsonContextImpl.deserialize(TreeTypeAdapter.java:162) ~[gson-2.8.9.jar%2338!/:?]
	at net.minecraft.util.GsonHelper.m_13808_(GsonHelper.java:448) ~[server-1.18.2-20220404.173914-srg.jar%23116!/:?]
	at net.minecraft.util.GsonHelper.m_13836_(GsonHelper.java:456) ~[server-1.18.2-20220404.173914-srg.jar%23116!/:?]
	at net.minecraft.world.level.storage.loot.LootPool$Serializer.deserialize(LootPool.java:190) ~[server-1.18.2-20220404.173914-srg.jar%23116!/:?]
	at net.minecraft.world.level.storage.loot.LootPool$Serializer.deserialize(LootPool.java:187) ~[server-1.18.2-20220404.173914-srg.jar%23116!/:?]
	at com.google.gson.internal.bind.TreeTypeAdapter.read(TreeTypeAdapter.java:69) ~[gson-2.8.9.jar%2338!/:?]
	at com.google.gson.internal.bind.TypeAdapterRuntimeTypeWrapper.read(TypeAdapterRuntimeTypeWrapper.java:41) ~[gson-2.8.9.jar%2338!/:?]
	at com.google.gson.internal.bind.ArrayTypeAdapter.read(ArrayTypeAdapter.java:72) ~[gson-2.8.9.jar%2338!/:?]
	at com.google.gson.Gson.fromJson(Gson.java:963) ~[gson-2.8.9.jar%2338!/:?]
	at com.google.gson.Gson.fromJson(Gson.java:1034) ~[gson-2.8.9.jar%2338!/:?]
	at com.google.gson.internal.bind.TreeTypeAdapter$GsonContextImpl.deserialize(TreeTypeAdapter.java:162) ~[gson-2.8.9.jar%2338!/:?]
	at net.minecraft.util.GsonHelper.m_13808_(GsonHelper.java:448) ~[server-1.18.2-20220404.173914-srg.jar%23116!/:?]
	at net.minecraft.util.GsonHelper.m_13845_(GsonHelper.java:466) ~[server-1.18.2-20220404.173914-srg.jar%23116!/:?]
	at net.minecraft.world.level.storage.loot.LootTable$Serializer.deserialize(LootTable.java:273) ~[server-1.18.2-20220404.173914-srg.jar%23116!/:?]
	at net.minecraft.world.level.storage.loot.LootTable$Serializer.deserialize(LootTable.java:270) ~[server-1.18.2-20220404.173914-srg.jar%23116!/:?]
	at com.google.gson.internal.bind.TreeTypeAdapter.read(TreeTypeAdapter.java:69) ~[gson-2.8.9.jar%2338!/:?]
	at com.google.gson.Gson.fromJson(Gson.java:963) ~[gson-2.8.9.jar%2338!/:?]
	at com.google.gson.Gson.fromJson(Gson.java:1034) ~[gson-2.8.9.jar%2338!/:?]
	at com.google.gson.Gson.fromJson(Gson.java:1006) ~[gson-2.8.9.jar%2338!/:?]
	at net.minecraftforge.common.ForgeHooks.loadLootTable(ForgeHooks.java:888) ~[forge-1.18.2-40.2.21-universal.jar%23121!/:?]
	at net.minecraft.world.level.storage.loot.LootTables.lambda$apply$0(LootTables.java:55) ~[server-1.18.2-20220404.173914-srg.jar%23116!/:?]
	at java.util.HashMap.forEach(HashMap.java:1429) ~[?:?]
	at net.minecraft.world.level.storage.loot.LootTables.m_5787_(LootTables.java:53) ~[server-1.18.2-20220404.173914-srg.jar%23116!/:?]
	at net.minecraft.world.level.storage.loot.LootTables.m_5787_(LootTables.java:18) ~[server-1.18.2-20220404.173914-srg.jar%23116!/:?]
	at net.minecraft.server.packs.resources.SimplePreparableReloadListener.m_10789_(SimplePreparableReloadListener.java:13) ~[server-1.18.2-20220404.173914-srg.jar%23116!/:?]
	at java.util.concurrent.CompletableFuture$UniAccept.tryFire(CompletableFuture.java:718) ~[?:?]
	at java.util.concurrent.CompletableFuture$Completion.run(CompletableFuture.java:482) ~[?:?]
	at net.minecraft.server.packs.resources.SimpleReloadInstance.m_143940_(SimpleReloadInstance.java:69) ~[server-1.18.2-20220404.173914-srg.jar%23116!/:?]
	at net.minecraft.server.packs.resources.SimpleReloadInstance.m_10834_(SimpleReloadInstance.java:68) ~[server-1.18.2-20220404.173914-srg.jar%23116!/:?]
	at java.util.concurrent.CompletableFuture$UniCompletion.claim(CompletableFuture.java:572) ~[?:?]
	at java.util.concurrent.CompletableFuture$UniAccept.tryFire(CompletableFuture.java:714) ~[?:?]
	at java.util.concurrent.CompletableFuture.postComplete(CompletableFuture.java:510) ~[?:?]
	at java.util.concurrent.CompletableFuture.postFire(CompletableFuture.java:614) ~[?:?]
	at java.util.concurrent.CompletableFuture$UniAccept.tryFire(CompletableFuture.java:726) ~[?:?]
	at java.util.concurrent.CompletableFuture$Completion.run(CompletableFuture.java:482) ~[?:?]
	at net.minecraft.server.packs.resources.SimpleReloadInstance.m_143940_(SimpleReloadInstance.java:69) ~[server-1.18.2-20220404.173914-srg.jar%23116!/:?]
	at net.minecraft.server.packs.resources.SimpleReloadInstance.m_10834_(SimpleReloadInstance.java:68) ~[server-1.18.2-20220404.173914-srg.jar%23116!/:?]
	at java.util.concurrent.CompletableFuture$UniCompletion.claim(CompletableFuture.java:572) ~[?:?]
	at java.util.concurrent.CompletableFuture$UniAccept.tryFire(CompletableFuture.java:714) ~[?:?]
	at java.util.concurrent.CompletableFuture.postComplete(CompletableFuture.java:510) ~[?:?]
	at java.util.concurrent.CompletableFuture.postFire(CompletableFuture.java:614) ~[?:?]
	at java.util.concurrent.CompletableFuture$UniAccept.tryFire(CompletableFuture.java:726) ~[?:?]
	at java.util.concurrent.CompletableFuture$Completion.run(CompletableFuture.java:482) ~[?:?]
	at net.minecraft.server.packs.resources.SimpleReloadInstance.m_143940_(SimpleReloadInstance.java:69) ~[server-1.18.2-20220404.173914-srg.jar%23116!/:?]
	at net.minecraft.server.packs.resources.SimpleReloadInstance.m_10834_(SimpleReloadInstance.java:68) ~[server-1.18.2-20220404.173914-srg.jar%23116!/:?]
	at java.util.concurrent.CompletableFuture$UniCompletion.claim(CompletableFuture.java:572) ~[?:?]
	at java.util.concurrent.CompletableFuture$UniAccept.tryFire(CompletableFuture.java:714) ~[?:?]
	at java.util.concurrent.CompletableFuture.postComplete(CompletableFuture.java:510) ~[?:?]
	at java.util.concurrent.CompletableFuture.postFire(CompletableFuture.java:614) ~[?:?]
	at java.util.concurrent.CompletableFuture$UniAccept.tryFire(CompletableFuture.java:726) ~[?:?]
	at java.util.concurrent.CompletableFuture$Completion.run(CompletableFuture.java:482) ~[?:?]
	at net.minecraft.server.packs.resources.SimpleReloadInstance.m_143940_(SimpleReloadInstance.java:69) ~[server-1.18.2-20220404.173914-srg.jar%23116!/:?]
	at net.minecraft.server.packs.resources.SimpleReloadInstance.m_10834_(SimpleReloadInstance.java:68) ~[server-1.18.2-20220404.173914-srg.jar%23116!/:?]
	at java.util.concurrent.CompletableFuture$UniCompletion.claim(CompletableFuture.java:572) ~[?:?]
	at java.util.concurrent.CompletableFuture$UniAccept.tryFire(CompletableFuture.java:714) ~[?:?]
	at java.util.concurrent.CompletableFuture.postComplete(CompletableFuture.java:510) ~[?:?]
	at java.util.concurrent.CompletableFuture.complete(CompletableFuture.java:2179) ~[?:?]
	at net.minecraft.server.packs.resources.SimpleReloadInstance$1.m_10855_(SimpleReloadInstance.java:51) ~[server-1.18.2-20220404.173914-srg.jar%23116!/:?]
	at net.minecraft.server.packs.resources.SimpleReloadInstance$1.m_6769_(SimpleReloadInstance.java:48) ~[server-1.18.2-20220404.173914-srg.jar%23116!/:?]
	at java.util.concurrent.CompletableFuture$UniCompose.tryFire(CompletableFuture.java:1150) [?:?]
	at java.util.concurrent.CompletableFuture.postComplete(CompletableFuture.java:510) [?:?]
	at java.util.concurrent.CompletableFuture$AsyncSupply.run(CompletableFuture.java:1773) [?:?]
	at java.util.concurrent.CompletableFuture$AsyncSupply.exec(CompletableFuture.java:1760) [?:?]
	at java.util.concurrent.ForkJoinTask.doExec(ForkJoinTask.java:387) [?:?]
	at java.util.concurrent.ForkJoinPool$WorkQueue.topLevelExec(ForkJoinPool.java:1312) [?:?]
	at java.util.concurrent.ForkJoinPool.scan(ForkJoinPool.java:1843) [?:?]
	at java.util.concurrent.ForkJoinPool.runWorker(ForkJoinPool.java:1808) [?:?]
	at java.util.concurrent.ForkJoinWorkerThread.run(ForkJoinWorkerThread.java:188) [?:?]
2025-03-09 02:23:53,855 [1;31mERROR[m [m[Worker-Main-4][m [mn.m.w.l.s.l.LootTables.lambda$apply$0(58)[m: Couldn't parse loot table rpgsmw:blocks/ancient_alchemestry_tower
com.google.gson.JsonSyntaxException: Expected name to be an item, was unknown string 'rpgsmw:deleted_mod_element'
	at net.minecraft.util.GsonHelper.m_13866_(GsonHelper.java:130) ~[server-1.18.2-20220404.173914-srg.jar%23116!/:?]
	at java.util.Optional.orElseThrow(Optional.java:403) ~[?:?]
	at net.minecraft.util.GsonHelper.m_13874_(GsonHelper.java:130) ~[server-1.18.2-20220404.173914-srg.jar%23116!/:?]
	at net.minecraft.util.GsonHelper.m_13909_(GsonHelper.java:138) ~[server-1.18.2-20220404.173914-srg.jar%23116!/:?]
	at net.minecraft.world.level.storage.loot.entries.LootItem$Serializer.m_7267_(LootItem.java:55) ~[server-1.18.2-20220404.173914-srg.jar%23116!/:?]
	at net.minecraft.world.level.storage.loot.entries.LootItem$Serializer.m_7267_(LootItem.java:40) ~[server-1.18.2-20220404.173914-srg.jar%23116!/:?]
	at net.minecraft.world.level.storage.loot.entries.LootPoolSingletonContainer$Serializer.m_5921_(LootPoolSingletonContainer.java:151) ~[server-1.18.2-20220404.173914-srg.jar%23116!/:?]
	at net.minecraft.world.level.storage.loot.entries.LootPoolSingletonContainer$Serializer.m_5921_(LootPoolSingletonContainer.java:129) ~[server-1.18.2-20220404.173914-srg.jar%23116!/:?]
	at net.minecraft.world.level.storage.loot.entries.LootPoolEntryContainer$Serializer.m_7561_(LootPoolEntryContainer.java:86) ~[server-1.18.2-20220404.173914-srg.jar%23116!/:?]
	at net.minecraft.world.level.storage.loot.entries.LootPoolEntryContainer$Serializer.m_7561_(LootPoolEntryContainer.java:74) ~[server-1.18.2-20220404.173914-srg.jar%23116!/:?]
	at net.minecraft.world.level.storage.loot.GsonAdapterFactory$JsonAdapter.deserialize(GsonAdapterFactory.java:102) ~[server-1.18.2-20220404.173914-srg.jar%23116!/:?]
	at com.google.gson.internal.bind.TreeTypeAdapter.read(TreeTypeAdapter.java:69) ~[gson-2.8.9.jar%2338!/:?]
	at com.google.gson.internal.bind.TypeAdapterRuntimeTypeWrapper.read(TypeAdapterRuntimeTypeWrapper.java:41) ~[gson-2.8.9.jar%2338!/:?]
	at com.google.gson.internal.bind.ArrayTypeAdapter.read(ArrayTypeAdapter.java:72) ~[gson-2.8.9.jar%2338!/:?]
	at com.google.gson.Gson.fromJson(Gson.java:963) ~[gson-2.8.9.jar%2338!/:?]
	at com.google.gson.Gson.fromJson(Gson.java:1034) ~[gson-2.8.9.jar%2338!/:?]
	at com.google.gson.internal.bind.TreeTypeAdapter$GsonContextImpl.deserialize(TreeTypeAdapter.java:162) ~[gson-2.8.9.jar%2338!/:?]
	at net.minecraft.util.GsonHelper.m_13808_(GsonHelper.java:448) ~[server-1.18.2-20220404.173914-srg.jar%23116!/:?]
	at net.minecraft.util.GsonHelper.m_13836_(GsonHelper.java:456) ~[server-1.18.2-20220404.173914-srg.jar%23116!/:?]
	at net.minecraft.world.level.storage.loot.LootPool$Serializer.deserialize(LootPool.java:190) ~[server-1.18.2-20220404.173914-srg.jar%23116!/:?]
	at net.minecraft.world.level.storage.loot.LootPool$Serializer.deserialize(LootPool.java:187) ~[server-1.18.2-20220404.173914-srg.jar%23116!/:?]
	at com.google.gson.internal.bind.TreeTypeAdapter.read(TreeTypeAdapter.java:69) ~[gson-2.8.9.jar%2338!/:?]
	at com.google.gson.internal.bind.TypeAdapterRuntimeTypeWrapper.read(TypeAdapterRuntimeTypeWrapper.java:41) ~[gson-2.8.9.jar%2338!/:?]
	at com.google.gson.internal.bind.ArrayTypeAdapter.read(ArrayTypeAdapter.java:72) ~[gson-2.8.9.jar%2338!/:?]
	at com.google.gson.Gson.fromJson(Gson.java:963) ~[gson-2.8.9.jar%2338!/:?]
	at com.google.gson.Gson.fromJson(Gson.java:1034) ~[gson-2.8.9.jar%2338!/:?]
	at com.google.gson.internal.bind.TreeTypeAdapter$GsonContextImpl.deserialize(TreeTypeAdapter.java:162) ~[gson-2.8.9.jar%2338!/:?]
	at net.minecraft.util.GsonHelper.m_13808_(GsonHelper.java:448) ~[server-1.18.2-20220404.173914-srg.jar%23116!/:?]
	at net.minecraft.util.GsonHelper.m_13845_(GsonHelper.java:466) ~[server-1.18.2-20220404.173914-srg.jar%23116!/:?]
	at net.minecraft.world.level.storage.loot.LootTable$Serializer.deserialize(LootTable.java:273) ~[server-1.18.2-20220404.173914-srg.jar%23116!/:?]
	at net.minecraft.world.level.storage.loot.LootTable$Serializer.deserialize(LootTable.java:270) ~[server-1.18.2-20220404.173914-srg.jar%23116!/:?]
	at com.google.gson.internal.bind.TreeTypeAdapter.read(TreeTypeAdapter.java:69) ~[gson-2.8.9.jar%2338!/:?]
	at com.google.gson.Gson.fromJson(Gson.java:963) ~[gson-2.8.9.jar%2338!/:?]
	at com.google.gson.Gson.fromJson(Gson.java:1034) ~[gson-2.8.9.jar%2338!/:?]
	at com.google.gson.Gson.fromJson(Gson.java:1006) ~[gson-2.8.9.jar%2338!/:?]
	at net.minecraftforge.common.ForgeHooks.loadLootTable(ForgeHooks.java:888) ~[forge-1.18.2-40.2.21-universal.jar%23121!/:?]
	at net.minecraft.world.level.storage.loot.LootTables.lambda$apply$0(LootTables.java:55) ~[server-1.18.2-20220404.173914-srg.jar%23116!/:?]
	at java.util.HashMap.forEach(HashMap.java:1429) ~[?:?]
	at net.minecraft.world.level.storage.loot.LootTables.m_5787_(LootTables.java:53) ~[server-1.18.2-20220404.173914-srg.jar%23116!/:?]
	at net.minecraft.world.level.storage.loot.LootTables.m_5787_(LootTables.java:18) ~[server-1.18.2-20220404.173914-srg.jar%23116!/:?]
	at net.minecraft.server.packs.resources.SimplePreparableReloadListener.m_10789_(SimplePreparableReloadListener.java:13) ~[server-1.18.2-20220404.173914-srg.jar%23116!/:?]
	at java.util.concurrent.CompletableFuture$UniAccept.tryFire(CompletableFuture.java:718) ~[?:?]
	at java.util.concurrent.CompletableFuture$Completion.run(CompletableFuture.java:482) ~[?:?]
	at net.minecraft.server.packs.resources.SimpleReloadInstance.m_143940_(SimpleReloadInstance.java:69) ~[server-1.18.2-20220404.173914-srg.jar%23116!/:?]
	at net.minecraft.server.packs.resources.SimpleReloadInstance.m_10834_(SimpleReloadInstance.java:68) ~[server-1.18.2-20220404.173914-srg.jar%23116!/:?]
	at java.util.concurrent.CompletableFuture$UniCompletion.claim(CompletableFuture.java:572) ~[?:?]
	at java.util.concurrent.CompletableFuture$UniAccept.tryFire(CompletableFuture.java:714) ~[?:?]
	at java.util.concurrent.CompletableFuture.postComplete(CompletableFuture.java:510) ~[?:?]
	at java.util.concurrent.CompletableFuture.postFire(CompletableFuture.java:614) ~[?:?]
	at java.util.concurrent.CompletableFuture$UniAccept.tryFire(CompletableFuture.java:726) ~[?:?]
	at java.util.concurrent.CompletableFuture$Completion.run(CompletableFuture.java:482) ~[?:?]
	at net.minecraft.server.packs.resources.SimpleReloadInstance.m_143940_(SimpleReloadInstance.java:69) ~[server-1.18.2-20220404.173914-srg.jar%23116!/:?]
	at net.minecraft.server.packs.resources.SimpleReloadInstance.m_10834_(SimpleReloadInstance.java:68) ~[server-1.18.2-20220404.173914-srg.jar%23116!/:?]
	at java.util.concurrent.CompletableFuture$UniCompletion.claim(CompletableFuture.java:572) ~[?:?]
	at java.util.concurrent.CompletableFuture$UniAccept.tryFire(CompletableFuture.java:714) ~[?:?]
	at java.util.concurrent.CompletableFuture.postComplete(CompletableFuture.java:510) ~[?:?]
	at java.util.concurrent.CompletableFuture.postFire(CompletableFuture.java:614) ~[?:?]
	at java.util.concurrent.CompletableFuture$UniAccept.tryFire(CompletableFuture.java:726) ~[?:?]
	at java.util.concurrent.CompletableFuture$Completion.run(CompletableFuture.java:482) ~[?:?]
	at net.minecraft.server.packs.resources.SimpleReloadInstance.m_143940_(SimpleReloadInstance.java:69) ~[server-1.18.2-20220404.173914-srg.jar%23116!/:?]
	at net.minecraft.server.packs.resources.SimpleReloadInstance.m_10834_(SimpleReloadInstance.java:68) ~[server-1.18.2-20220404.173914-srg.jar%23116!/:?]
	at java.util.concurrent.CompletableFuture$UniCompletion.claim(CompletableFuture.java:572) ~[?:?]
	at java.util.concurrent.CompletableFuture$UniAccept.tryFire(CompletableFuture.java:714) ~[?:?]
	at java.util.concurrent.CompletableFuture.postComplete(CompletableFuture.java:510) ~[?:?]
	at java.util.concurrent.CompletableFuture.postFire(CompletableFuture.java:614) ~[?:?]
	at java.util.concurrent.CompletableFuture$UniAccept.tryFire(CompletableFuture.java:726) ~[?:?]
	at java.util.concurrent.CompletableFuture$Completion.run(CompletableFuture.java:482) ~[?:?]
	at net.minecraft.server.packs.resources.SimpleReloadInstance.m_143940_(SimpleReloadInstance.java:69) ~[server-1.18.2-20220404.173914-srg.jar%23116!/:?]
	at net.minecraft.server.packs.resources.SimpleReloadInstance.m_10834_(SimpleReloadInstance.java:68) ~[server-1.18.2-20220404.173914-srg.jar%23116!/:?]
	at java.util.concurrent.CompletableFuture$UniCompletion.claim(CompletableFuture.java:572) ~[?:?]
	at java.util.concurrent.CompletableFuture$UniAccept.tryFire(CompletableFuture.java:714) ~[?:?]
	at java.util.concurrent.CompletableFuture.postComplete(CompletableFuture.java:510) ~[?:?]
	at java.util.concurrent.CompletableFuture.complete(CompletableFuture.java:2179) ~[?:?]
	at net.minecraft.server.packs.resources.SimpleReloadInstance$1.m_10855_(SimpleReloadInstance.java:51) ~[server-1.18.2-20220404.173914-srg.jar%23116!/:?]
	at net.minecraft.server.packs.resources.SimpleReloadInstance$1.m_6769_(SimpleReloadInstance.java:48) ~[server-1.18.2-20220404.173914-srg.jar%23116!/:?]
	at java.util.concurrent.CompletableFuture$UniCompose.tryFire(CompletableFuture.java:1150) [?:?]
	at java.util.concurrent.CompletableFuture.postComplete(CompletableFuture.java:510) [?:?]
	at java.util.concurrent.CompletableFuture$AsyncSupply.run(CompletableFuture.java:1773) [?:?]
	at java.util.concurrent.CompletableFuture$AsyncSupply.exec(CompletableFuture.java:1760) [?:?]
	at java.util.concurrent.ForkJoinTask.doExec(ForkJoinTask.java:387) [?:?]
	at java.util.concurrent.ForkJoinPool$WorkQueue.topLevelExec(ForkJoinPool.java:1312) [?:?]
	at java.util.concurrent.ForkJoinPool.scan(ForkJoinPool.java:1843) [?:?]
	at java.util.concurrent.ForkJoinPool.runWorker(ForkJoinPool.java:1808) [?:?]
	at java.util.concurrent.ForkJoinWorkerThread.run(ForkJoinWorkerThread.java:188) [?:?]
2025-03-09 02:23:53,974 [1;31mERROR[m [m[Worker-Main-4][m [mn.m.w.l.s.l.LootTables.lambda$apply$0(58)[m: Couldn't parse loot table alternacraft:blocks/shale_copper_ore
com.google.gson.JsonSyntaxException: Expected name to be an item, was unknown string 'minecraft:copper'
	at net.minecraft.util.GsonHelper.m_13866_(GsonHelper.java:130) ~[server-1.18.2-20220404.173914-srg.jar%23116!/:?]
	at java.util.Optional.orElseThrow(Optional.java:403) ~[?:?]
	at net.minecraft.util.GsonHelper.m_13874_(GsonHelper.java:130) ~[server-1.18.2-20220404.173914-srg.jar%23116!/:?]
	at net.minecraft.util.GsonHelper.m_13909_(GsonHelper.java:138) ~[server-1.18.2-20220404.173914-srg.jar%23116!/:?]
	at net.minecraft.world.level.storage.loot.entries.LootItem$Serializer.m_7267_(LootItem.java:55) ~[server-1.18.2-20220404.173914-srg.jar%23116!/:?]
	at net.minecraft.world.level.storage.loot.entries.LootItem$Serializer.m_7267_(LootItem.java:40) ~[server-1.18.2-20220404.173914-srg.jar%23116!/:?]
	at net.minecraft.world.level.storage.loot.entries.LootPoolSingletonContainer$Serializer.m_5921_(LootPoolSingletonContainer.java:151) ~[server-1.18.2-20220404.173914-srg.jar%23116!/:?]
	at net.minecraft.world.level.storage.loot.entries.LootPoolSingletonContainer$Serializer.m_5921_(LootPoolSingletonContainer.java:129) ~[server-1.18.2-20220404.173914-srg.jar%23116!/:?]
	at net.minecraft.world.level.storage.loot.entries.LootPoolEntryContainer$Serializer.m_7561_(LootPoolEntryContainer.java:86) ~[server-1.18.2-20220404.173914-srg.jar%23116!/:?]
	at net.minecraft.world.level.storage.loot.entries.LootPoolEntryContainer$Serializer.m_7561_(LootPoolEntryContainer.java:74) ~[server-1.18.2-20220404.173914-srg.jar%23116!/:?]
	at net.minecraft.world.level.storage.loot.GsonAdapterFactory$JsonAdapter.deserialize(GsonAdapterFactory.java:102) ~[server-1.18.2-20220404.173914-srg.jar%23116!/:?]
	at com.google.gson.internal.bind.TreeTypeAdapter.read(TreeTypeAdapter.java:69) ~[gson-2.8.9.jar%2338!/:?]
	at com.google.gson.internal.bind.TypeAdapterRuntimeTypeWrapper.read(TypeAdapterRuntimeTypeWrapper.java:41) ~[gson-2.8.9.jar%2338!/:?]
	at com.google.gson.internal.bind.ArrayTypeAdapter.read(ArrayTypeAdapter.java:72) ~[gson-2.8.9.jar%2338!/:?]
	at com.google.gson.Gson.fromJson(Gson.java:963) ~[gson-2.8.9.jar%2338!/:?]
	at com.google.gson.Gson.fromJson(Gson.java:1034) ~[gson-2.8.9.jar%2338!/:?]
	at com.google.gson.internal.bind.TreeTypeAdapter$GsonContextImpl.deserialize(TreeTypeAdapter.java:162) ~[gson-2.8.9.jar%2338!/:?]
	at net.minecraft.util.GsonHelper.m_13808_(GsonHelper.java:448) ~[server-1.18.2-20220404.173914-srg.jar%23116!/:?]
	at net.minecraft.util.GsonHelper.m_13836_(GsonHelper.java:456) ~[server-1.18.2-20220404.173914-srg.jar%23116!/:?]
	at net.minecraft.world.level.storage.loot.entries.CompositeEntryBase$1.m_5921_(CompositeEntryBase.java:61) ~[server-1.18.2-20220404.173914-srg.jar%23116!/:?]
	at net.minecraft.world.level.storage.loot.entries.CompositeEntryBase$1.m_5921_(CompositeEntryBase.java:53) ~[server-1.18.2-20220404.173914-srg.jar%23116!/:?]
	at net.minecraft.world.level.storage.loot.entries.LootPoolEntryContainer$Serializer.m_7561_(LootPoolEntryContainer.java:86) ~[server-1.18.2-20220404.173914-srg.jar%23116!/:?]
	at net.minecraft.world.level.storage.loot.entries.LootPoolEntryContainer$Serializer.m_7561_(LootPoolEntryContainer.java:74) ~[server-1.18.2-20220404.173914-srg.jar%23116!/:?]
	at net.minecraft.world.level.storage.loot.GsonAdapterFactory$JsonAdapter.deserialize(GsonAdapterFactory.java:102) ~[server-1.18.2-20220404.173914-srg.jar%23116!/:?]
	at com.google.gson.internal.bind.TreeTypeAdapter.read(TreeTypeAdapter.java:69) ~[gson-2.8.9.jar%2338!/:?]
	at com.google.gson.internal.bind.TypeAdapterRuntimeTypeWrapper.read(TypeAdapterRuntimeTypeWrapper.java:41) ~[gson-2.8.9.jar%2338!/:?]
	at com.google.gson.internal.bind.ArrayTypeAdapter.read(ArrayTypeAdapter.java:72) ~[gson-2.8.9.jar%2338!/:?]
	at com.google.gson.Gson.fromJson(Gson.java:963) ~[gson-2.8.9.jar%2338!/:?]
	at com.google.gson.Gson.fromJson(Gson.java:1034) ~[gson-2.8.9.jar%2338!/:?]
	at com.google.gson.internal.bind.TreeTypeAdapter$GsonContextImpl.deserialize(TreeTypeAdapter.java:162) ~[gson-2.8.9.jar%2338!/:?]
	at net.minecraft.util.GsonHelper.m_13808_(GsonHelper.java:448) ~[server-1.18.2-20220404.173914-srg.jar%23116!/:?]
	at net.minecraft.util.GsonHelper.m_13836_(GsonHelper.java:456) ~[server-1.18.2-20220404.173914-srg.jar%23116!/:?]
	at net.minecraft.world.level.storage.loot.LootPool$Serializer.deserialize(LootPool.java:190) ~[server-1.18.2-20220404.173914-srg.jar%23116!/:?]
	at net.minecraft.world.level.storage.loot.LootPool$Serializer.deserialize(LootPool.java:187) ~[server-1.18.2-20220404.173914-srg.jar%23116!/:?]
	at com.google.gson.internal.bind.TreeTypeAdapter.read(TreeTypeAdapter.java:69) ~[gson-2.8.9.jar%2338!/:?]
	at com.google.gson.internal.bind.TypeAdapterRuntimeTypeWrapper.read(TypeAdapterRuntimeTypeWrapper.java:41) ~[gson-2.8.9.jar%2338!/:?]
	at com.google.gson.internal.bind.ArrayTypeAdapter.read(ArrayTypeAdapter.java:72) ~[gson-2.8.9.jar%2338!/:?]
	at com.google.gson.Gson.fromJson(Gson.java:963) ~[gson-2.8.9.jar%2338!/:?]
	at com.google.gson.Gson.fromJson(Gson.java:1034) ~[gson-2.8.9.jar%2338!/:?]
	at com.google.gson.internal.bind.TreeTypeAdapter$GsonContextImpl.deserialize(TreeTypeAdapter.java:162) ~[gson-2.8.9.jar%2338!/:?]
	at net.minecraft.util.GsonHelper.m_13808_(GsonHelper.java:448) ~[server-1.18.2-20220404.173914-srg.jar%23116!/:?]
	at net.minecraft.util.GsonHelper.m_13845_(GsonHelper.java:466) ~[server-1.18.2-20220404.173914-srg.jar%23116!/:?]
	at net.minecraft.world.level.storage.loot.LootTable$Serializer.deserialize(LootTable.java:273) ~[server-1.18.2-20220404.173914-srg.jar%23116!/:?]
	at net.minecraft.world.level.storage.loot.LootTable$Serializer.deserialize(LootTable.java:270) ~[server-1.18.2-20220404.173914-srg.jar%23116!/:?]
	at com.google.gson.internal.bind.TreeTypeAdapter.read(TreeTypeAdapter.java:69) ~[gson-2.8.9.jar%2338!/:?]
	at com.google.gson.Gson.fromJson(Gson.java:963) ~[gson-2.8.9.jar%2338!/:?]
	at com.google.gson.Gson.fromJson(Gson.java:1034) ~[gson-2.8.9.jar%2338!/:?]
	at com.google.gson.Gson.fromJson(Gson.java:1006) ~[gson-2.8.9.jar%2338!/:?]
	at net.minecraftforge.common.ForgeHooks.loadLootTable(ForgeHooks.java:888) ~[forge-1.18.2-40.2.21-universal.jar%23121!/:?]
	at net.minecraft.world.level.storage.loot.LootTables.lambda$apply$0(LootTables.java:55) ~[server-1.18.2-20220404.173914-srg.jar%23116!/:?]
	at java.util.HashMap.forEach(HashMap.java:1429) ~[?:?]
	at net.minecraft.world.level.storage.loot.LootTables.m_5787_(LootTables.java:53) ~[server-1.18.2-20220404.173914-srg.jar%23116!/:?]
	at net.minecraft.world.level.storage.loot.LootTables.m_5787_(LootTables.java:18) ~[server-1.18.2-20220404.173914-srg.jar%23116!/:?]
	at net.minecraft.server.packs.resources.SimplePreparableReloadListener.m_10789_(SimplePreparableReloadListener.java:13) ~[server-1.18.2-20220404.173914-srg.jar%23116!/:?]
	at java.util.concurrent.CompletableFuture$UniAccept.tryFire(CompletableFuture.java:718) ~[?:?]
	at java.util.concurrent.CompletableFuture$Completion.run(CompletableFuture.java:482) ~[?:?]
	at net.minecraft.server.packs.resources.SimpleReloadInstance.m_143940_(SimpleReloadInstance.java:69) ~[server-1.18.2-20220404.173914-srg.jar%23116!/:?]
	at net.minecraft.server.packs.resources.SimpleReloadInstance.m_10834_(SimpleReloadInstance.java:68) ~[server-1.18.2-20220404.173914-srg.jar%23116!/:?]
	at java.util.concurrent.CompletableFuture$UniCompletion.claim(CompletableFuture.java:572) ~[?:?]
	at java.util.concurrent.CompletableFuture$UniAccept.tryFire(CompletableFuture.java:714) ~[?:?]
	at java.util.concurrent.CompletableFuture.postComplete(CompletableFuture.java:510) ~[?:?]
	at java.util.concurrent.CompletableFuture.postFire(CompletableFuture.java:614) ~[?:?]
	at java.util.concurrent.CompletableFuture$UniAccept.tryFire(CompletableFuture.java:726) ~[?:?]
	at java.util.concurrent.CompletableFuture$Completion.run(CompletableFuture.java:482) ~[?:?]
	at net.minecraft.server.packs.resources.SimpleReloadInstance.m_143940_(SimpleReloadInstance.java:69) ~[server-1.18.2-20220404.173914-srg.jar%23116!/:?]
	at net.minecraft.server.packs.resources.SimpleReloadInstance.m_10834_(SimpleReloadInstance.java:68) ~[server-1.18.2-20220404.173914-srg.jar%23116!/:?]
	at java.util.concurrent.CompletableFuture$UniCompletion.claim(CompletableFuture.java:572) ~[?:?]
	at java.util.concurrent.CompletableFuture$UniAccept.tryFire(CompletableFuture.java:714) ~[?:?]
	at java.util.concurrent.CompletableFuture.postComplete(CompletableFuture.java:510) ~[?:?]
	at java.util.concurrent.CompletableFuture.postFire(CompletableFuture.java:614) ~[?:?]
	at java.util.concurrent.CompletableFuture$UniAccept.tryFire(CompletableFuture.java:726) ~[?:?]
	at java.util.concurrent.CompletableFuture$Completion.run(CompletableFuture.java:482) ~[?:?]
	at net.minecraft.server.packs.resources.SimpleReloadInstance.m_143940_(SimpleReloadInstance.java:69) ~[server-1.18.2-20220404.173914-srg.jar%23116!/:?]
	at net.minecraft.server.packs.resources.SimpleReloadInstance.m_10834_(SimpleReloadInstance.java:68) ~[server-1.18.2-20220404.173914-srg.jar%23116!/:?]
	at java.util.concurrent.CompletableFuture$UniCompletion.claim(CompletableFuture.java:572) ~[?:?]
	at java.util.concurrent.CompletableFuture$UniAccept.tryFire(CompletableFuture.java:714) ~[?:?]
	at java.util.concurrent.CompletableFuture.postComplete(CompletableFuture.java:510) ~[?:?]
	at java.util.concurrent.CompletableFuture.postFire(CompletableFuture.java:614) ~[?:?]
	at java.util.concurrent.CompletableFuture$UniAccept.tryFire(CompletableFuture.java:726) ~[?:?]
	at java.util.concurrent.CompletableFuture$Completion.run(CompletableFuture.java:482) ~[?:?]
	at net.minecraft.server.packs.resources.SimpleReloadInstance.m_143940_(SimpleReloadInstance.java:69) ~[server-1.18.2-20220404.173914-srg.jar%23116!/:?]
	at net.minecraft.server.packs.resources.SimpleReloadInstance.m_10834_(SimpleReloadInstance.java:68) ~[server-1.18.2-20220404.173914-srg.jar%23116!/:?]
	at java.util.concurrent.CompletableFuture$UniCompletion.claim(CompletableFuture.java:572) ~[?:?]
	at java.util.concurrent.CompletableFuture$UniAccept.tryFire(CompletableFuture.java:714) ~[?:?]
	at java.util.concurrent.CompletableFuture.postComplete(CompletableFuture.java:510) ~[?:?]
	at java.util.concurrent.CompletableFuture.complete(CompletableFuture.java:2179) ~[?:?]
	at net.minecraft.server.packs.resources.SimpleReloadInstance$1.m_10855_(SimpleReloadInstance.java:51) ~[server-1.18.2-20220404.173914-srg.jar%23116!/:?]
	at net.minecraft.server.packs.resources.SimpleReloadInstance$1.m_6769_(SimpleReloadInstance.java:48) ~[server-1.18.2-20220404.173914-srg.jar%23116!/:?]
	at java.util.concurrent.CompletableFuture$UniCompose.tryFire(CompletableFuture.java:1150) [?:?]
	at java.util.concurrent.CompletableFuture.postComplete(CompletableFuture.java:510) [?:?]
	at java.util.concurrent.CompletableFuture$AsyncSupply.run(CompletableFuture.java:1773) [?:?]
	at java.util.concurrent.CompletableFuture$AsyncSupply.exec(CompletableFuture.java:1760) [?:?]
	at java.util.concurrent.ForkJoinTask.doExec(ForkJoinTask.java:387) [?:?]
	at java.util.concurrent.ForkJoinPool$WorkQueue.topLevelExec(ForkJoinPool.java:1312) [?:?]
	at java.util.concurrent.ForkJoinPool.scan(ForkJoinPool.java:1843) [?:?]
	at java.util.concurrent.ForkJoinPool.runWorker(ForkJoinPool.java:1808) [?:?]
	at java.util.concurrent.ForkJoinWorkerThread.run(ForkJoinWorkerThread.java:188) [?:?]
2025-03-09 02:23:53,981 [1;31mERROR[m [m[Worker-Main-4][m [mn.m.w.l.s.l.LootTables.lambda$apply$0(58)[m: Couldn't parse loot table alternacraft:blocks/mudstone_titanium_ore
com.google.gson.JsonSyntaxException: Expected name to be an item, was unknown string 'alternacraft:titanium'
	at net.minecraft.util.GsonHelper.m_13866_(GsonHelper.java:130) ~[server-1.18.2-20220404.173914-srg.jar%23116!/:?]
	at java.util.Optional.orElseThrow(Optional.java:403) ~[?:?]
	at net.minecraft.util.GsonHelper.m_13874_(GsonHelper.java:130) ~[server-1.18.2-20220404.173914-srg.jar%23116!/:?]
	at net.minecraft.util.GsonHelper.m_13909_(GsonHelper.java:138) ~[server-1.18.2-20220404.173914-srg.jar%23116!/:?]
	at net.minecraft.world.level.storage.loot.entries.LootItem$Serializer.m_7267_(LootItem.java:55) ~[server-1.18.2-20220404.173914-srg.jar%23116!/:?]
	at net.minecraft.world.level.storage.loot.entries.LootItem$Serializer.m_7267_(LootItem.java:40) ~[server-1.18.2-20220404.173914-srg.jar%23116!/:?]
	at net.minecraft.world.level.storage.loot.entries.LootPoolSingletonContainer$Serializer.m_5921_(LootPoolSingletonContainer.java:151) ~[server-1.18.2-20220404.173914-srg.jar%23116!/:?]
	at net.minecraft.world.level.storage.loot.entries.LootPoolSingletonContainer$Serializer.m_5921_(LootPoolSingletonContainer.java:129) ~[server-1.18.2-20220404.173914-srg.jar%23116!/:?]
	at net.minecraft.world.level.storage.loot.entries.LootPoolEntryContainer$Serializer.m_7561_(LootPoolEntryContainer.java:86) ~[server-1.18.2-20220404.173914-srg.jar%23116!/:?]
	at net.minecraft.world.level.storage.loot.entries.LootPoolEntryContainer$Serializer.m_7561_(LootPoolEntryContainer.java:74) ~[server-1.18.2-20220404.173914-srg.jar%23116!/:?]
	at net.minecraft.world.level.storage.loot.GsonAdapterFactory$JsonAdapter.deserialize(GsonAdapterFactory.java:102) ~[server-1.18.2-20220404.173914-srg.jar%23116!/:?]
	at com.google.gson.internal.bind.TreeTypeAdapter.read(TreeTypeAdapter.java:69) ~[gson-2.8.9.jar%2338!/:?]
	at com.google.gson.internal.bind.TypeAdapterRuntimeTypeWrapper.read(TypeAdapterRuntimeTypeWrapper.java:41) ~[gson-2.8.9.jar%2338!/:?]
	at com.google.gson.internal.bind.ArrayTypeAdapter.read(ArrayTypeAdapter.java:72) ~[gson-2.8.9.jar%2338!/:?]
	at com.google.gson.Gson.fromJson(Gson.java:963) ~[gson-2.8.9.jar%2338!/:?]
	at com.google.gson.Gson.fromJson(Gson.java:1034) ~[gson-2.8.9.jar%2338!/:?]
	at com.google.gson.internal.bind.TreeTypeAdapter$GsonContextImpl.deserialize(TreeTypeAdapter.java:162) ~[gson-2.8.9.jar%2338!/:?]
	at net.minecraft.util.GsonHelper.m_13808_(GsonHelper.java:448) ~[server-1.18.2-20220404.173914-srg.jar%23116!/:?]
	at net.minecraft.util.GsonHelper.m_13836_(GsonHelper.java:456) ~[server-1.18.2-20220404.173914-srg.jar%23116!/:?]
	at net.minecraft.world.level.storage.loot.entries.CompositeEntryBase$1.m_5921_(CompositeEntryBase.java:61) ~[server-1.18.2-20220404.173914-srg.jar%23116!/:?]
	at net.minecraft.world.level.storage.loot.entries.CompositeEntryBase$1.m_5921_(CompositeEntryBase.java:53) ~[server-1.18.2-20220404.173914-srg.jar%23116!/:?]
	at net.minecraft.world.level.storage.loot.entries.LootPoolEntryContainer$Serializer.m_7561_(LootPoolEntryContainer.java:86) ~[server-1.18.2-20220404.173914-srg.jar%23116!/:?]
	at net.minecraft.world.level.storage.loot.entries.LootPoolEntryContainer$Serializer.m_7561_(LootPoolEntryContainer.java:74) ~[server-1.18.2-20220404.173914-srg.jar%23116!/:?]
	at net.minecraft.world.level.storage.loot.GsonAdapterFactory$JsonAdapter.deserialize(GsonAdapterFactory.java:102) ~[server-1.18.2-20220404.173914-srg.jar%23116!/:?]
	at com.google.gson.internal.bind.TreeTypeAdapter.read(TreeTypeAdapter.java:69) ~[gson-2.8.9.jar%2338!/:?]
	at com.google.gson.internal.bind.TypeAdapterRuntimeTypeWrapper.read(TypeAdapterRuntimeTypeWrapper.java:41) ~[gson-2.8.9.jar%2338!/:?]
	at com.google.gson.internal.bind.ArrayTypeAdapter.read(ArrayTypeAdapter.java:72) ~[gson-2.8.9.jar%2338!/:?]
	at com.google.gson.Gson.fromJson(Gson.java:963) ~[gson-2.8.9.jar%2338!/:?]
	at com.google.gson.Gson.fromJson(Gson.java:1034) ~[gson-2.8.9.jar%2338!/:?]
	at com.google.gson.internal.bind.TreeTypeAdapter$GsonContextImpl.deserialize(TreeTypeAdapter.java:162) ~[gson-2.8.9.jar%2338!/:?]
	at net.minecraft.util.GsonHelper.m_13808_(GsonHelper.java:448) ~[server-1.18.2-20220404.173914-srg.jar%23116!/:?]
	at net.minecraft.util.GsonHelper.m_13836_(GsonHelper.java:456) ~[server-1.18.2-20220404.173914-srg.jar%23116!/:?]
	at net.minecraft.world.level.storage.loot.LootPool$Serializer.deserialize(LootPool.java:190) ~[server-1.18.2-20220404.173914-srg.jar%23116!/:?]
	at net.minecraft.world.level.storage.loot.LootPool$Serializer.deserialize(LootPool.java:187) ~[server-1.18.2-20220404.173914-srg.jar%23116!/:?]
	at com.google.gson.internal.bind.TreeTypeAdapter.read(TreeTypeAdapter.java:69) ~[gson-2.8.9.jar%2338!/:?]
	at com.google.gson.internal.bind.TypeAdapterRuntimeTypeWrapper.read(TypeAdapterRuntimeTypeWrapper.java:41) ~[gson-2.8.9.jar%2338!/:?]
	at com.google.gson.internal.bind.ArrayTypeAdapter.read(ArrayTypeAdapter.java:72) ~[gson-2.8.9.jar%2338!/:?]
	at com.google.gson.Gson.fromJson(Gson.java:963) ~[gson-2.8.9.jar%2338!/:?]
	at com.google.gson.Gson.fromJson(Gson.java:1034) ~[gson-2.8.9.jar%2338!/:?]
	at com.google.gson.internal.bind.TreeTypeAdapter$GsonContextImpl.deserialize(TreeTypeAdapter.java:162) ~[gson-2.8.9.jar%2338!/:?]
	at net.minecraft.util.GsonHelper.m_13808_(GsonHelper.java:448) ~[server-1.18.2-20220404.173914-srg.jar%23116!/:?]
	at net.minecraft.util.GsonHelper.m_13845_(GsonHelper.java:466) ~[server-1.18.2-20220404.173914-srg.jar%23116!/:?]
	at net.minecraft.world.level.storage.loot.LootTable$Serializer.deserialize(LootTable.java:273) ~[server-1.18.2-20220404.173914-srg.jar%23116!/:?]
	at net.minecraft.world.level.storage.loot.LootTable$Serializer.deserialize(LootTable.java:270) ~[server-1.18.2-20220404.173914-srg.jar%23116!/:?]
	at com.google.gson.internal.bind.TreeTypeAdapter.read(TreeTypeAdapter.java:69) ~[gson-2.8.9.jar%2338!/:?]
	at com.google.gson.Gson.fromJson(Gson.java:963) ~[gson-2.8.9.jar%2338!/:?]
	at com.google.gson.Gson.fromJson(Gson.java:1034) ~[gson-2.8.9.jar%2338!/:?]
	at com.google.gson.Gson.fromJson(Gson.java:1006) ~[gson-2.8.9.jar%2338!/:?]
	at net.minecraftforge.common.ForgeHooks.loadLootTable(ForgeHooks.java:888) ~[forge-1.18.2-40.2.21-universal.jar%23121!/:?]
	at net.minecraft.world.level.storage.loot.LootTables.lambda$apply$0(LootTables.java:55) ~[server-1.18.2-20220404.173914-srg.jar%23116!/:?]
	at java.util.HashMap.forEach(HashMap.java:1429) ~[?:?]
	at net.minecraft.world.level.storage.loot.LootTables.m_5787_(LootTables.java:53) ~[server-1.18.2-20220404.173914-srg.jar%23116!/:?]
	at net.minecraft.world.level.storage.loot.LootTables.m_5787_(LootTables.java:18) ~[server-1.18.2-20220404.173914-srg.jar%23116!/:?]
	at net.minecraft.server.packs.resources.SimplePreparableReloadListener.m_10789_(SimplePreparableReloadListener.java:13) ~[server-1.18.2-20220404.173914-srg.jar%23116!/:?]
	at java.util.concurrent.CompletableFuture$UniAccept.tryFire(CompletableFuture.java:718) ~[?:?]
	at java.util.concurrent.CompletableFuture$Completion.run(CompletableFuture.java:482) ~[?:?]
	at net.minecraft.server.packs.resources.SimpleReloadInstance.m_143940_(SimpleReloadInstance.java:69) ~[server-1.18.2-20220404.173914-srg.jar%23116!/:?]
	at net.minecraft.server.packs.resources.SimpleReloadInstance.m_10834_(SimpleReloadInstance.java:68) ~[server-1.18.2-20220404.173914-srg.jar%23116!/:?]
	at java.util.concurrent.CompletableFuture$UniCompletion.claim(CompletableFuture.java:572) ~[?:?]
	at java.util.concurrent.CompletableFuture$UniAccept.tryFire(CompletableFuture.java:714) ~[?:?]
	at java.util.concurrent.CompletableFuture.postComplete(CompletableFuture.java:510) ~[?:?]
	at java.util.concurrent.CompletableFuture.postFire(CompletableFuture.java:614) ~[?:?]
	at java.util.concurrent.CompletableFuture$UniAccept.tryFire(CompletableFuture.java:726) ~[?:?]
	at java.util.concurrent.CompletableFuture$Completion.run(CompletableFuture.java:482) ~[?:?]
	at net.minecraft.server.packs.resources.SimpleReloadInstance.m_143940_(SimpleReloadInstance.java:69) ~[server-1.18.2-20220404.173914-srg.jar%23116!/:?]
	at net.minecraft.server.packs.resources.SimpleReloadInstance.m_10834_(SimpleReloadInstance.java:68) ~[server-1.18.2-20220404.173914-srg.jar%23116!/:?]
	at java.util.concurrent.CompletableFuture$UniCompletion.claim(CompletableFuture.java:572) ~[?:?]
	at java.util.concurrent.CompletableFuture$UniAccept.tryFire(CompletableFuture.java:714) ~[?:?]
	at java.util.concurrent.CompletableFuture.postComplete(CompletableFuture.java:510) ~[?:?]
	at java.util.concurrent.CompletableFuture.postFire(CompletableFuture.java:614) ~[?:?]
	at java.util.concurrent.CompletableFuture$UniAccept.tryFire(CompletableFuture.java:726) ~[?:?]
	at java.util.concurrent.CompletableFuture$Completion.run(CompletableFuture.java:482) ~[?:?]
	at net.minecraft.server.packs.resources.SimpleReloadInstance.m_143940_(SimpleReloadInstance.java:69) ~[server-1.18.2-20220404.173914-srg.jar%23116!/:?]
	at net.minecraft.server.packs.resources.SimpleReloadInstance.m_10834_(SimpleReloadInstance.java:68) ~[server-1.18.2-20220404.173914-srg.jar%23116!/:?]
	at java.util.concurrent.CompletableFuture$UniCompletion.claim(CompletableFuture.java:572) ~[?:?]
	at java.util.concurrent.CompletableFuture$UniAccept.tryFire(CompletableFuture.java:714) ~[?:?]
	at java.util.concurrent.CompletableFuture.postComplete(CompletableFuture.java:510) ~[?:?]
	at java.util.concurrent.CompletableFuture.postFire(CompletableFuture.java:614) ~[?:?]
	at java.util.concurrent.CompletableFuture$UniAccept.tryFire(CompletableFuture.java:726) ~[?:?]
	at java.util.concurrent.CompletableFuture$Completion.run(CompletableFuture.java:482) ~[?:?]
	at net.minecraft.server.packs.resources.SimpleReloadInstance.m_143940_(SimpleReloadInstance.java:69) ~[server-1.18.2-20220404.173914-srg.jar%23116!/:?]
	at net.minecraft.server.packs.resources.SimpleReloadInstance.m_10834_(SimpleReloadInstance.java:68) ~[server-1.18.2-20220404.173914-srg.jar%23116!/:?]
	at java.util.concurrent.CompletableFuture$UniCompletion.claim(CompletableFuture.java:572) ~[?:?]
	at java.util.concurrent.CompletableFuture$UniAccept.tryFire(CompletableFuture.java:714) ~[?:?]
	at java.util.concurrent.CompletableFuture.postComplete(CompletableFuture.java:510) ~[?:?]
	at java.util.concurrent.CompletableFuture.complete(CompletableFuture.java:2179) ~[?:?]
	at net.minecraft.server.packs.resources.SimpleReloadInstance$1.m_10855_(SimpleReloadInstance.java:51) ~[server-1.18.2-20220404.173914-srg.jar%23116!/:?]
	at net.minecraft.server.packs.resources.SimpleReloadInstance$1.m_6769_(SimpleReloadInstance.java:48) ~[server-1.18.2-20220404.173914-srg.jar%23116!/:?]
	at java.util.concurrent.CompletableFuture$UniCompose.tryFire(CompletableFuture.java:1150) [?:?]
	at java.util.concurrent.CompletableFuture.postComplete(CompletableFuture.java:510) [?:?]
	at java.util.concurrent.CompletableFuture$AsyncSupply.run(CompletableFuture.java:1773) [?:?]
	at java.util.concurrent.CompletableFuture$AsyncSupply.exec(CompletableFuture.java:1760) [?:?]
	at java.util.concurrent.ForkJoinTask.doExec(ForkJoinTask.java:387) [?:?]
	at java.util.concurrent.ForkJoinPool$WorkQueue.topLevelExec(ForkJoinPool.java:1312) [?:?]
	at java.util.concurrent.ForkJoinPool.scan(ForkJoinPool.java:1843) [?:?]
	at java.util.concurrent.ForkJoinPool.runWorker(ForkJoinPool.java:1808) [?:?]
	at java.util.concurrent.ForkJoinWorkerThread.run(ForkJoinWorkerThread.java:188) [?:?]
2025-03-09 02:23:54,057 [1;31mERROR[m [m[Worker-Main-4][m [mn.m.w.l.s.l.LootTables.lambda$apply$0(58)[m: Couldn't parse loot table alternacraft:blocks/titanium_ore
com.google.gson.JsonSyntaxException: Expected name to be an item, was unknown string 'alternacraft:titanium'
	at net.minecraft.util.GsonHelper.m_13866_(GsonHelper.java:130) ~[server-1.18.2-20220404.173914-srg.jar%23116!/:?]
	at java.util.Optional.orElseThrow(Optional.java:403) ~[?:?]
	at net.minecraft.util.GsonHelper.m_13874_(GsonHelper.java:130) ~[server-1.18.2-20220404.173914-srg.jar%23116!/:?]
	at net.minecraft.util.GsonHelper.m_13909_(GsonHelper.java:138) ~[server-1.18.2-20220404.173914-srg.jar%23116!/:?]
	at net.minecraft.world.level.storage.loot.entries.LootItem$Serializer.m_7267_(LootItem.java:55) ~[server-1.18.2-20220404.173914-srg.jar%23116!/:?]
	at net.minecraft.world.level.storage.loot.entries.LootItem$Serializer.m_7267_(LootItem.java:40) ~[server-1.18.2-20220404.173914-srg.jar%23116!/:?]
	at net.minecraft.world.level.storage.loot.entries.LootPoolSingletonContainer$Serializer.m_5921_(LootPoolSingletonContainer.java:151) ~[server-1.18.2-20220404.173914-srg.jar%23116!/:?]
	at net.minecraft.world.level.storage.loot.entries.LootPoolSingletonContainer$Serializer.m_5921_(LootPoolSingletonContainer.java:129) ~[server-1.18.2-20220404.173914-srg.jar%23116!/:?]
	at net.minecraft.world.level.storage.loot.entries.LootPoolEntryContainer$Serializer.m_7561_(LootPoolEntryContainer.java:86) ~[server-1.18.2-20220404.173914-srg.jar%23116!/:?]
	at net.minecraft.world.level.storage.loot.entries.LootPoolEntryContainer$Serializer.m_7561_(LootPoolEntryContainer.java:74) ~[server-1.18.2-20220404.173914-srg.jar%23116!/:?]
	at net.minecraft.world.level.storage.loot.GsonAdapterFactory$JsonAdapter.deserialize(GsonAdapterFactory.java:102) ~[server-1.18.2-20220404.173914-srg.jar%23116!/:?]
	at com.google.gson.internal.bind.TreeTypeAdapter.read(TreeTypeAdapter.java:69) ~[gson-2.8.9.jar%2338!/:?]
	at com.google.gson.internal.bind.TypeAdapterRuntimeTypeWrapper.read(TypeAdapterRuntimeTypeWrapper.java:41) ~[gson-2.8.9.jar%2338!/:?]
	at com.google.gson.internal.bind.ArrayTypeAdapter.read(ArrayTypeAdapter.java:72) ~[gson-2.8.9.jar%2338!/:?]
	at com.google.gson.Gson.fromJson(Gson.java:963) ~[gson-2.8.9.jar%2338!/:?]
	at com.google.gson.Gson.fromJson(Gson.java:1034) ~[gson-2.8.9.jar%2338!/:?]
	at com.google.gson.internal.bind.TreeTypeAdapter$GsonContextImpl.deserialize(TreeTypeAdapter.java:162) ~[gson-2.8.9.jar%2338!/:?]
	at net.minecraft.util.GsonHelper.m_13808_(GsonHelper.java:448) ~[server-1.18.2-20220404.173914-srg.jar%23116!/:?]
	at net.minecraft.util.GsonHelper.m_13836_(GsonHelper.java:456) ~[server-1.18.2-20220404.173914-srg.jar%23116!/:?]
	at net.minecraft.world.level.storage.loot.entries.CompositeEntryBase$1.m_5921_(CompositeEntryBase.java:61) ~[server-1.18.2-20220404.173914-srg.jar%23116!/:?]
	at net.minecraft.world.level.storage.loot.entries.CompositeEntryBase$1.m_5921_(CompositeEntryBase.java:53) ~[server-1.18.2-20220404.173914-srg.jar%23116!/:?]
	at net.minecraft.world.level.storage.loot.entries.LootPoolEntryContainer$Serializer.m_7561_(LootPoolEntryContainer.java:86) ~[server-1.18.2-20220404.173914-srg.jar%23116!/:?]
	at net.minecraft.world.level.storage.loot.entries.LootPoolEntryContainer$Serializer.m_7561_(LootPoolEntryContainer.java:74) ~[server-1.18.2-20220404.173914-srg.jar%23116!/:?]
	at net.minecraft.world.level.storage.loot.GsonAdapterFactory$JsonAdapter.deserialize(GsonAdapterFactory.java:102) ~[server-1.18.2-20220404.173914-srg.jar%23116!/:?]
	at com.google.gson.internal.bind.TreeTypeAdapter.read(TreeTypeAdapter.java:69) ~[gson-2.8.9.jar%2338!/:?]
	at com.google.gson.internal.bind.TypeAdapterRuntimeTypeWrapper.read(TypeAdapterRuntimeTypeWrapper.java:41) ~[gson-2.8.9.jar%2338!/:?]
	at com.google.gson.internal.bind.ArrayTypeAdapter.read(ArrayTypeAdapter.java:72) ~[gson-2.8.9.jar%2338!/:?]
	at com.google.gson.Gson.fromJson(Gson.java:963) ~[gson-2.8.9.jar%2338!/:?]
	at com.google.gson.Gson.fromJson(Gson.java:1034) ~[gson-2.8.9.jar%2338!/:?]
	at com.google.gson.internal.bind.TreeTypeAdapter$GsonContextImpl.deserialize(TreeTypeAdapter.java:162) ~[gson-2.8.9.jar%2338!/:?]
	at net.minecraft.util.GsonHelper.m_13808_(GsonHelper.java:448) ~[server-1.18.2-20220404.173914-srg.jar%23116!/:?]
	at net.minecraft.util.GsonHelper.m_13836_(GsonHelper.java:456) ~[server-1.18.2-20220404.173914-srg.jar%23116!/:?]
	at net.minecraft.world.level.storage.loot.LootPool$Serializer.deserialize(LootPool.java:190) ~[server-1.18.2-20220404.173914-srg.jar%23116!/:?]
	at net.minecraft.world.level.storage.loot.LootPool$Serializer.deserialize(LootPool.java:187) ~[server-1.18.2-20220404.173914-srg.jar%23116!/:?]
	at com.google.gson.internal.bind.TreeTypeAdapter.read(TreeTypeAdapter.java:69) ~[gson-2.8.9.jar%2338!/:?]
	at com.google.gson.internal.bind.TypeAdapterRuntimeTypeWrapper.read(TypeAdapterRuntimeTypeWrapper.java:41) ~[gson-2.8.9.jar%2338!/:?]
	at com.google.gson.internal.bind.ArrayTypeAdapter.read(ArrayTypeAdapter.java:72) ~[gson-2.8.9.jar%2338!/:?]
	at com.google.gson.Gson.fromJson(Gson.java:963) ~[gson-2.8.9.jar%2338!/:?]
	at com.google.gson.Gson.fromJson(Gson.java:1034) ~[gson-2.8.9.jar%2338!/:?]
	at com.google.gson.internal.bind.TreeTypeAdapter$GsonContextImpl.deserialize(TreeTypeAdapter.java:162) ~[gson-2.8.9.jar%2338!/:?]
	at net.minecraft.util.GsonHelper.m_13808_(GsonHelper.java:448) ~[server-1.18.2-20220404.173914-srg.jar%23116!/:?]
	at net.minecraft.util.GsonHelper.m_13845_(GsonHelper.java:466) ~[server-1.18.2-20220404.173914-srg.jar%23116!/:?]
	at net.minecraft.world.level.storage.loot.LootTable$Serializer.deserialize(LootTable.java:273) ~[server-1.18.2-20220404.173914-srg.jar%23116!/:?]
	at net.minecraft.world.level.storage.loot.LootTable$Serializer.deserialize(LootTable.java:270) ~[server-1.18.2-20220404.173914-srg.jar%23116!/:?]
	at com.google.gson.internal.bind.TreeTypeAdapter.read(TreeTypeAdapter.java:69) ~[gson-2.8.9.jar%2338!/:?]
	at com.google.gson.Gson.fromJson(Gson.java:963) ~[gson-2.8.9.jar%2338!/:?]
	at com.google.gson.Gson.fromJson(Gson.java:1034) ~[gson-2.8.9.jar%2338!/:?]
	at com.google.gson.Gson.fromJson(Gson.java:1006) ~[gson-2.8.9.jar%2338!/:?]
	at net.minecraftforge.common.ForgeHooks.loadLootTable(ForgeHooks.java:888) ~[forge-1.18.2-40.2.21-universal.jar%23121!/:?]
	at net.minecraft.world.level.storage.loot.LootTables.lambda$apply$0(LootTables.java:55) ~[server-1.18.2-20220404.173914-srg.jar%23116!/:?]
	at java.util.HashMap.forEach(HashMap.java:1429) ~[?:?]
	at net.minecraft.world.level.storage.loot.LootTables.m_5787_(LootTables.java:53) ~[server-1.18.2-20220404.173914-srg.jar%23116!/:?]
	at net.minecraft.world.level.storage.loot.LootTables.m_5787_(LootTables.java:18) ~[server-1.18.2-20220404.173914-srg.jar%23116!/:?]
	at net.minecraft.server.packs.resources.SimplePreparableReloadListener.m_10789_(SimplePreparableReloadListener.java:13) ~[server-1.18.2-20220404.173914-srg.jar%23116!/:?]
	at java.util.concurrent.CompletableFuture$UniAccept.tryFire(CompletableFuture.java:718) ~[?:?]
	at java.util.concurrent.CompletableFuture$Completion.run(CompletableFuture.java:482) ~[?:?]
	at net.minecraft.server.packs.resources.SimpleReloadInstance.m_143940_(SimpleReloadInstance.java:69) ~[server-1.18.2-20220404.173914-srg.jar%23116!/:?]
	at net.minecraft.server.packs.resources.SimpleReloadInstance.m_10834_(SimpleReloadInstance.java:68) ~[server-1.18.2-20220404.173914-srg.jar%23116!/:?]
	at java.util.concurrent.CompletableFuture$UniCompletion.claim(CompletableFuture.java:572) ~[?:?]
	at java.util.concurrent.CompletableFuture$UniAccept.tryFire(CompletableFuture.java:714) ~[?:?]
	at java.util.concurrent.CompletableFuture.postComplete(CompletableFuture.java:510) ~[?:?]
	at java.util.concurrent.CompletableFuture.postFire(CompletableFuture.java:614) ~[?:?]
	at java.util.concurrent.CompletableFuture$UniAccept.tryFire(CompletableFuture.java:726) ~[?:?]
	at java.util.concurrent.CompletableFuture$Completion.run(CompletableFuture.java:482) ~[?:?]
	at net.minecraft.server.packs.resources.SimpleReloadInstance.m_143940_(SimpleReloadInstance.java:69) ~[server-1.18.2-20220404.173914-srg.jar%23116!/:?]
	at net.minecraft.server.packs.resources.SimpleReloadInstance.m_10834_(SimpleReloadInstance.java:68) ~[server-1.18.2-20220404.173914-srg.jar%23116!/:?]
	at java.util.concurrent.CompletableFuture$UniCompletion.claim(CompletableFuture.java:572) ~[?:?]
	at java.util.concurrent.CompletableFuture$UniAccept.tryFire(CompletableFuture.java:714) ~[?:?]
	at java.util.concurrent.CompletableFuture.postComplete(CompletableFuture.java:510) ~[?:?]
	at java.util.concurrent.CompletableFuture.postFire(CompletableFuture.java:614) ~[?:?]
	at java.util.concurrent.CompletableFuture$UniAccept.tryFire(CompletableFuture.java:726) ~[?:?]
	at java.util.concurrent.CompletableFuture$Completion.run(CompletableFuture.java:482) ~[?:?]
	at net.minecraft.server.packs.resources.SimpleReloadInstance.m_143940_(SimpleReloadInstance.java:69) ~[server-1.18.2-20220404.173914-srg.jar%23116!/:?]
	at net.minecraft.server.packs.resources.SimpleReloadInstance.m_10834_(SimpleReloadInstance.java:68) ~[server-1.18.2-20220404.173914-srg.jar%23116!/:?]
	at java.util.concurrent.CompletableFuture$UniCompletion.claim(CompletableFuture.java:572) ~[?:?]
	at java.util.concurrent.CompletableFuture$UniAccept.tryFire(CompletableFuture.java:714) ~[?:?]
	at java.util.concurrent.CompletableFuture.postComplete(CompletableFuture.java:510) ~[?:?]
	at java.util.concurrent.CompletableFuture.postFire(CompletableFuture.java:614) ~[?:?]
	at java.util.concurrent.CompletableFuture$UniAccept.tryFire(CompletableFuture.java:726) ~[?:?]
	at java.util.concurrent.CompletableFuture$Completion.run(CompletableFuture.java:482) ~[?:?]
	at net.minecraft.server.packs.resources.SimpleReloadInstance.m_143940_(SimpleReloadInstance.java:69) ~[server-1.18.2-20220404.173914-srg.jar%23116!/:?]
	at net.minecraft.server.packs.resources.SimpleReloadInstance.m_10834_(SimpleReloadInstance.java:68) ~[server-1.18.2-20220404.173914-srg.jar%23116!/:?]
	at java.util.concurrent.CompletableFuture$UniCompletion.claim(CompletableFuture.java:572) ~[?:?]
	at java.util.concurrent.CompletableFuture$UniAccept.tryFire(CompletableFuture.java:714) ~[?:?]
	at java.util.concurrent.CompletableFuture.postComplete(CompletableFuture.java:510) ~[?:?]
	at java.util.concurrent.CompletableFuture.complete(CompletableFuture.java:2179) ~[?:?]
	at net.minecraft.server.packs.resources.SimpleReloadInstance$1.m_10855_(SimpleReloadInstance.java:51) ~[server-1.18.2-20220404.173914-srg.jar%23116!/:?]
	at net.minecraft.server.packs.resources.SimpleReloadInstance$1.m_6769_(SimpleReloadInstance.java:48) ~[server-1.18.2-20220404.173914-srg.jar%23116!/:?]
	at java.util.concurrent.CompletableFuture$UniCompose.tryFire(CompletableFuture.java:1150) [?:?]
	at java.util.concurrent.CompletableFuture.postComplete(CompletableFuture.java:510) [?:?]
	at java.util.concurrent.CompletableFuture$AsyncSupply.run(CompletableFuture.java:1773) [?:?]
	at java.util.concurrent.CompletableFuture$AsyncSupply.exec(CompletableFuture.java:1760) [?:?]
	at java.util.concurrent.ForkJoinTask.doExec(ForkJoinTask.java:387) [?:?]
	at java.util.concurrent.ForkJoinPool$WorkQueue.topLevelExec(ForkJoinPool.java:1312) [?:?]
	at java.util.concurrent.ForkJoinPool.scan(ForkJoinPool.java:1843) [?:?]
	at java.util.concurrent.ForkJoinPool.runWorker(ForkJoinPool.java:1808) [?:?]
	at java.util.concurrent.ForkJoinWorkerThread.run(ForkJoinWorkerThread.java:188) [?:?]
2025-03-09 02:23:54,073 [1;31mERROR[m [m[Worker-Main-4][m [mn.m.w.l.s.l.LootTables.lambda$apply$0(58)[m: Couldn't parse loot table alternacraft:blocks/shale_titanium_ore
com.google.gson.JsonSyntaxException: Expected name to be an item, was unknown string 'alternacraft:titanium'
	at net.minecraft.util.GsonHelper.m_13866_(GsonHelper.java:130) ~[server-1.18.2-20220404.173914-srg.jar%23116!/:?]
	at java.util.Optional.orElseThrow(Optional.java:403) ~[?:?]
	at net.minecraft.util.GsonHelper.m_13874_(GsonHelper.java:130) ~[server-1.18.2-20220404.173914-srg.jar%23116!/:?]
	at net.minecraft.util.GsonHelper.m_13909_(GsonHelper.java:138) ~[server-1.18.2-20220404.173914-srg.jar%23116!/:?]
	at net.minecraft.world.level.storage.loot.entries.LootItem$Serializer.m_7267_(LootItem.java:55) ~[server-1.18.2-20220404.173914-srg.jar%23116!/:?]
	at net.minecraft.world.level.storage.loot.entries.LootItem$Serializer.m_7267_(LootItem.java:40) ~[server-1.18.2-20220404.173914-srg.jar%23116!/:?]
	at net.minecraft.world.level.storage.loot.entries.LootPoolSingletonContainer$Serializer.m_5921_(LootPoolSingletonContainer.java:151) ~[server-1.18.2-20220404.173914-srg.jar%23116!/:?]
	at net.minecraft.world.level.storage.loot.entries.LootPoolSingletonContainer$Serializer.m_5921_(LootPoolSingletonContainer.java:129) ~[server-1.18.2-20220404.173914-srg.jar%23116!/:?]
	at net.minecraft.world.level.storage.loot.entries.LootPoolEntryContainer$Serializer.m_7561_(LootPoolEntryContainer.java:86) ~[server-1.18.2-20220404.173914-srg.jar%23116!/:?]
	at net.minecraft.world.level.storage.loot.entries.LootPoolEntryContainer$Serializer.m_7561_(LootPoolEntryContainer.java:74) ~[server-1.18.2-20220404.173914-srg.jar%23116!/:?]
	at net.minecraft.world.level.storage.loot.GsonAdapterFactory$JsonAdapter.deserialize(GsonAdapterFactory.java:102) ~[server-1.18.2-20220404.173914-srg.jar%23116!/:?]
	at com.google.gson.internal.bind.TreeTypeAdapter.read(TreeTypeAdapter.java:69) ~[gson-2.8.9.jar%2338!/:?]
	at com.google.gson.internal.bind.TypeAdapterRuntimeTypeWrapper.read(TypeAdapterRuntimeTypeWrapper.java:41) ~[gson-2.8.9.jar%2338!/:?]
	at com.google.gson.internal.bind.ArrayTypeAdapter.read(ArrayTypeAdapter.java:72) ~[gson-2.8.9.jar%2338!/:?]
	at com.google.gson.Gson.fromJson(Gson.java:963) ~[gson-2.8.9.jar%2338!/:?]
	at com.google.gson.Gson.fromJson(Gson.java:1034) ~[gson-2.8.9.jar%2338!/:?]
	at com.google.gson.internal.bind.TreeTypeAdapter$GsonContextImpl.deserialize(TreeTypeAdapter.java:162) ~[gson-2.8.9.jar%2338!/:?]
	at net.minecraft.util.GsonHelper.m_13808_(GsonHelper.java:448) ~[server-1.18.2-20220404.173914-srg.jar%23116!/:?]
	at net.minecraft.util.GsonHelper.m_13836_(GsonHelper.java:456) ~[server-1.18.2-20220404.173914-srg.jar%23116!/:?]
	at net.minecraft.world.level.storage.loot.entries.CompositeEntryBase$1.m_5921_(CompositeEntryBase.java:61) ~[server-1.18.2-20220404.173914-srg.jar%23116!/:?]
	at net.minecraft.world.level.storage.loot.entries.CompositeEntryBase$1.m_5921_(CompositeEntryBase.java:53) ~[server-1.18.2-20220404.173914-srg.jar%23116!/:?]
	at net.minecraft.world.level.storage.loot.entries.LootPoolEntryContainer$Serializer.m_7561_(LootPoolEntryContainer.java:86) ~[server-1.18.2-20220404.173914-srg.jar%23116!/:?]
	at net.minecraft.world.level.storage.loot.entries.LootPoolEntryContainer$Serializer.m_7561_(LootPoolEntryContainer.java:74) ~[server-1.18.2-20220404.173914-srg.jar%23116!/:?]
	at net.minecraft.world.level.storage.loot.GsonAdapterFactory$JsonAdapter.deserialize(GsonAdapterFactory.java:102) ~[server-1.18.2-20220404.173914-srg.jar%23116!/:?]
	at com.google.gson.internal.bind.TreeTypeAdapter.read(TreeTypeAdapter.java:69) ~[gson-2.8.9.jar%2338!/:?]
	at com.google.gson.internal.bind.TypeAdapterRuntimeTypeWrapper.read(TypeAdapterRuntimeTypeWrapper.java:41) ~[gson-2.8.9.jar%2338!/:?]
	at com.google.gson.internal.bind.ArrayTypeAdapter.read(ArrayTypeAdapter.java:72) ~[gson-2.8.9.jar%2338!/:?]
	at com.google.gson.Gson.fromJson(Gson.java:963) ~[gson-2.8.9.jar%2338!/:?]
	at com.google.gson.Gson.fromJson(Gson.java:1034) ~[gson-2.8.9.jar%2338!/:?]
	at com.google.gson.internal.bind.TreeTypeAdapter$GsonContextImpl.deserialize(TreeTypeAdapter.java:162) ~[gson-2.8.9.jar%2338!/:?]
	at net.minecraft.util.GsonHelper.m_13808_(GsonHelper.java:448) ~[server-1.18.2-20220404.173914-srg.jar%23116!/:?]
	at net.minecraft.util.GsonHelper.m_13836_(GsonHelper.java:456) ~[server-1.18.2-20220404.173914-srg.jar%23116!/:?]
	at net.minecraft.world.level.storage.loot.LootPool$Serializer.deserialize(LootPool.java:190) ~[server-1.18.2-20220404.173914-srg.jar%23116!/:?]
	at net.minecraft.world.level.storage.loot.LootPool$Serializer.deserialize(LootPool.java:187) ~[server-1.18.2-20220404.173914-srg.jar%23116!/:?]
	at com.google.gson.internal.bind.TreeTypeAdapter.read(TreeTypeAdapter.java:69) ~[gson-2.8.9.jar%2338!/:?]
	at com.google.gson.internal.bind.TypeAdapterRuntimeTypeWrapper.read(TypeAdapterRuntimeTypeWrapper.java:41) ~[gson-2.8.9.jar%2338!/:?]
	at com.google.gson.internal.bind.ArrayTypeAdapter.read(ArrayTypeAdapter.java:72) ~[gson-2.8.9.jar%2338!/:?]
	at com.google.gson.Gson.fromJson(Gson.java:963) ~[gson-2.8.9.jar%2338!/:?]
	at com.google.gson.Gson.fromJson(Gson.java:1034) ~[gson-2.8.9.jar%2338!/:?]
	at com.google.gson.internal.bind.TreeTypeAdapter$GsonContextImpl.deserialize(TreeTypeAdapter.java:162) ~[gson-2.8.9.jar%2338!/:?]
	at net.minecraft.util.GsonHelper.m_13808_(GsonHelper.java:448) ~[server-1.18.2-20220404.173914-srg.jar%23116!/:?]
	at net.minecraft.util.GsonHelper.m_13845_(GsonHelper.java:466) ~[server-1.18.2-20220404.173914-srg.jar%23116!/:?]
	at net.minecraft.world.level.storage.loot.LootTable$Serializer.deserialize(LootTable.java:273) ~[server-1.18.2-20220404.173914-srg.jar%23116!/:?]
	at net.minecraft.world.level.storage.loot.LootTable$Serializer.deserialize(LootTable.java:270) ~[server-1.18.2-20220404.173914-srg.jar%23116!/:?]
	at com.google.gson.internal.bind.TreeTypeAdapter.read(TreeTypeAdapter.java:69) ~[gson-2.8.9.jar%2338!/:?]
	at com.google.gson.Gson.fromJson(Gson.java:963) ~[gson-2.8.9.jar%2338!/:?]
	at com.google.gson.Gson.fromJson(Gson.java:1034) ~[gson-2.8.9.jar%2338!/:?]
	at com.google.gson.Gson.fromJson(Gson.java:1006) ~[gson-2.8.9.jar%2338!/:?]
	at net.minecraftforge.common.ForgeHooks.loadLootTable(ForgeHooks.java:888) ~[forge-1.18.2-40.2.21-universal.jar%23121!/:?]
	at net.minecraft.world.level.storage.loot.LootTables.lambda$apply$0(LootTables.java:55) ~[server-1.18.2-20220404.173914-srg.jar%23116!/:?]
	at java.util.HashMap.forEach(HashMap.java:1429) ~[?:?]
	at net.minecraft.world.level.storage.loot.LootTables.m_5787_(LootTables.java:53) ~[server-1.18.2-20220404.173914-srg.jar%23116!/:?]
	at net.minecraft.world.level.storage.loot.LootTables.m_5787_(LootTables.java:18) ~[server-1.18.2-20220404.173914-srg.jar%23116!/:?]
	at net.minecraft.server.packs.resources.SimplePreparableReloadListener.m_10789_(SimplePreparableReloadListener.java:13) ~[server-1.18.2-20220404.173914-srg.jar%23116!/:?]
	at java.util.concurrent.CompletableFuture$UniAccept.tryFire(CompletableFuture.java:718) ~[?:?]
	at java.util.concurrent.CompletableFuture$Completion.run(CompletableFuture.java:482) ~[?:?]
	at net.minecraft.server.packs.resources.SimpleReloadInstance.m_143940_(SimpleReloadInstance.java:69) ~[server-1.18.2-20220404.173914-srg.jar%23116!/:?]
	at net.minecraft.server.packs.resources.SimpleReloadInstance.m_10834_(SimpleReloadInstance.java:68) ~[server-1.18.2-20220404.173914-srg.jar%23116!/:?]
	at java.util.concurrent.CompletableFuture$UniCompletion.claim(CompletableFuture.java:572) ~[?:?]
	at java.util.concurrent.CompletableFuture$UniAccept.tryFire(CompletableFuture.java:714) ~[?:?]
	at java.util.concurrent.CompletableFuture.postComplete(CompletableFuture.java:510) ~[?:?]
	at java.util.concurrent.CompletableFuture.postFire(CompletableFuture.java:614) ~[?:?]
	at java.util.concurrent.CompletableFuture$UniAccept.tryFire(CompletableFuture.java:726) ~[?:?]
	at java.util.concurrent.CompletableFuture$Completion.run(CompletableFuture.java:482) ~[?:?]
	at net.minecraft.server.packs.resources.SimpleReloadInstance.m_143940_(SimpleReloadInstance.java:69) ~[server-1.18.2-20220404.173914-srg.jar%23116!/:?]
	at net.minecraft.server.packs.resources.SimpleReloadInstance.m_10834_(SimpleReloadInstance.java:68) ~[server-1.18.2-20220404.173914-srg.jar%23116!/:?]
	at java.util.concurrent.CompletableFuture$UniCompletion.claim(CompletableFuture.java:572) ~[?:?]
	at java.util.concurrent.CompletableFuture$UniAccept.tryFire(CompletableFuture.java:714) ~[?:?]
	at java.util.concurrent.CompletableFuture.postComplete(CompletableFuture.java:510) ~[?:?]
	at java.util.concurrent.CompletableFuture.postFire(CompletableFuture.java:614) ~[?:?]
	at java.util.concurrent.CompletableFuture$UniAccept.tryFire(CompletableFuture.java:726) ~[?:?]
	at java.util.concurrent.CompletableFuture$Completion.run(CompletableFuture.java:482) ~[?:?]
	at net.minecraft.server.packs.resources.SimpleReloadInstance.m_143940_(SimpleReloadInstance.java:69) ~[server-1.18.2-20220404.173914-srg.jar%23116!/:?]
	at net.minecraft.server.packs.resources.SimpleReloadInstance.m_10834_(SimpleReloadInstance.java:68) ~[server-1.18.2-20220404.173914-srg.jar%23116!/:?]
	at java.util.concurrent.CompletableFuture$UniCompletion.claim(CompletableFuture.java:572) ~[?:?]
	at java.util.concurrent.CompletableFuture$UniAccept.tryFire(CompletableFuture.java:714) ~[?:?]
	at java.util.concurrent.CompletableFuture.postComplete(CompletableFuture.java:510) ~[?:?]
	at java.util.concurrent.CompletableFuture.postFire(CompletableFuture.java:614) ~[?:?]
	at java.util.concurrent.CompletableFuture$UniAccept.tryFire(CompletableFuture.java:726) ~[?:?]
	at java.util.concurrent.CompletableFuture$Completion.run(CompletableFuture.java:482) ~[?:?]
	at net.minecraft.server.packs.resources.SimpleReloadInstance.m_143940_(SimpleReloadInstance.java:69) ~[server-1.18.2-20220404.173914-srg.jar%23116!/:?]
	at net.minecraft.server.packs.resources.SimpleReloadInstance.m_10834_(SimpleReloadInstance.java:68) ~[server-1.18.2-20220404.173914-srg.jar%23116!/:?]
	at java.util.concurrent.CompletableFuture$UniCompletion.claim(CompletableFuture.java:572) ~[?:?]
	at java.util.concurrent.CompletableFuture$UniAccept.tryFire(CompletableFuture.java:714) ~[?:?]
	at java.util.concurrent.CompletableFuture.postComplete(CompletableFuture.java:510) ~[?:?]
	at java.util.concurrent.CompletableFuture.complete(CompletableFuture.java:2179) ~[?:?]
	at net.minecraft.server.packs.resources.SimpleReloadInstance$1.m_10855_(SimpleReloadInstance.java:51) ~[server-1.18.2-20220404.173914-srg.jar%23116!/:?]
	at net.minecraft.server.packs.resources.SimpleReloadInstance$1.m_6769_(SimpleReloadInstance.java:48) ~[server-1.18.2-20220404.173914-srg.jar%23116!/:?]
	at java.util.concurrent.CompletableFuture$UniCompose.tryFire(CompletableFuture.java:1150) [?:?]
	at java.util.concurrent.CompletableFuture.postComplete(CompletableFuture.java:510) [?:?]
	at java.util.concurrent.CompletableFuture$AsyncSupply.run(CompletableFuture.java:1773) [?:?]
	at java.util.concurrent.CompletableFuture$AsyncSupply.exec(CompletableFuture.java:1760) [?:?]
	at java.util.concurrent.ForkJoinTask.doExec(ForkJoinTask.java:387) [?:?]
	at java.util.concurrent.ForkJoinPool$WorkQueue.topLevelExec(ForkJoinPool.java:1312) [?:?]
	at java.util.concurrent.ForkJoinPool.scan(ForkJoinPool.java:1843) [?:?]
	at java.util.concurrent.ForkJoinPool.runWorker(ForkJoinPool.java:1808) [?:?]
	at java.util.concurrent.ForkJoinWorkerThread.run(ForkJoinWorkerThread.java:188) [?:?]
2025-03-09 02:23:54,318 [1;31mERROR[m [m[Worker-Main-4][m [mn.m.w.l.s.l.LootTables.lambda$apply$0(58)[m: Couldn't parse loot table minecraft:chests/ddd
com.google.gson.JsonSyntaxException: Expected name to be an item, was unknown string 'rpgsmw:deleted_mod_element'
	at net.minecraft.util.GsonHelper.m_13866_(GsonHelper.java:130) ~[server-1.18.2-20220404.173914-srg.jar%23116!/:?]
	at java.util.Optional.orElseThrow(Optional.java:403) ~[?:?]
	at net.minecraft.util.GsonHelper.m_13874_(GsonHelper.java:130) ~[server-1.18.2-20220404.173914-srg.jar%23116!/:?]
	at net.minecraft.util.GsonHelper.m_13909_(GsonHelper.java:138) ~[server-1.18.2-20220404.173914-srg.jar%23116!/:?]
	at net.minecraft.world.level.storage.loot.entries.LootItem$Serializer.m_7267_(LootItem.java:55) ~[server-1.18.2-20220404.173914-srg.jar%23116!/:?]
	at net.minecraft.world.level.storage.loot.entries.LootItem$Serializer.m_7267_(LootItem.java:40) ~[server-1.18.2-20220404.173914-srg.jar%23116!/:?]
	at net.minecraft.world.level.storage.loot.entries.LootPoolSingletonContainer$Serializer.m_5921_(LootPoolSingletonContainer.java:151) ~[server-1.18.2-20220404.173914-srg.jar%23116!/:?]
	at net.minecraft.world.level.storage.loot.entries.LootPoolSingletonContainer$Serializer.m_5921_(LootPoolSingletonContainer.java:129) ~[server-1.18.2-20220404.173914-srg.jar%23116!/:?]
	at net.minecraft.world.level.storage.loot.entries.LootPoolEntryContainer$Serializer.m_7561_(LootPoolEntryContainer.java:86) ~[server-1.18.2-20220404.173914-srg.jar%23116!/:?]
	at net.minecraft.world.level.storage.loot.entries.LootPoolEntryContainer$Serializer.m_7561_(LootPoolEntryContainer.java:74) ~[server-1.18.2-20220404.173914-srg.jar%23116!/:?]
	at net.minecraft.world.level.storage.loot.GsonAdapterFactory$JsonAdapter.deserialize(GsonAdapterFactory.java:102) ~[server-1.18.2-20220404.173914-srg.jar%23116!/:?]
	at com.google.gson.internal.bind.TreeTypeAdapter.read(TreeTypeAdapter.java:69) ~[gson-2.8.9.jar%2338!/:?]
	at com.google.gson.internal.bind.TypeAdapterRuntimeTypeWrapper.read(TypeAdapterRuntimeTypeWrapper.java:41) ~[gson-2.8.9.jar%2338!/:?]
	at com.google.gson.internal.bind.ArrayTypeAdapter.read(ArrayTypeAdapter.java:72) ~[gson-2.8.9.jar%2338!/:?]
	at com.google.gson.Gson.fromJson(Gson.java:963) ~[gson-2.8.9.jar%2338!/:?]
	at com.google.gson.Gson.fromJson(Gson.java:1034) ~[gson-2.8.9.jar%2338!/:?]
	at com.google.gson.internal.bind.TreeTypeAdapter$GsonContextImpl.deserialize(TreeTypeAdapter.java:162) ~[gson-2.8.9.jar%2338!/:?]
	at net.minecraft.util.GsonHelper.m_13808_(GsonHelper.java:448) ~[server-1.18.2-20220404.173914-srg.jar%23116!/:?]
	at net.minecraft.util.GsonHelper.m_13836_(GsonHelper.java:456) ~[server-1.18.2-20220404.173914-srg.jar%23116!/:?]
	at net.minecraft.world.level.storage.loot.LootPool$Serializer.deserialize(LootPool.java:190) ~[server-1.18.2-20220404.173914-srg.jar%23116!/:?]
	at net.minecraft.world.level.storage.loot.LootPool$Serializer.deserialize(LootPool.java:187) ~[server-1.18.2-20220404.173914-srg.jar%23116!/:?]
	at com.google.gson.internal.bind.TreeTypeAdapter.read(TreeTypeAdapter.java:69) ~[gson-2.8.9.jar%2338!/:?]
	at com.google.gson.internal.bind.TypeAdapterRuntimeTypeWrapper.read(TypeAdapterRuntimeTypeWrapper.java:41) ~[gson-2.8.9.jar%2338!/:?]
	at com.google.gson.internal.bind.ArrayTypeAdapter.read(ArrayTypeAdapter.java:72) ~[gson-2.8.9.jar%2338!/:?]
	at com.google.gson.Gson.fromJson(Gson.java:963) ~[gson-2.8.9.jar%2338!/:?]
	at com.google.gson.Gson.fromJson(Gson.java:1034) ~[gson-2.8.9.jar%2338!/:?]
	at com.google.gson.internal.bind.TreeTypeAdapter$GsonContextImpl.deserialize(TreeTypeAdapter.java:162) ~[gson-2.8.9.jar%2338!/:?]
	at net.minecraft.util.GsonHelper.m_13808_(GsonHelper.java:448) ~[server-1.18.2-20220404.173914-srg.jar%23116!/:?]
	at net.minecraft.util.GsonHelper.m_13845_(GsonHelper.java:466) ~[server-1.18.2-20220404.173914-srg.jar%23116!/:?]
	at net.minecraft.world.level.storage.loot.LootTable$Serializer.deserialize(LootTable.java:273) ~[server-1.18.2-20220404.173914-srg.jar%23116!/:?]
	at net.minecraft.world.level.storage.loot.LootTable$Serializer.deserialize(LootTable.java:270) ~[server-1.18.2-20220404.173914-srg.jar%23116!/:?]
	at com.google.gson.internal.bind.TreeTypeAdapter.read(TreeTypeAdapter.java:69) ~[gson-2.8.9.jar%2338!/:?]
	at com.google.gson.Gson.fromJson(Gson.java:963) ~[gson-2.8.9.jar%2338!/:?]
	at com.google.gson.Gson.fromJson(Gson.java:1034) ~[gson-2.8.9.jar%2338!/:?]
	at com.google.gson.Gson.fromJson(Gson.java:1006) ~[gson-2.8.9.jar%2338!/:?]
	at net.minecraftforge.common.ForgeHooks.loadLootTable(ForgeHooks.java:888) ~[forge-1.18.2-40.2.21-universal.jar%23121!/:?]
	at net.minecraft.world.level.storage.loot.LootTables.lambda$apply$0(LootTables.java:55) ~[server-1.18.2-20220404.173914-srg.jar%23116!/:?]
	at java.util.HashMap.forEach(HashMap.java:1429) ~[?:?]
	at net.minecraft.world.level.storage.loot.LootTables.m_5787_(LootTables.java:53) ~[server-1.18.2-20220404.173914-srg.jar%23116!/:?]
	at net.minecraft.world.level.storage.loot.LootTables.m_5787_(LootTables.java:18) ~[server-1.18.2-20220404.173914-srg.jar%23116!/:?]
	at net.minecraft.server.packs.resources.SimplePreparableReloadListener.m_10789_(SimplePreparableReloadListener.java:13) ~[server-1.18.2-20220404.173914-srg.jar%23116!/:?]
	at java.util.concurrent.CompletableFuture$UniAccept.tryFire(CompletableFuture.java:718) ~[?:?]
	at java.util.concurrent.CompletableFuture$Completion.run(CompletableFuture.java:482) ~[?:?]
	at net.minecraft.server.packs.resources.SimpleReloadInstance.m_143940_(SimpleReloadInstance.java:69) ~[server-1.18.2-20220404.173914-srg.jar%23116!/:?]
	at net.minecraft.server.packs.resources.SimpleReloadInstance.m_10834_(SimpleReloadInstance.java:68) ~[server-1.18.2-20220404.173914-srg.jar%23116!/:?]
	at java.util.concurrent.CompletableFuture$UniCompletion.claim(CompletableFuture.java:572) ~[?:?]
	at java.util.concurrent.CompletableFuture$UniAccept.tryFire(CompletableFuture.java:714) ~[?:?]
	at java.util.concurrent.CompletableFuture.postComplete(CompletableFuture.java:510) ~[?:?]
	at java.util.concurrent.CompletableFuture.postFire(CompletableFuture.java:614) ~[?:?]
	at java.util.concurrent.CompletableFuture$UniAccept.tryFire(CompletableFuture.java:726) ~[?:?]
	at java.util.concurrent.CompletableFuture$Completion.run(CompletableFuture.java:482) ~[?:?]
	at net.minecraft.server.packs.resources.SimpleReloadInstance.m_143940_(SimpleReloadInstance.java:69) ~[server-1.18.2-20220404.173914-srg.jar%23116!/:?]
	at net.minecraft.server.packs.resources.SimpleReloadInstance.m_10834_(SimpleReloadInstance.java:68) ~[server-1.18.2-20220404.173914-srg.jar%23116!/:?]
	at java.util.concurrent.CompletableFuture$UniCompletion.claim(CompletableFuture.java:572) ~[?:?]
	at java.util.concurrent.CompletableFuture$UniAccept.tryFire(CompletableFuture.java:714) ~[?:?]
	at java.util.concurrent.CompletableFuture.postComplete(CompletableFuture.java:510) ~[?:?]
	at java.util.concurrent.CompletableFuture.postFire(CompletableFuture.java:614) ~[?:?]
	at java.util.concurrent.CompletableFuture$UniAccept.tryFire(CompletableFuture.java:726) ~[?:?]
	at java.util.concurrent.CompletableFuture$Completion.run(CompletableFuture.java:482) ~[?:?]
	at net.minecraft.server.packs.resources.SimpleReloadInstance.m_143940_(SimpleReloadInstance.java:69) ~[server-1.18.2-20220404.173914-srg.jar%23116!/:?]
	at net.minecraft.server.packs.resources.SimpleReloadInstance.m_10834_(SimpleReloadInstance.java:68) ~[server-1.18.2-20220404.173914-srg.jar%23116!/:?]
	at java.util.concurrent.CompletableFuture$UniCompletion.claim(CompletableFuture.java:572) ~[?:?]
	at java.util.concurrent.CompletableFuture$UniAccept.tryFire(CompletableFuture.java:714) ~[?:?]
	at java.util.concurrent.CompletableFuture.postComplete(CompletableFuture.java:510) ~[?:?]
	at java.util.concurrent.CompletableFuture.postFire(CompletableFuture.java:614) ~[?:?]
	at java.util.concurrent.CompletableFuture$UniAccept.tryFire(CompletableFuture.java:726) ~[?:?]
	at java.util.concurrent.CompletableFuture$Completion.run(CompletableFuture.java:482) ~[?:?]
	at net.minecraft.server.packs.resources.SimpleReloadInstance.m_143940_(SimpleReloadInstance.java:69) ~[server-1.18.2-20220404.173914-srg.jar%23116!/:?]
	at net.minecraft.server.packs.resources.SimpleReloadInstance.m_10834_(SimpleReloadInstance.java:68) ~[server-1.18.2-20220404.173914-srg.jar%23116!/:?]
	at java.util.concurrent.CompletableFuture$UniCompletion.claim(CompletableFuture.java:572) ~[?:?]
	at java.util.concurrent.CompletableFuture$UniAccept.tryFire(CompletableFuture.java:714) ~[?:?]
	at java.util.concurrent.CompletableFuture.postComplete(CompletableFuture.java:510) ~[?:?]
	at java.util.concurrent.CompletableFuture.complete(CompletableFuture.java:2179) ~[?:?]
	at net.minecraft.server.packs.resources.SimpleReloadInstance$1.m_10855_(SimpleReloadInstance.java:51) ~[server-1.18.2-20220404.173914-srg.jar%23116!/:?]
	at net.minecraft.server.packs.resources.SimpleReloadInstance$1.m_6769_(SimpleReloadInstance.java:48) ~[server-1.18.2-20220404.173914-srg.jar%23116!/:?]
	at java.util.concurrent.CompletableFuture$UniCompose.tryFire(CompletableFuture.java:1150) [?:?]
	at java.util.concurrent.CompletableFuture.postComplete(CompletableFuture.java:510) [?:?]
	at java.util.concurrent.CompletableFuture$AsyncSupply.run(CompletableFuture.java:1773) [?:?]
	at java.util.concurrent.CompletableFuture$AsyncSupply.exec(CompletableFuture.java:1760) [?:?]
	at java.util.concurrent.ForkJoinTask.doExec(ForkJoinTask.java:387) [?:?]
	at java.util.concurrent.ForkJoinPool$WorkQueue.topLevelExec(ForkJoinPool.java:1312) [?:?]
	at java.util.concurrent.ForkJoinPool.scan(ForkJoinPool.java:1843) [?:?]
	at java.util.concurrent.ForkJoinPool.runWorker(ForkJoinPool.java:1808) [?:?]
	at java.util.concurrent.ForkJoinWorkerThread.run(ForkJoinWorkerThread.java:188) [?:?]
2025-03-09 02:23:54,343 [1;31mERROR[m [m[Worker-Main-4][m [mn.m.w.l.s.l.LootTables.lambda$apply$0(58)[m: Couldn't parse loot table alternacraft:blocks/mudstone_copper_ore
com.google.gson.JsonSyntaxException: Expected name to be an item, was unknown string 'minecraft:copper'
	at net.minecraft.util.GsonHelper.m_13866_(GsonHelper.java:130) ~[server-1.18.2-20220404.173914-srg.jar%23116!/:?]
	at java.util.Optional.orElseThrow(Optional.java:403) ~[?:?]
	at net.minecraft.util.GsonHelper.m_13874_(GsonHelper.java:130) ~[server-1.18.2-20220404.173914-srg.jar%23116!/:?]
	at net.minecraft.util.GsonHelper.m_13909_(GsonHelper.java:138) ~[server-1.18.2-20220404.173914-srg.jar%23116!/:?]
	at net.minecraft.world.level.storage.loot.entries.LootItem$Serializer.m_7267_(LootItem.java:55) ~[server-1.18.2-20220404.173914-srg.jar%23116!/:?]
	at net.minecraft.world.level.storage.loot.entries.LootItem$Serializer.m_7267_(LootItem.java:40) ~[server-1.18.2-20220404.173914-srg.jar%23116!/:?]
	at net.minecraft.world.level.storage.loot.entries.LootPoolSingletonContainer$Serializer.m_5921_(LootPoolSingletonContainer.java:151) ~[server-1.18.2-20220404.173914-srg.jar%23116!/:?]
	at net.minecraft.world.level.storage.loot.entries.LootPoolSingletonContainer$Serializer.m_5921_(LootPoolSingletonContainer.java:129) ~[server-1.18.2-20220404.173914-srg.jar%23116!/:?]
	at net.minecraft.world.level.storage.loot.entries.LootPoolEntryContainer$Serializer.m_7561_(LootPoolEntryContainer.java:86) ~[server-1.18.2-20220404.173914-srg.jar%23116!/:?]
	at net.minecraft.world.level.storage.loot.entries.LootPoolEntryContainer$Serializer.m_7561_(LootPoolEntryContainer.java:74) ~[server-1.18.2-20220404.173914-srg.jar%23116!/:?]
	at net.minecraft.world.level.storage.loot.GsonAdapterFactory$JsonAdapter.deserialize(GsonAdapterFactory.java:102) ~[server-1.18.2-20220404.173914-srg.jar%23116!/:?]
	at com.google.gson.internal.bind.TreeTypeAdapter.read(TreeTypeAdapter.java:69) ~[gson-2.8.9.jar%2338!/:?]
	at com.google.gson.internal.bind.TypeAdapterRuntimeTypeWrapper.read(TypeAdapterRuntimeTypeWrapper.java:41) ~[gson-2.8.9.jar%2338!/:?]
	at com.google.gson.internal.bind.ArrayTypeAdapter.read(ArrayTypeAdapter.java:72) ~[gson-2.8.9.jar%2338!/:?]
	at com.google.gson.Gson.fromJson(Gson.java:963) ~[gson-2.8.9.jar%2338!/:?]
	at com.google.gson.Gson.fromJson(Gson.java:1034) ~[gson-2.8.9.jar%2338!/:?]
	at com.google.gson.internal.bind.TreeTypeAdapter$GsonContextImpl.deserialize(TreeTypeAdapter.java:162) ~[gson-2.8.9.jar%2338!/:?]
	at net.minecraft.util.GsonHelper.m_13808_(GsonHelper.java:448) ~[server-1.18.2-20220404.173914-srg.jar%23116!/:?]
	at net.minecraft.util.GsonHelper.m_13836_(GsonHelper.java:456) ~[server-1.18.2-20220404.173914-srg.jar%23116!/:?]
	at net.minecraft.world.level.storage.loot.entries.CompositeEntryBase$1.m_5921_(CompositeEntryBase.java:61) ~[server-1.18.2-20220404.173914-srg.jar%23116!/:?]
	at net.minecraft.world.level.storage.loot.entries.CompositeEntryBase$1.m_5921_(CompositeEntryBase.java:53) ~[server-1.18.2-20220404.173914-srg.jar%23116!/:?]
	at net.minecraft.world.level.storage.loot.entries.LootPoolEntryContainer$Serializer.m_7561_(LootPoolEntryContainer.java:86) ~[server-1.18.2-20220404.173914-srg.jar%23116!/:?]
	at net.minecraft.world.level.storage.loot.entries.LootPoolEntryContainer$Serializer.m_7561_(LootPoolEntryContainer.java:74) ~[server-1.18.2-20220404.173914-srg.jar%23116!/:?]
	at net.minecraft.world.level.storage.loot.GsonAdapterFactory$JsonAdapter.deserialize(GsonAdapterFactory.java:102) ~[server-1.18.2-20220404.173914-srg.jar%23116!/:?]
	at com.google.gson.internal.bind.TreeTypeAdapter.read(TreeTypeAdapter.java:69) ~[gson-2.8.9.jar%2338!/:?]
	at com.google.gson.internal.bind.TypeAdapterRuntimeTypeWrapper.read(TypeAdapterRuntimeTypeWrapper.java:41) ~[gson-2.8.9.jar%2338!/:?]
	at com.google.gson.internal.bind.ArrayTypeAdapter.read(ArrayTypeAdapter.java:72) ~[gson-2.8.9.jar%2338!/:?]
	at com.google.gson.Gson.fromJson(Gson.java:963) ~[gson-2.8.9.jar%2338!/:?]
	at com.google.gson.Gson.fromJson(Gson.java:1034) ~[gson-2.8.9.jar%2338!/:?]
	at com.google.gson.internal.bind.TreeTypeAdapter$GsonContextImpl.deserialize(TreeTypeAdapter.java:162) ~[gson-2.8.9.jar%2338!/:?]
	at net.minecraft.util.GsonHelper.m_13808_(GsonHelper.java:448) ~[server-1.18.2-20220404.173914-srg.jar%23116!/:?]
	at net.minecraft.util.GsonHelper.m_13836_(GsonHelper.java:456) ~[server-1.18.2-20220404.173914-srg.jar%23116!/:?]
	at net.minecraft.world.level.storage.loot.LootPool$Serializer.deserialize(LootPool.java:190) ~[server-1.18.2-20220404.173914-srg.jar%23116!/:?]
	at net.minecraft.world.level.storage.loot.LootPool$Serializer.deserialize(LootPool.java:187) ~[server-1.18.2-20220404.173914-srg.jar%23116!/:?]
	at com.google.gson.internal.bind.TreeTypeAdapter.read(TreeTypeAdapter.java:69) ~[gson-2.8.9.jar%2338!/:?]
	at com.google.gson.internal.bind.TypeAdapterRuntimeTypeWrapper.read(TypeAdapterRuntimeTypeWrapper.java:41) ~[gson-2.8.9.jar%2338!/:?]
	at com.google.gson.internal.bind.ArrayTypeAdapter.read(ArrayTypeAdapter.java:72) ~[gson-2.8.9.jar%2338!/:?]
	at com.google.gson.Gson.fromJson(Gson.java:963) ~[gson-2.8.9.jar%2338!/:?]
	at com.google.gson.Gson.fromJson(Gson.java:1034) ~[gson-2.8.9.jar%2338!/:?]
	at com.google.gson.internal.bind.TreeTypeAdapter$GsonContextImpl.deserialize(TreeTypeAdapter.java:162) ~[gson-2.8.9.jar%2338!/:?]
	at net.minecraft.util.GsonHelper.m_13808_(GsonHelper.java:448) ~[server-1.18.2-20220404.173914-srg.jar%23116!/:?]
	at net.minecraft.util.GsonHelper.m_13845_(GsonHelper.java:466) ~[server-1.18.2-20220404.173914-srg.jar%23116!/:?]
	at net.minecraft.world.level.storage.loot.LootTable$Serializer.deserialize(LootTable.java:273) ~[server-1.18.2-20220404.173914-srg.jar%23116!/:?]
	at net.minecraft.world.level.storage.loot.LootTable$Serializer.deserialize(LootTable.java:270) ~[server-1.18.2-20220404.173914-srg.jar%23116!/:?]
	at com.google.gson.internal.bind.TreeTypeAdapter.read(TreeTypeAdapter.java:69) ~[gson-2.8.9.jar%2338!/:?]
	at com.google.gson.Gson.fromJson(Gson.java:963) ~[gson-2.8.9.jar%2338!/:?]
	at com.google.gson.Gson.fromJson(Gson.java:1034) ~[gson-2.8.9.jar%2338!/:?]
	at com.google.gson.Gson.fromJson(Gson.java:1006) ~[gson-2.8.9.jar%2338!/:?]
	at net.minecraftforge.common.ForgeHooks.loadLootTable(ForgeHooks.java:888) ~[forge-1.18.2-40.2.21-universal.jar%23121!/:?]
	at net.minecraft.world.level.storage.loot.LootTables.lambda$apply$0(LootTables.java:55) ~[server-1.18.2-20220404.173914-srg.jar%23116!/:?]
	at java.util.HashMap.forEach(HashMap.java:1429) ~[?:?]
	at net.minecraft.world.level.storage.loot.LootTables.m_5787_(LootTables.java:53) ~[server-1.18.2-20220404.173914-srg.jar%23116!/:?]
	at net.minecraft.world.level.storage.loot.LootTables.m_5787_(LootTables.java:18) ~[server-1.18.2-20220404.173914-srg.jar%23116!/:?]
	at net.minecraft.server.packs.resources.SimplePreparableReloadListener.m_10789_(SimplePreparableReloadListener.java:13) ~[server-1.18.2-20220404.173914-srg.jar%23116!/:?]
	at java.util.concurrent.CompletableFuture$UniAccept.tryFire(CompletableFuture.java:718) ~[?:?]
	at java.util.concurrent.CompletableFuture$Completion.run(CompletableFuture.java:482) ~[?:?]
	at net.minecraft.server.packs.resources.SimpleReloadInstance.m_143940_(SimpleReloadInstance.java:69) ~[server-1.18.2-20220404.173914-srg.jar%23116!/:?]
	at net.minecraft.server.packs.resources.SimpleReloadInstance.m_10834_(SimpleReloadInstance.java:68) ~[server-1.18.2-20220404.173914-srg.jar%23116!/:?]
	at java.util.concurrent.CompletableFuture$UniCompletion.claim(CompletableFuture.java:572) ~[?:?]
	at java.util.concurrent.CompletableFuture$UniAccept.tryFire(CompletableFuture.java:714) ~[?:?]
	at java.util.concurrent.CompletableFuture.postComplete(CompletableFuture.java:510) ~[?:?]
	at java.util.concurrent.CompletableFuture.postFire(CompletableFuture.java:614) ~[?:?]
	at java.util.concurrent.CompletableFuture$UniAccept.tryFire(CompletableFuture.java:726) ~[?:?]
	at java.util.concurrent.CompletableFuture$Completion.run(CompletableFuture.java:482) ~[?:?]
	at net.minecraft.server.packs.resources.SimpleReloadInstance.m_143940_(SimpleReloadInstance.java:69) ~[server-1.18.2-20220404.173914-srg.jar%23116!/:?]
	at net.minecraft.server.packs.resources.SimpleReloadInstance.m_10834_(SimpleReloadInstance.java:68) ~[server-1.18.2-20220404.173914-srg.jar%23116!/:?]
	at java.util.concurrent.CompletableFuture$UniCompletion.claim(CompletableFuture.java:572) ~[?:?]
	at java.util.concurrent.CompletableFuture$UniAccept.tryFire(CompletableFuture.java:714) ~[?:?]
	at java.util.concurrent.CompletableFuture.postComplete(CompletableFuture.java:510) ~[?:?]
	at java.util.concurrent.CompletableFuture.postFire(CompletableFuture.java:614) ~[?:?]
	at java.util.concurrent.CompletableFuture$UniAccept.tryFire(CompletableFuture.java:726) ~[?:?]
	at java.util.concurrent.CompletableFuture$Completion.run(CompletableFuture.java:482) ~[?:?]
	at net.minecraft.server.packs.resources.SimpleReloadInstance.m_143940_(SimpleReloadInstance.java:69) ~[server-1.18.2-20220404.173914-srg.jar%23116!/:?]
	at net.minecraft.server.packs.resources.SimpleReloadInstance.m_10834_(SimpleReloadInstance.java:68) ~[server-1.18.2-20220404.173914-srg.jar%23116!/:?]
	at java.util.concurrent.CompletableFuture$UniCompletion.claim(CompletableFuture.java:572) ~[?:?]
	at java.util.concurrent.CompletableFuture$UniAccept.tryFire(CompletableFuture.java:714) ~[?:?]
	at java.util.concurrent.CompletableFuture.postComplete(CompletableFuture.java:510) ~[?:?]
	at java.util.concurrent.CompletableFuture.postFire(CompletableFuture.java:614) ~[?:?]
	at java.util.concurrent.CompletableFuture$UniAccept.tryFire(CompletableFuture.java:726) ~[?:?]
	at java.util.concurrent.CompletableFuture$Completion.run(CompletableFuture.java:482) ~[?:?]
	at net.minecraft.server.packs.resources.SimpleReloadInstance.m_143940_(SimpleReloadInstance.java:69) ~[server-1.18.2-20220404.173914-srg.jar%23116!/:?]
	at net.minecraft.server.packs.resources.SimpleReloadInstance.m_10834_(SimpleReloadInstance.java:68) ~[server-1.18.2-20220404.173914-srg.jar%23116!/:?]
	at java.util.concurrent.CompletableFuture$UniCompletion.claim(CompletableFuture.java:572) ~[?:?]
	at java.util.concurrent.CompletableFuture$UniAccept.tryFire(CompletableFuture.java:714) ~[?:?]
	at java.util.concurrent.CompletableFuture.postComplete(CompletableFuture.java:510) ~[?:?]
	at java.util.concurrent.CompletableFuture.complete(CompletableFuture.java:2179) ~[?:?]
	at net.minecraft.server.packs.resources.SimpleReloadInstance$1.m_10855_(SimpleReloadInstance.java:51) ~[server-1.18.2-20220404.173914-srg.jar%23116!/:?]
	at net.minecraft.server.packs.resources.SimpleReloadInstance$1.m_6769_(SimpleReloadInstance.java:48) ~[server-1.18.2-20220404.173914-srg.jar%23116!/:?]
	at java.util.concurrent.CompletableFuture$UniCompose.tryFire(CompletableFuture.java:1150) [?:?]
	at java.util.concurrent.CompletableFuture.postComplete(CompletableFuture.java:510) [?:?]
	at java.util.concurrent.CompletableFuture$AsyncSupply.run(CompletableFuture.java:1773) [?:?]
	at java.util.concurrent.CompletableFuture$AsyncSupply.exec(CompletableFuture.java:1760) [?:?]
	at java.util.concurrent.ForkJoinTask.doExec(ForkJoinTask.java:387) [?:?]
	at java.util.concurrent.ForkJoinPool$WorkQueue.topLevelExec(ForkJoinPool.java:1312) [?:?]
	at java.util.concurrent.ForkJoinPool.scan(ForkJoinPool.java:1843) [?:?]
	at java.util.concurrent.ForkJoinPool.runWorker(ForkJoinPool.java:1808) [?:?]
	at java.util.concurrent.ForkJoinWorkerThread.run(ForkJoinWorkerThread.java:188) [?:?]
2025-03-09 02:23:54,445 [33mWARN [m [m[Worker-Main-4][m [mn.m.w.l.s.l.LootTables.m_79210_(69)[m: Found validation problem in {dungeons_arise:chests/illager_campsite/illager_campsite_map}.pools[7].entries[0]->{minecraft:chests/pillager_outpost}.pools[8].entries[0].functions[2]: Parameters [<parameter minecraft:tool>] are not provided in this context
2025-03-09 02:23:54,446 [33mWARN [m [m[Worker-Main-4][m [mn.m.w.l.s.l.LootTables.m_79210_(69)[m: Found validation problem in {minecraft:chests/pillager_outpost}.pools[8].entries[0].functions[2]: Parameters [<parameter minecraft:tool>] are not provided in this context
2025-03-09 02:23:54,446 [33mWARN [m [m[Worker-Main-4][m [mn.m.w.l.s.l.LootTables.m_79210_(69)[m: Found validation problem in {dungeons_arise:chests/illager_campsite/illager_campsite_tent}.pools[5].entries[0]->{minecraft:chests/pillager_outpost}.pools[8].entries[0].functions[2]: Parameters [<parameter minecraft:tool>] are not provided in this context
2025-03-09 02:23:54,799 [32mINFO [m [m[Worker-Main-4][m [md.b.b.u.DynamicRegistry.registerEntry(25)[m: Registered bmorph:pufferfish
2025-03-09 02:23:54,806 [32mINFO [m [m[Worker-Main-4][m [md.b.b.u.DynamicRegistry.registerEntry(25)[m: Registered bmorph:web_yeet
2025-03-09 02:23:54,807 [32mINFO [m [m[Worker-Main-4][m [md.b.b.u.DynamicRegistry.registerEntry(25)[m: Registered bmorph:fish_insta_regen
2025-03-09 02:23:54,809 [32mINFO [m [m[Worker-Main-4][m [md.b.b.u.DynamicRegistry.registerEntry(25)[m: Registered bmorph:night_vision
2025-03-09 02:23:54,811 [32mINFO [m [m[Worker-Main-4][m [md.b.b.u.DynamicRegistry.registerEntry(25)[m: Registered bmorph:infect_villagers
2025-03-09 02:23:54,813 [32mINFO [m [m[Worker-Main-4][m [md.b.b.u.DynamicRegistry.registerEntry(25)[m: Registered bmorph:snow_trail
2025-03-09 02:23:54,815 [32mINFO [m [m[Worker-Main-4][m [md.b.b.u.DynamicRegistry.registerEntry(25)[m: Registered bmorph:speed_changes/extreme_slowness_fov
2025-03-09 02:23:54,815 [32mINFO [m [m[Worker-Main-4][m [md.b.b.u.DynamicRegistry.registerEntry(25)[m: Registered bmorph:web_passthrough
2025-03-09 02:23:54,816 [32mINFO [m [m[Worker-Main-4][m [md.b.b.u.DynamicRegistry.registerEntry(25)[m: Registered bmorph:higher_insta_jump
2025-03-09 02:23:54,817 [32mINFO [m [m[Worker-Main-4][m [md.b.b.u.DynamicRegistry.registerEntry(25)[m: Registered bmorph:attack_range
2025-03-09 02:23:54,817 [32mINFO [m [m[Worker-Main-4][m [md.b.b.u.DynamicRegistry.registerEntry(25)[m: Registered bmorph:extreme_attack_range
2025-03-09 02:23:54,818 [32mINFO [m [m[Worker-Main-4][m [md.b.b.u.DynamicRegistry.registerEntry(25)[m: Registered bmorph:transformations/turn_to_zombified_piglin_in_overworld
2025-03-09 02:23:54,821 [32mINFO [m [m[Worker-Main-4][m [md.b.b.u.DynamicRegistry.registerEntry(25)[m: Registered bmorph:transformations/turn_to_zombie_as_husk
2025-03-09 02:23:54,822 [32mINFO [m [m[Worker-Main-4][m [md.b.b.u.DynamicRegistry.registerEntry(25)[m: Registered bmorph:walk_on_powder_snow
2025-03-09 02:23:54,823 [32mINFO [m [m[Worker-Main-4][m [md.b.b.u.DynamicRegistry.registerEntry(25)[m: Registered bmorph:water_dislike
2025-03-09 02:23:54,825 [32mINFO [m [m[Worker-Main-4][m [md.b.b.u.DynamicRegistry.registerEntry(25)[m: Registered bmorph:one_block_insta_jump
2025-03-09 02:23:54,825 [32mINFO [m [m[Worker-Main-4][m [md.b.b.u.DynamicRegistry.registerEntry(25)[m: Registered bmorph:speed_changes/slowness_fov
2025-03-09 02:23:54,825 [32mINFO [m [m[Worker-Main-4][m [md.b.b.u.DynamicRegistry.registerEntry(25)[m: Registered bmorph:witch_potions/weakness_potion
2025-03-09 02:23:54,826 [32mINFO [m [m[Worker-Main-4][m [md.b.b.u.DynamicRegistry.registerEntry(25)[m: Registered bmorph:transformations/turn_to_zoglin
2025-03-09 02:23:54,826 [32mINFO [m [m[Worker-Main-4][m [md.b.b.u.DynamicRegistry.registerEntry(25)[m: Registered bmorph:slowfall
2025-03-09 02:23:54,827 [32mINFO [m [m[Worker-Main-4][m [md.b.b.u.DynamicRegistry.registerEntry(25)[m: Registered bmorph:yeet
2025-03-09 02:23:54,828 [32mINFO [m [m[Worker-Main-4][m [md.b.b.u.DynamicRegistry.registerEntry(25)[m: Registered bmorph:transformations/turn_to_drowned
2025-03-09 02:23:54,828 [32mINFO [m [m[Worker-Main-4][m [md.b.b.u.DynamicRegistry.registerEntry(25)[m: Registered bmorph:water_sanic
2025-03-09 02:23:54,829 [32mINFO [m [m[Worker-Main-4][m [md.b.b.u.DynamicRegistry.registerEntry(25)[m: Registered bmorph:shoot_ender_dragon
2025-03-09 02:23:54,829 [32mINFO [m [m[Worker-Main-4][m [md.b.b.u.DynamicRegistry.registerEntry(25)[m: Registered bmorph:poison_on_hit
2025-03-09 02:23:54,830 [32mINFO [m [m[Worker-Main-4][m [md.b.b.u.DynamicRegistry.registerEntry(25)[m: Registered bmorph:berry_bush_passthrough
2025-03-09 02:23:54,831 [32mINFO [m [m[Worker-Main-4][m [md.b.b.u.DynamicRegistry.registerEntry(25)[m: Registered bmorph:transform_to_witch_on_lightning_hit
2025-03-09 02:23:54,832 [32mINFO [m [m[Worker-Main-4][m [md.b.b.u.DynamicRegistry.registerEntry(25)[m: Registered bmorph:no_lava_damage
2025-03-09 02:23:54,832 [32mINFO [m [m[Worker-Main-4][m [md.b.b.u.DynamicRegistry.registerEntry(25)[m: Registered bmorph:water_breathing
2025-03-09 02:23:54,833 [32mINFO [m [m[Worker-Main-4][m [md.b.b.u.DynamicRegistry.registerEntry(25)[m: Registered bmorph:speed_changes/swiftness_fov
2025-03-09 02:23:54,834 [32mINFO [m [m[Worker-Main-4][m [md.b.b.u.DynamicRegistry.registerEntry(25)[m: Registered bmorph:air_suffocation
2025-03-09 02:23:54,834 [32mINFO [m [m[Worker-Main-4][m [md.b.b.u.DynamicRegistry.registerEntry(25)[m: Registered bmorph:slow_flying
2025-03-09 02:23:54,835 [32mINFO [m [m[Worker-Main-4][m [md.b.b.u.DynamicRegistry.registerEntry(25)[m: Registered bmorph:fire_ghast
2025-03-09 02:23:54,835 [32mINFO [m [m[Worker-Main-4][m [md.b.b.u.DynamicRegistry.registerEntry(25)[m: Registered bmorph:speed_changes/extreme_slowness
2025-03-09 02:23:54,835 [32mINFO [m [m[Worker-Main-4][m [md.b.b.u.DynamicRegistry.registerEntry(25)[m: Registered bmorph:transformations/turn_to_drowned_as_zombie
2025-03-09 02:23:54,836 [32mINFO [m [m[Worker-Main-4][m [md.b.b.u.DynamicRegistry.registerEntry(25)[m: Registered bmorph:evoker_spell
2025-03-09 02:23:54,836 [32mINFO [m [m[Worker-Main-4][m [md.b.b.u.DynamicRegistry.registerEntry(25)[m: Registered bmorph:speed_changes/slowness
2025-03-09 02:23:54,837 [32mINFO [m [m[Worker-Main-4][m [md.b.b.u.DynamicRegistry.registerEntry(25)[m: Registered bmorph:elder_guardian_laser
2025-03-09 02:23:54,838 [32mINFO [m [m[Worker-Main-4][m [md.b.b.u.DynamicRegistry.registerEntry(25)[m: Registered bmorph:zombie_armor
2025-03-09 02:23:54,839 [32mINFO [m [m[Worker-Main-4][m [md.b.b.u.DynamicRegistry.registerEntry(25)[m: Registered bmorph:transformations/turn_to_zombie_as_drowned
2025-03-09 02:23:54,840 [32mINFO [m [m[Worker-Main-4][m [md.b.b.u.DynamicRegistry.registerEntry(25)[m: Registered bmorph:glow_squid_boost
2025-03-09 02:23:54,840 [32mINFO [m [m[Worker-Main-4][m [md.b.b.u.DynamicRegistry.registerEntry(25)[m: Registered bmorph:no_fire_damage
2025-03-09 02:23:54,841 [32mINFO [m [m[Worker-Main-4][m [md.b.b.u.DynamicRegistry.registerEntry(25)[m: Registered bmorph:extreme_yeet
2025-03-09 02:23:54,841 [32mINFO [m [m[Worker-Main-4][m [md.b.b.u.DynamicRegistry.registerEntry(25)[m: Registered bmorph:wither_arrow_immune_on_low_health
2025-03-09 02:23:54,842 [32mINFO [m [m[Worker-Main-4][m [md.b.b.u.DynamicRegistry.registerEntry(25)[m: Registered bmorph:nausea_on_hit
2025-03-09 02:23:54,842 [32mINFO [m [m[Worker-Main-4][m [md.b.b.u.DynamicRegistry.registerEntry(25)[m: Registered bmorph:magma_cube/magma_cube_size_3
2025-03-09 02:23:54,842 [32mINFO [m [m[Worker-Main-4][m [md.b.b.u.DynamicRegistry.registerEntry(25)[m: Registered bmorph:magma_cube/magma_cube_size_0
2025-03-09 02:23:54,843 [32mINFO [m [m[Worker-Main-4][m [md.b.b.u.DynamicRegistry.registerEntry(25)[m: Registered bmorph:regeneration
2025-03-09 02:23:54,844 [32mINFO [m [m[Worker-Main-4][m [md.b.b.u.DynamicRegistry.registerEntry(25)[m: Registered bmorph:boom
2025-03-09 02:23:54,844 [32mINFO [m [m[Worker-Main-4][m [md.b.b.u.DynamicRegistry.registerEntry(25)[m: Registered bmorph:magma_cube/magma_cube_size_1
2025-03-09 02:23:54,845 [32mINFO [m [m[Worker-Main-4][m [md.b.b.u.DynamicRegistry.registerEntry(25)[m: Registered bmorph:parrot_dance
2025-03-09 02:23:54,845 [32mINFO [m [m[Worker-Main-4][m [md.b.b.u.DynamicRegistry.registerEntry(25)[m: Registered bmorph:mob_attack
2025-03-09 02:23:54,845 [32mINFO [m [m[Worker-Main-4][m [md.b.b.u.DynamicRegistry.registerEntry(25)[m: Registered bmorph:no_hot_floor_damage
2025-03-09 02:23:54,845 [32mINFO [m [m[Worker-Main-4][m [md.b.b.u.DynamicRegistry.registerEntry(25)[m: Registered bmorph:ender_dragon_flight
2025-03-09 02:23:54,846 [32mINFO [m [m[Worker-Main-4][m [md.b.b.u.DynamicRegistry.registerEntry(25)[m: Registered bmorph:transformations/turn_to_zoglin_in_overworld
2025-03-09 02:23:54,847 [32mINFO [m [m[Worker-Main-4][m [md.b.b.u.DynamicRegistry.registerEntry(25)[m: Registered bmorph:fish_yeet
2025-03-09 02:23:54,847 [32mINFO [m [m[Worker-Main-4][m [md.b.b.u.DynamicRegistry.registerEntry(25)[m: Registered bmorph:cookie_death
2025-03-09 02:23:54,848 [32mINFO [m [m[Worker-Main-4][m [md.b.b.u.DynamicRegistry.registerEntry(25)[m: Registered bmorph:llama_spit
2025-03-09 02:23:54,848 [32mINFO [m [m[Worker-Main-4][m [md.b.b.u.DynamicRegistry.registerEntry(25)[m: Registered bmorph:lava_jesus
2025-03-09 02:23:54,849 [32mINFO [m [m[Worker-Main-4][m [md.b.b.u.DynamicRegistry.registerEntry(25)[m: Registered bmorph:salmon_yeet
2025-03-09 02:23:54,849 [32mINFO [m [m[Worker-Main-4][m [md.b.b.u.DynamicRegistry.registerEntry(25)[m: Registered bmorph:fast_flying
2025-03-09 02:23:54,850 [32mINFO [m [m[Worker-Main-4][m [md.b.b.u.DynamicRegistry.registerEntry(25)[m: Registered bmorph:no_freezing
2025-03-09 02:23:54,850 [32mINFO [m [m[Worker-Main-4][m [md.b.b.u.DynamicRegistry.registerEntry(25)[m: Registered bmorph:transformations/turn_to_zombified_piglin
2025-03-09 02:23:54,851 [32mINFO [m [m[Worker-Main-4][m [md.b.b.u.DynamicRegistry.registerEntry(25)[m: Registered bmorph:jumpboost
2025-03-09 02:23:54,851 [32mINFO [m [m[Worker-Main-4][m [md.b.b.u.DynamicRegistry.registerEntry(25)[m: Registered bmorph:transformations/turn_to_husk_as_zombie
2025-03-09 02:23:54,852 [32mINFO [m [m[Worker-Main-4][m [md.b.b.u.DynamicRegistry.registerEntry(25)[m: Registered bmorph:guardian_laser
2025-03-09 02:23:54,853 [32mINFO [m [m[Worker-Main-4][m [md.b.b.u.DynamicRegistry.registerEntry(25)[m: Registered bmorph:riding/ride_chicken_if_baby_zombie
2025-03-09 02:23:54,853 [32mINFO [m [m[Worker-Main-4][m [md.b.b.u.DynamicRegistry.registerEntry(25)[m: Registered bmorph:all_food_insta_regen
2025-03-09 02:23:54,854 [32mINFO [m [m[Worker-Main-4][m [md.b.b.u.DynamicRegistry.registerEntry(25)[m: Registered bmorph:speed_changes/swiftness
2025-03-09 02:23:54,854 [32mINFO [m [m[Worker-Main-4][m [md.b.b.u.DynamicRegistry.registerEntry(25)[m: Registered bmorph:cod_yeet
2025-03-09 02:23:54,854 [32mINFO [m [m[Worker-Main-4][m [md.b.b.u.DynamicRegistry.registerEntry(25)[m: Registered bmorph:extreme_regeneration
2025-03-09 02:23:54,855 [32mINFO [m [m[Worker-Main-4][m [md.b.b.u.DynamicRegistry.registerEntry(25)[m: Registered bmorph:ender_dragon_bossbar
2025-03-09 02:23:54,856 [32mINFO [m [m[Worker-Main-4][m [md.b.b.u.DynamicRegistry.registerEntry(25)[m: Registered bmorph:transformations/turn_to_zombie
2025-03-09 02:23:54,856 [32mINFO [m [m[Worker-Main-4][m [md.b.b.u.DynamicRegistry.registerEntry(25)[m: Registered bmorph:wither_enabled_visuals
2025-03-09 02:23:54,856 [32mINFO [m [m[Worker-Main-4][m [md.b.b.u.DynamicRegistry.registerEntry(25)[m: Registered bmorph:disable_wither
2025-03-09 02:23:54,857 [32mINFO [m [m[Worker-Main-4][m [md.b.b.u.DynamicRegistry.registerEntry(25)[m: Registered bmorph:witch_potion_yeet
2025-03-09 02:23:54,857 [32mINFO [m [m[Worker-Main-4][m [md.b.b.u.DynamicRegistry.registerEntry(25)[m: Registered bmorph:no_flames
2025-03-09 02:23:54,858 [32mINFO [m [m[Worker-Main-4][m [md.b.b.u.DynamicRegistry.registerEntry(25)[m: Registered bmorph:no_wither_damage
2025-03-09 02:23:54,858 [32mINFO [m [m[Worker-Main-4][m [md.b.b.u.DynamicRegistry.registerEntry(25)[m: Registered bmorph:speed_changes/extreme_swiftness
2025-03-09 02:23:54,858 [32mINFO [m [m[Worker-Main-4][m [md.b.b.u.DynamicRegistry.registerEntry(25)[m: Registered bmorph:reach
2025-03-09 02:23:54,859 [32mINFO [m [m[Worker-Main-4][m [md.b.b.u.DynamicRegistry.registerEntry(25)[m: Registered bmorph:egg_yeet
2025-03-09 02:23:54,859 [32mINFO [m [m[Worker-Main-4][m [md.b.b.u.DynamicRegistry.registerEntry(25)[m: Registered bmorph:no_berry_damage
2025-03-09 02:23:54,860 [32mINFO [m [m[Worker-Main-4][m [md.b.b.u.DynamicRegistry.registerEntry(25)[m: Registered bmorph:witch_potions/slowness_potion
2025-03-09 02:23:54,860 [32mINFO [m [m[Worker-Main-4][m [md.b.b.u.DynamicRegistry.registerEntry(25)[m: Registered bmorph:burn_in_sun_ignore_hat
2025-03-09 02:23:54,861 [32mINFO [m [m[Worker-Main-4][m [md.b.b.u.DynamicRegistry.registerEntry(25)[m: Registered bmorph:transform_to_zombified_piglin_on_lightning_hit
2025-03-09 02:23:54,862 [32mINFO [m [m[Worker-Main-4][m [md.b.b.u.DynamicRegistry.registerEntry(25)[m: Registered bmorph:transformations/turn_to_stray_as_skeleton
2025-03-09 02:23:54,863 [32mINFO [m [m[Worker-Main-4][m [md.b.b.u.DynamicRegistry.registerEntry(25)[m: Registered bmorph:ender_dragon_enabled_visuals
2025-03-09 02:23:54,863 [32mINFO [m [m[Worker-Main-4][m [md.b.b.u.DynamicRegistry.registerEntry(25)[m: Registered bmorph:witch_potions/poison_potion
2025-03-09 02:23:54,863 [32mINFO [m [m[Worker-Main-4][m [md.b.b.u.DynamicRegistry.registerEntry(25)[m: Registered bmorph:flying
2025-03-09 02:23:54,866 [32mINFO [m [m[Worker-Main-4][m [md.b.b.u.DynamicRegistry.registerEntry(25)[m: Registered bmorph:absorption_on_use
2025-03-09 02:23:54,866 [32mINFO [m [m[Worker-Main-4][m [md.b.b.u.DynamicRegistry.registerEntry(25)[m: Registered bmorph:magma_cube/magma_cube_jumpboost_3
2025-03-09 02:23:54,867 [32mINFO [m [m[Worker-Main-4][m [md.b.b.u.DynamicRegistry.registerEntry(25)[m: Registered bmorph:riding/ride_spider
2025-03-09 02:23:54,868 [32mINFO [m [m[Worker-Main-4][m [md.b.b.u.DynamicRegistry.registerEntry(25)[m: Registered bmorph:even_more_damage
2025-03-09 02:23:54,868 [32mINFO [m [m[Worker-Main-4][m [md.b.b.u.DynamicRegistry.registerEntry(25)[m: Registered bmorph:magma_cube/magma_cube_jumpboost_1
2025-03-09 02:23:54,869 [32mINFO [m [m[Worker-Main-4][m [md.b.b.u.DynamicRegistry.registerEntry(25)[m: Registered bmorph:speed_changes/web_speed
2025-03-09 02:23:54,871 [32mINFO [m [m[Worker-Main-4][m [md.b.b.u.DynamicRegistry.registerEntry(25)[m: Registered bmorph:fire_blaze
2025-03-09 02:23:54,871 [32mINFO [m [m[Worker-Main-4][m [md.b.b.u.DynamicRegistry.registerEntry(25)[m: Registered bmorph:magma_cube/magma_cube_jumpboost_0
2025-03-09 02:23:54,873 [32mINFO [m [m[Worker-Main-4][m [md.b.b.u.DynamicRegistry.registerEntry(25)[m: Registered bmorph:phantom_glide_ability
2025-03-09 02:23:54,876 [32mINFO [m [m[Worker-Main-4][m [md.b.b.u.DynamicRegistry.registerEntry(25)[m: Registered bmorph:squid_boost
2025-03-09 02:23:54,877 [32mINFO [m [m[Worker-Main-4][m [md.b.b.u.DynamicRegistry.registerEntry(25)[m: Registered bmorph:wither_skull_yeet
2025-03-09 02:23:54,877 [32mINFO [m [m[Worker-Main-4][m [md.b.b.u.DynamicRegistry.registerEntry(25)[m: Registered bmorph:magma_cube/magma_cube_armor_3
2025-03-09 02:23:54,877 [32mINFO [m [m[Worker-Main-4][m [md.b.b.u.DynamicRegistry.registerEntry(25)[m: Registered bmorph:transformations/turn_to_stray
2025-03-09 02:23:54,878 [32mINFO [m [m[Worker-Main-4][m [md.b.b.u.DynamicRegistry.registerEntry(25)[m: Registered bmorph:wither_on_hit
2025-03-09 02:23:54,878 [32mINFO [m [m[Worker-Main-4][m [md.b.b.u.DynamicRegistry.registerEntry(25)[m: Registered bmorph:magma_cube/magma_cube_armor_0
2025-03-09 02:23:54,879 [32mINFO [m [m[Worker-Main-4][m [md.b.b.u.DynamicRegistry.registerEntry(25)[m: Registered bmorph:magma_cube/magma_cube_armor_1
2025-03-09 02:23:54,879 [32mINFO [m [m[Worker-Main-4][m [md.b.b.u.DynamicRegistry.registerEntry(25)[m: Registered bmorph:burn_in_sun
2025-03-09 02:23:54,880 [32mINFO [m [m[Worker-Main-4][m [md.b.b.u.DynamicRegistry.registerEntry(25)[m: Registered bmorph:wither_bossbar
2025-03-09 02:23:54,880 [32mINFO [m [m[Worker-Main-4][m [md.b.b.u.DynamicRegistry.registerEntry(25)[m: Registered bmorph:pufferfish_yeet
2025-03-09 02:23:54,880 [32mINFO [m [m[Worker-Main-4][m [md.b.b.u.DynamicRegistry.registerEntry(25)[m: Registered bmorph:speed_changes/extreme_swiftness_fov
2025-03-09 02:23:54,880 [32mINFO [m [m[Worker-Main-4][m [md.b.b.u.DynamicRegistry.registerEntry(25)[m: Registered bmorph:tropical_fish_yeet
2025-03-09 02:23:54,881 [32mINFO [m [m[Worker-Main-4][m [md.b.b.u.DynamicRegistry.registerEntry(25)[m: Registered bmorph:elder_guardian_jumpscare
2025-03-09 02:23:54,885 [32mINFO [m [m[Worker-Main-4][m [md.b.b.u.DynamicRegistry.registerEntry(25)[m: Registered bmorph:sheep_eat_grass
2025-03-09 02:23:54,887 [32mINFO [m [m[Worker-Main-4][m [md.b.b.u.DynamicRegistry.registerEntry(25)[m: Registered bmorph:transformations/turn_to_husk
2025-03-09 02:23:54,887 [32mINFO [m [m[Worker-Main-4][m [md.b.b.u.DynamicRegistry.registerEntry(25)[m: Registered bmorph:witch_potions/harming_potion
2025-03-09 02:23:54,887 [32mINFO [m [m[Worker-Main-4][m [md.b.b.u.DynamicRegistry.registerEntry(25)[m: Registered bmorph:climbing
2025-03-09 02:23:54,888 [32mINFO [m [m[Worker-Main-4][m [md.b.b.u.DynamicRegistry.registerEntry(25)[m: Registered bmorph:enderman_teleport_on_projectile_contact
2025-03-09 02:23:54,889 [32mINFO [m [m[Worker-Main-4][m [md.b.b.u.DynamicRegistry.registerEntry(25)[m: Registered bmorph:no_fall_damage
2025-03-09 02:23:54,890 [32mINFO [m [m[Worker-Main-4][m [md.b.b.u.DynamicRegistry.registerEntry(25)[m: Registered bmorph:snowball_yeet
2025-03-09 02:23:54,890 [32mINFO [m [m[Worker-Main-4][m [md.b.b.u.DynamicRegistry.registerEntry(25)[m: Registered bmorph:more_damage
2025-03-09 02:23:54,891 [32mINFO [m [m[Worker-Main-4][m [md.b.b.u.DynamicRegistry.registerEntry(25)[m: Registered bmorph:riding/ride_chicken
2025-03-09 02:23:54,892 [32mINFO [m [m[Worker-Main-4][m [md.b.b.u.DynamicRegistry.registerEntry(25)[m: Registered bmorph:no_in_fire_damage
2025-03-09 02:23:54,893 [32mINFO [m [m[Worker-Main-4][m [md.b.b.u.DynamicRegistry.registerEntry(25)[m: Registered bmorph:disable_ender_dragon
2025-03-09 02:23:54,895 [32mINFO [m [m[Worker-Main-4][m [md.b.b.u.DynamicRegistry.registerEntry(25)[m: Registered bmorph:cow_milk
2025-03-09 02:23:54,896 [32mINFO [m [m[Worker-Main-4][m [md.b.b.u.DynamicRegistry.registerEntry(25)[m: Registered bmorph:extreme_reach
2025-03-09 02:23:54,897 [32mINFO [m [m[Worker-Main-4][m [md.b.b.u.DynamicRegistry.registerEntry(25)[m: Registered bmorph:no_knockback
2025-03-09 02:23:54,898 [32mINFO [m [m[Worker-Main-4][m [md.b.b.u.DynamicRegistry.registerEntry(25)[m: Registered bmorph:transformations/turn_to_zombified_piglin_from_pig
2025-03-09 02:23:54,898 [32mINFO [m [m[Worker-Main-4][m [md.b.b.u.DynamicRegistry.registerEntry(25)[m: Registered bmorph:enderman_teleport
2025-03-09 02:23:54,900 [33mWARN [m [m[Worker-Main-4][m [md.b.b.m.f.c.ConfigurableAbility.lambda$deserialize$0(39)[m: Received bad data when parsing configurable ability: Non [a-z0-9_.-] character in namespace of location: #bmorph:speed_changes/slowness
2025-03-09 02:23:54,900 [32mINFO [m [m[Worker-Main-4][m [md.b.b.u.DynamicRegistry.registerEntry(25)[m: Registered bmorph:transformations/turn_to_witch
2025-03-09 02:23:54,901 [32mINFO [m [m[Worker-Main-4][m [md.b.b.u.DynamicRegistry.registerEntry(25)[m: Registered bmorph:no_magic_damage
2025-03-09 02:23:54,902 [32mINFO [m [m[Worker-Main-4][m [md.b.b.u.DynamicRegistry.registerEntry(25)[m: Registered bmorph:no_on_fire_damage
2025-03-09 02:23:54,909 [32mINFO [m [m[Worker-Main-4][m [md.b.b.u.DynamicRegistry.registerEntry(25)[m: Registered bmorph:age_to_is_baby
2025-03-09 02:23:54,909 [32mINFO [m [m[Worker-Main-4][m [md.b.b.u.DynamicRegistry.registerEntry(25)[m: Registered bmorph:clear_owner
2025-03-09 02:23:54,910 [32mINFO [m [m[Worker-Main-4][m [md.b.b.u.DynamicRegistry.registerEntry(25)[m: Registered bmorph:age_cutter
2025-03-09 02:23:54,916 [1;31mERROR[m [m[Worker-Main-4][m [mtac.lambda$apply$1(65)[m: Missing required properties for tac:medium_steel_armor
2025-03-09 02:23:54,920 [1;31mERROR[m [m[Worker-Main-4][m [mtac.lambda$apply$1(65)[m: Missing required properties for tac:cardboard_armor
2025-03-09 02:23:54,928 [1;31mERROR[m [m[Worker-Main-4][m [mtac.lambda$apply$1(65)[m: Missing required properties for tac:armor_test
2025-03-09 02:23:54,930 [1;31mERROR[m [m[Worker-Main-4][m [mtac.lambda$apply$1(65)[m: Missing required properties for tac:light_armor
2025-03-09 02:23:54,945 [32mINFO [m [m[Worker-Main-4][m [mDungeon Crawl.reload(50)[m: Loading data...
2025-03-09 02:23:56,402 [32mINFO [m [m[Worker-Main-4][m [mDungeon Crawl.reload(72)[m: Done.
2025-03-09 02:23:56,421 [32mINFO [m [m[Worker-Main-4][m [ms.m.f.t.FluidContainerTransferManager.apply(111)[m: Loaded 23 dynamic modifiers in 0.607845 ms
2025-03-09 02:23:56,457 [32mINFO [m [m[Worker-Main-4][m [ms.t.l.m.ModifierManager.apply(183)[m: Loaded 94 dynamic modifiers and 17 modifier redirects in 36.213337 ms
2025-03-09 02:23:56,752 [32mINFO [m [m[Worker-Main-4][m [ms.t.l.m.ModifierManager.apply(197)[m: Loaded 37 modifier tags for 126 modifiers in 294.83472 ms
2025-03-09 02:23:56,754 [32mINFO [m [m[Worker-Main-4][m [ms.t.l.m.ModifierManager.apply(240)[m: Loaded 49 enchantment to modifier mappings in 1.926728 ms
2025-03-09 02:23:56,763 [32mINFO [m [m[Worker-Main-4][m [ms.t.l.m.s.SpillingFluidManager.apply(89)[m: Loaded 49 spilling fluids in 8.864593 ms
2025-03-09 02:23:56,838 [32mINFO [m [m[Worker-Main-4][m [ms.t.l.m.d.MaterialManager.apply(204)[m: Loaded 55 materials in 8.706736 ms
2025-03-09 02:23:56,989 [32mINFO [m [m[Worker-Main-4][m [ms.t.l.m.d.MaterialManager.apply(211)[m: Loaded 1 material tags for 20 materials in 151.19675 ms
2025-03-09 02:23:57,132 [32mINFO [m [m[Worker-Main-4][m [ms.t.l.m.s.MaterialStatsManager.m_6213_(217)[m: 196 stats loaded for 65 materials in 143.19801 ms
2025-03-09 02:23:57,293 [32mINFO [m [m[Worker-Main-4][m [ms.t.l.m.t.MaterialTraitsManager.m_6213_(164)[m: 86 traits loaded for 65 materials in 160.53978 ms
2025-03-09 02:23:57,304 [32mINFO [m [m[Worker-Main-4][m [ms.t.l.t.d.ToolDefinitionLoader.apply(125)[m: Loaded 34 tool definitions in 11.012616 ms
2025-03-09 02:23:57,310 [32mINFO [m [m[Worker-Main-4][m [ms.t.l.t.l.StationSlotLayoutLoader.apply(105)[m: Loaded 18 station slot layouts in 5.111574 ms
2025-03-09 02:23:59,711 [32mINFO [m [m[main][m [mevilcraft.log(31)[m: 19 Broom modifiers can be applied!
2025-03-09 02:24:00,408 [32mINFO [m [m[main][m [mp.b.BYG.readConfig(119)[m: "/workspaces/plomeros-codespace-2/minecraft-servers/server-v2/config/byg/nether-biomes.json5" was read.
2025-03-09 02:24:00,416 [32mINFO [m [m[main][m [mp.b.BYG.readConfig(118)[m: "/workspaces/plomeros-codespace-2/minecraft-servers/server-v2/config/byg/end-biomes.json5" was read.
2025-03-09 02:24:00,451 [32mINFO [m [m[Server thread][m [mn.m.s.d.DedicatedServer.m_7038_(150)[m: Starting minecraft server version 1.18.2
2025-03-09 02:24:00,452 [32mINFO [m [m[Server thread][m [mn.m.s.d.DedicatedServer.m_7038_(155)[m: Loading properties
2025-03-09 02:24:00,453 [32mINFO [m [m[Server thread][m [mn.m.s.d.DedicatedServer.m_7038_(172)[m: Default game type: SURVIVAL
2025-03-09 02:24:00,453 [32mINFO [m [m[Server thread][m [mn.m.s.MinecraftServer.m_129793_(1286)[m: Generating keypair
2025-03-09 02:24:00,598 [32mINFO [m [m[Server thread][m [mn.m.s.d.DedicatedServer.m_7038_(183)[m: Starting Minecraft server on *:25565
2025-03-09 02:24:00,666 [32mINFO [m [m[Server thread][m [mn.m.s.n.ServerConnectionListener.m_9711_(79)[m: Using epoll channel type
2025-03-09 02:24:00,791 [33mWARN [m [m[Server thread][m [mn.m.s.d.DedicatedServer.m_7038_(195)[m: **** SERVER IS RUNNING IN OFFLINE/INSECURE MODE!
2025-03-09 02:24:00,791 [33mWARN [m [m[Server thread][m [mn.m.s.d.DedicatedServer.m_7038_(196)[m: The server will make no attempt to authenticate usernames. Beware.
2025-03-09 02:24:00,791 [33mWARN [m [m[Server thread][m [mn.m.s.d.DedicatedServer.m_7038_(197)[m: While this makes the game possible to play without internet access, it also opens up the ability for hackers to connect with any username they choose.
2025-03-09 02:24:00,792 [33mWARN [m [m[Server thread][m [mn.m.s.d.DedicatedServer.m_7038_(198)[m: To change this, set "online-mode" to "true" in the server.properties file.
2025-03-09 02:24:00,873 [32mINFO [m [m[Server thread][m [mMinecraft.publish(36)[m: This server is running Mohist version 1.18.2-190 (MC: 1.18.2) (Implementing API version 1.18.2-R0.1-SNAPSHOT, Forge version 40.2.21)
2025-03-09 02:24:04,119 [32mINFO [m [m[Server thread][m [mMinecraft.publish(36)[m: Debug logging is enabled
2025-03-09 02:24:04,120 [32mINFO [m [m[Server thread][m [m.playerSample(274)[m: Server Ping Player Sample Count: 12
2025-03-09 02:24:04,123 [32mINFO [m [m[Server thread][m [mMinecraft.publish(36)[m: Using 4 threads for Netty based IO
2025-03-09 02:24:10,953 [32mINFO [m [m[Server thread][m [md.s.p.PlayerNPCPlugin.publish(36)[m: [PlayerNPC] Your server is using Bukkit version: 1.18.2-R0.1-SNAPSHOT
2025-03-09 02:24:11,007 [32mINFO [m [m[Server thread][m [md.s.c.Corpses.publish(36)[m: [Corpses] Your server is using Bukkit version: 1.18.2-R0.1-SNAPSHOT
2025-03-09 02:24:11,735 [32mINFO [m [m[Server thread][m [mm.l.l.b.l.BukkitLoaderPlugin.publish(36)[m: [LuckPerms] Loading LuckPerms v5.4.131
2025-03-09 02:24:12,392 [32mINFO [m [m[Server thread][m [mc.s.w.b.WorldEditPlugin.publish(36)[m: [WorldEdit] Loading WorldEdit v7.2.20+6667-f0f1e66
2025-03-09 02:24:13,903 [32mINFO [m [m[Server thread][m [mc.s.w.e.p.PlatformManager.register(100)[m: Got request to register class com.sk89q.worldedit.bukkit.BukkitServerInterface with WorldEdit [com.sk89q.worldedit.extension.platform.PlatformManager@f05f743]
2025-03-09 02:24:13,905 [32mINFO [m [m[Server thread][m [mc.s.w.b.WorldEditPlugin.publish(36)[m: [WorldEdit] Default configuration file written: config.yml
2025-03-09 02:24:13,960 [32mINFO [m [m[Server thread][m [mm.c.p.PlaceholderAPIPlugin.publish(36)[m: [PlaceholderAPI] Loading PlaceholderAPI v2.11.6
2025-03-09 02:24:13,961 [32mINFO [m [m[Server thread][m [mc.d.c.CraftEnhance.publish(36)[m: [CraftEnhance] Loading CraftEnhance v2.5.9
2025-03-09 02:24:13,961 [32mINFO [m [m[Server thread][m [mn.Z.C.CMILib.publish(36)[m: [CMILib] Loading CMILib v1.5.3.4
2025-03-09 02:24:13,961 [32mINFO [m [m[Server thread][m [mc.Z.C.CMI.publish(36)[m: [CMI] Loading CMI v9.7.10.0
2025-03-09 02:24:13,962 [32mINFO [m [m[Server thread][m [mc.o.M.MultiverseCore.publish(36)[m: [Multiverse-Core] Loading Multiverse-Core v4.3.14
2025-03-09 02:24:14,039 [32mINFO [m [m[Server thread][m [mc.a.i.Images.publish(36)[m: [Images] Loading Images v2.5.3
2025-03-09 02:24:14,048 [32mINFO [m [m[Server thread][m [mm.l.l.LevelledMobs.publish(36)[m: [LevelledMobs] Loading LevelledMobs v3.12.1 b781
2025-03-09 02:24:14,049 [32mINFO [m [m[Server thread][m [md.s.p.PlayerNPCPlugin.publish(36)[m: [PlayerNPC] Loading PlayerNPC v2023.6
2025-03-09 02:24:14,049 [32mINFO [m [m[Server thread][m [md.s.c.Corpses.publish(36)[m: [Corpses] Loading Corpses v2023.5
2025-03-09 02:24:14,049 [32mINFO [m [m[Server thread][m [mn.a.a.Core.publish(36)[m: [AdvancedEnchantments] Loading AdvancedEnchantments v9.9.14
2025-03-09 02:24:14,050 [32mINFO [m [m[Server thread][m [mf.a.b.BanItem.publish(36)[m: [BanItem] Loading BanItem v3.6
2025-03-09 02:24:14,054 [32mINFO [m [m[Server thread][m [mm.l.l.b.l.BukkitLoaderPlugin.publish(36)[m: [LuckPerms] Enabling LuckPerms v5.4.131
2025-03-09 02:24:15,229 [32mINFO [m [m[Server thread][m [mColouredConsoleSender.sendMessage(55)[m: §b       §3 __    
2025-03-09 02:24:15,230 [32mINFO [m [m[Server thread][m [mColouredConsoleSender.sendMessage(55)[m: §b  |    §3|__)   §2LuckPerms§r §bv5.4.131
2025-03-09 02:24:15,231 [32mINFO [m [m[Server thread][m [mColouredConsoleSender.sendMessage(55)[m: §b  |___ §3|      §8Running on Bukkit - Mohist
2025-03-09 02:24:15,231 [32mINFO [m [m[Server thread][m [mColouredConsoleSender.sendMessage(55)[m: 
2025-03-09 02:24:15,245 [32mINFO [m [m[Server thread][m [mm.l.l.b.l.BukkitLoaderPlugin.publish(36)[m: [LuckPerms] Loading configuration...
2025-03-09 02:24:15,747 [32mINFO [m [m[Server thread][m [mm.l.l.b.l.BukkitLoaderPlugin.publish(36)[m: [LuckPerms] Loading storage provider... [H2]
2025-03-09 02:24:18,847 [32mINFO [m [m[Server thread][m [mm.l.l.b.l.BukkitLoaderPlugin.publish(36)[m: [LuckPerms] Loading internal permission managers...
2025-03-09 02:24:19,065 [32mINFO [m [m[Server thread][m [mm.l.l.b.l.BukkitLoaderPlugin.publish(36)[m: [LuckPerms] Performing initial data load...
2025-03-09 02:24:19,456 [32mINFO [m [m[Server thread][m [mm.l.l.b.l.BukkitLoaderPlugin.publish(36)[m: [LuckPerms] Successfully enabled. (took 5402ms)
2025-03-09 02:24:19,458 [32mINFO [m [m[Server thread][m [mc.s.w.b.WorldEditPlugin.publish(36)[m: [WorldEdit] Enabling WorldEdit v7.2.20+6667-f0f1e66
2025-03-09 02:24:19,495 [32mINFO [m [m[Server thread][m [mc.s.w.e.p.PlatformCommandManager.registerCommandsWith(427)[m: Registering commands with com.sk89q.worldedit.bukkit.BukkitServerInterface
2025-03-09 02:24:20,021 [32mINFO [m [m[Server thread][m [mc.s.w.PermissionsResolverManager.loadConfig(267)[m: WEPIF: Updated config file
2025-03-09 02:24:20,036 [32mINFO [m [m[Server thread][m [mc.s.w.PermissionsResolverManager.findResolver(126)[m: WEPIF: Using the Bukkit Permissions API.
2025-03-09 02:24:21,920 [32mINFO [m [m[Server thread][m [mc.s.w.b.WorldEditPlugin.loadAdapter(298)[m: Using com.sk89q.worldedit.bukkit.adapter.impl.v1_18_R2.PaperweightAdapter as the Bukkit adapter
2025-03-09 02:24:23,318 [32mINFO [m [m[Server thread][m [mc.s.w.b.WorldEditPlugin.publish(36)[m: [WorldEdit] ====================================================
2025-03-09 02:24:23,318 [32mINFO [m [m[Server thread][m [mc.s.w.b.WorldEditPlugin.publish(36)[m: [WorldEdit]  WorldEdit works better if you use Paper 
2025-03-09 02:24:23,319 [32mINFO [m [m[Server thread][m [mc.s.w.b.WorldEditPlugin.publish(36)[m: [WorldEdit]  as your server software. 
2025-03-09 02:24:23,319 [32mINFO [m [m[Server thread][m [mc.s.w.b.WorldEditPlugin.publish(36)[m: [WorldEdit]   
2025-03-09 02:24:23,319 [32mINFO [m [m[Server thread][m [mc.s.w.b.WorldEditPlugin.publish(36)[m: [WorldEdit]  Paper offers significant performance improvements,
2025-03-09 02:24:23,319 [32mINFO [m [m[Server thread][m [mc.s.w.b.WorldEditPlugin.publish(36)[m: [WorldEdit]  bug fixes, security enhancements and optional
2025-03-09 02:24:23,319 [32mINFO [m [m[Server thread][m [mc.s.w.b.WorldEditPlugin.publish(36)[m: [WorldEdit]  features for server owners to enhance their server.
2025-03-09 02:24:23,320 [32mINFO [m [m[Server thread][m [mc.s.w.b.WorldEditPlugin.publish(36)[m: [WorldEdit]   
2025-03-09 02:24:23,320 [32mINFO [m [m[Server thread][m [mc.s.w.b.WorldEditPlugin.publish(36)[m: [WorldEdit]  Paper includes Timings v2, which is significantly
2025-03-09 02:24:23,320 [32mINFO [m [m[Server thread][m [mc.s.w.b.WorldEditPlugin.publish(36)[m: [WorldEdit]  better at diagnosing lag problems over v1.
2025-03-09 02:24:23,320 [32mINFO [m [m[Server thread][m [mc.s.w.b.WorldEditPlugin.publish(36)[m: [WorldEdit]   
2025-03-09 02:24:23,320 [32mINFO [m [m[Server thread][m [mc.s.w.b.WorldEditPlugin.publish(36)[m: [WorldEdit]  All of your plugins should still work, and the
2025-03-09 02:24:23,321 [32mINFO [m [m[Server thread][m [mc.s.w.b.WorldEditPlugin.publish(36)[m: [WorldEdit]  Paper community will gladly help you fix any issues.
2025-03-09 02:24:23,321 [32mINFO [m [m[Server thread][m [mc.s.w.b.WorldEditPlugin.publish(36)[m: [WorldEdit]   
2025-03-09 02:24:23,321 [32mINFO [m [m[Server thread][m [mc.s.w.b.WorldEditPlugin.publish(36)[m: [WorldEdit]  Join the Paper Community @ https://papermc.io
2025-03-09 02:24:23,321 [32mINFO [m [m[Server thread][m [mc.s.w.b.WorldEditPlugin.publish(36)[m: [WorldEdit] ====================================================
2025-03-09 02:24:24,121 [32mINFO [m [m[Server thread][m [mterrablender.initializeBiomes(115)[m: Initialized TerraBlender biomes for level stem minecraft:overworld
2025-03-09 02:24:24,122 [32mINFO [m [m[Server thread][m [mn.m.s.d.DedicatedServer.m_7038_(224)[m: Preparing level "world"
2025-03-09 02:24:24,809 [32mINFO [m [m[Server thread][m [mn.m.s.MinecraftServer.m_129940_(601)[m: Preparing start region for dimension minecraft:overworld
2025-03-09 02:24:27,583 [32mINFO [m [m[Worker-Main-5][m [mn.m.s.l.p.LoggerChunkProgressListener.m_5511_(44)[m: Preparing spawn area: 0%
2025-03-09 02:24:27,600 [32mINFO [m [m[Worker-Main-5][m [mn.m.s.l.p.LoggerChunkProgressListener.m_5511_(44)[m: Preparing spawn area: 0%
2025-03-09 02:24:27,605 [32mINFO [m [m[Worker-Main-5][m [mn.m.s.l.p.LoggerChunkProgressListener.m_5511_(44)[m: Preparing spawn area: 0%
2025-03-09 02:24:27,641 [32mINFO [m [m[Worker-Main-5][m [mn.m.s.l.p.LoggerChunkProgressListener.m_5511_(44)[m: Preparing spawn area: 0%
2025-03-09 02:24:27,651 [32mINFO [m [m[Worker-Main-5][m [mn.m.s.l.p.LoggerChunkProgressListener.m_5511_(44)[m: Preparing spawn area: 0%
2025-03-09 02:24:27,668 [32mINFO [m [m[Worker-Main-5][m [mn.m.s.l.p.LoggerChunkProgressListener.m_5511_(44)[m: Preparing spawn area: 0%
2025-03-09 02:24:27,811 [32mINFO [m [m[Worker-Main-6][m [mn.m.s.l.p.LoggerChunkProgressListener.m_5511_(44)[m: Preparing spawn area: 0%
2025-03-09 02:24:28,313 [32mINFO [m [m[Worker-Main-5][m [mn.m.s.l.p.LoggerChunkProgressListener.m_5511_(44)[m: Preparing spawn area: 0%
2025-03-09 02:24:30,847 [32mINFO [m [m[Worker-Main-5][m [mn.m.s.l.p.LoggerChunkProgressListener.m_5511_(44)[m: Preparing spawn area: 0%
2025-03-09 02:24:30,850 [32mINFO [m [m[Worker-Main-6][m [mn.m.s.l.p.LoggerChunkProgressListener.m_5511_(44)[m: Preparing spawn area: 0%
2025-03-09 02:24:30,865 [32mINFO [m [m[Worker-Main-5][m [mn.m.s.l.p.LoggerChunkProgressListener.m_5511_(44)[m: Preparing spawn area: 0%
2025-03-09 02:24:30,868 [32mINFO [m [m[Worker-Main-5][m [mn.m.s.l.p.LoggerChunkProgressListener.m_5511_(44)[m: Preparing spawn area: 0%
2025-03-09 02:24:30,870 [32mINFO [m [m[Worker-Main-5][m [mn.m.s.l.p.LoggerChunkProgressListener.m_5511_(44)[m: Preparing spawn area: 0%
2025-03-09 02:24:31,311 [32mINFO [m [m[Worker-Main-6][m [mn.m.s.l.p.LoggerChunkProgressListener.m_5511_(44)[m: Preparing spawn area: 0%
2025-03-09 02:24:31,812 [32mINFO [m [m[Worker-Main-5][m [mn.m.s.l.p.LoggerChunkProgressListener.m_5511_(44)[m: Preparing spawn area: 0%
2025-03-09 02:24:32,315 [32mINFO [m [m[Worker-Main-6][m [mn.m.s.l.p.LoggerChunkProgressListener.m_5511_(44)[m: Preparing spawn area: 0%
2025-03-09 02:24:32,811 [32mINFO [m [m[Worker-Main-4][m [mn.m.s.l.p.LoggerChunkProgressListener.m_5511_(44)[m: Preparing spawn area: 2%
2025-03-09 02:24:33,312 [32mINFO [m [m[Worker-Main-6][m [mn.m.s.l.p.LoggerChunkProgressListener.m_5511_(44)[m: Preparing spawn area: 2%
2025-03-09 02:24:34,532 [32mINFO [m [m[Worker-Main-6][m [mn.m.s.l.p.LoggerChunkProgressListener.m_5511_(44)[m: Preparing spawn area: 4%
2025-03-09 02:24:34,539 [32mINFO [m [m[Worker-Main-5][m [mn.m.s.l.p.LoggerChunkProgressListener.m_5511_(44)[m: Preparing spawn area: 4%
2025-03-09 02:24:34,811 [32mINFO [m [m[Worker-Main-4][m [mn.m.s.l.p.LoggerChunkProgressListener.m_5511_(44)[m: Preparing spawn area: 4%
2025-03-09 02:24:35,322 [32mINFO [m [m[Worker-Main-5][m [mn.m.s.l.p.LoggerChunkProgressListener.m_5511_(44)[m: Preparing spawn area: 4%
2025-03-09 02:24:35,811 [32mINFO [m [m[Worker-Main-6][m [mn.m.s.l.p.LoggerChunkProgressListener.m_5511_(44)[m: Preparing spawn area: 6%
2025-03-09 02:24:36,312 [32mINFO [m [m[Worker-Main-4][m [mn.m.s.l.p.LoggerChunkProgressListener.m_5511_(44)[m: Preparing spawn area: 19%
2025-03-09 02:24:36,816 [32mINFO [m [m[Worker-Main-4][m [mn.m.s.l.p.LoggerChunkProgressListener.m_5511_(44)[m: Preparing spawn area: 29%
2025-03-09 02:24:37,311 [32mINFO [m [m[Worker-Main-5][m [mn.m.s.l.p.LoggerChunkProgressListener.m_5511_(44)[m: Preparing spawn area: 41%
2025-03-09 02:24:37,987 [32mINFO [m [m[Worker-Main-4][m [mn.m.s.l.p.LoggerChunkProgressListener.m_5511_(44)[m: Preparing spawn area: 65%
2025-03-09 02:24:38,477 [33mWARN [m [m[Server thread][m [mn.m.n.s.SynchedEntityData.m_135353_(46)[m: defineId called for: class forge.net.mca.entity.ZombieVillagerEntityMCA from class forge.net.mca.util.network.datasync.CDataParameter
2025-03-09 02:24:38,478 [33mWARN [m [m[Server thread][m [mn.m.n.s.SynchedEntityData.m_135353_(46)[m: defineId called for: class forge.net.mca.entity.ZombieVillagerEntityMCA from class forge.net.mca.util.network.datasync.CDataParameter
2025-03-09 02:24:38,478 [33mWARN [m [m[Server thread][m [mn.m.n.s.SynchedEntityData.m_135353_(46)[m: defineId called for: class forge.net.mca.entity.ZombieVillagerEntityMCA from class forge.net.mca.util.network.datasync.CDataParameter
2025-03-09 02:24:38,478 [33mWARN [m [m[Server thread][m [mn.m.n.s.SynchedEntityData.m_135353_(46)[m: defineId called for: class forge.net.mca.entity.ZombieVillagerEntityMCA from class forge.net.mca.util.network.datasync.CDataParameter
2025-03-09 02:24:38,478 [33mWARN [m [m[Server thread][m [mn.m.n.s.SynchedEntityData.m_135353_(46)[m: defineId called for: class forge.net.mca.entity.ZombieVillagerEntityMCA from class forge.net.mca.util.network.datasync.CDataParameter
2025-03-09 02:24:38,479 [33mWARN [m [m[Server thread][m [mn.m.n.s.SynchedEntityData.m_135353_(46)[m: defineId called for: class forge.net.mca.entity.ZombieVillagerEntityMCA from class forge.net.mca.util.network.datasync.CDataParameter
2025-03-09 02:24:38,479 [33mWARN [m [m[Server thread][m [mn.m.n.s.SynchedEntityData.m_135353_(46)[m: defineId called for: class forge.net.mca.entity.ZombieVillagerEntityMCA from class forge.net.mca.util.network.datasync.CDataParameter
2025-03-09 02:24:38,479 [33mWARN [m [m[Server thread][m [mn.m.n.s.SynchedEntityData.m_135353_(46)[m: defineId called for: class forge.net.mca.entity.ZombieVillagerEntityMCA from class forge.net.mca.util.network.datasync.CEnumParameter
2025-03-09 02:24:38,479 [33mWARN [m [m[Server thread][m [mn.m.n.s.SynchedEntityData.m_135353_(46)[m: defineId called for: class forge.net.mca.entity.ZombieVillagerEntityMCA from class forge.net.mca.util.network.datasync.CDataParameter
2025-03-09 02:24:38,480 [33mWARN [m [m[Server thread][m [mn.m.n.s.SynchedEntityData.m_135353_(46)[m: defineId called for: class forge.net.mca.entity.ZombieVillagerEntityMCA from class forge.net.mca.util.network.datasync.CDataParameter
2025-03-09 02:24:38,480 [33mWARN [m [m[Server thread][m [mn.m.n.s.SynchedEntityData.m_135353_(46)[m: defineId called for: class forge.net.mca.entity.ZombieVillagerEntityMCA from class forge.net.mca.util.network.datasync.CDataParameter
2025-03-09 02:24:38,480 [33mWARN [m [m[Server thread][m [mn.m.n.s.SynchedEntityData.m_135353_(46)[m: defineId called for: class forge.net.mca.entity.ZombieVillagerEntityMCA from class forge.net.mca.util.network.datasync.CDataParameter
2025-03-09 02:24:38,481 [33mWARN [m [m[Server thread][m [mn.m.n.s.SynchedEntityData.m_135353_(46)[m: defineId called for: class forge.net.mca.entity.ZombieVillagerEntityMCA from class forge.net.mca.util.network.datasync.CDataParameter
2025-03-09 02:24:38,481 [33mWARN [m [m[Server thread][m [mn.m.n.s.SynchedEntityData.m_135353_(46)[m: defineId called for: class forge.net.mca.entity.ZombieVillagerEntityMCA from class forge.net.mca.util.network.datasync.CDataParameter
2025-03-09 02:24:38,481 [33mWARN [m [m[Server thread][m [mn.m.n.s.SynchedEntityData.m_135353_(46)[m: defineId called for: class forge.net.mca.entity.ZombieVillagerEntityMCA from class forge.net.mca.util.network.datasync.CDataParameter
2025-03-09 02:24:38,481 [33mWARN [m [m[Server thread][m [mn.m.n.s.SynchedEntityData.m_135353_(46)[m: defineId called for: class forge.net.mca.entity.ZombieVillagerEntityMCA from class forge.net.mca.util.network.datasync.CDataParameter
2025-03-09 02:24:38,482 [33mWARN [m [m[Server thread][m [mn.m.n.s.SynchedEntityData.m_135353_(46)[m: defineId called for: class forge.net.mca.entity.ZombieVillagerEntityMCA from class forge.net.mca.util.network.datasync.CDataParameter
2025-03-09 02:24:38,482 [33mWARN [m [m[Server thread][m [mn.m.n.s.SynchedEntityData.m_135353_(46)[m: defineId called for: class forge.net.mca.entity.ZombieVillagerEntityMCA from class forge.net.mca.util.network.datasync.CDataParameter
2025-03-09 02:24:38,482 [33mWARN [m [m[Server thread][m [mn.m.n.s.SynchedEntityData.m_135353_(46)[m: defineId called for: class forge.net.mca.entity.ZombieVillagerEntityMCA from class forge.net.mca.util.network.datasync.CDataParameter
2025-03-09 02:24:38,482 [33mWARN [m [m[Server thread][m [mn.m.n.s.SynchedEntityData.m_135353_(46)[m: defineId called for: class forge.net.mca.entity.ZombieVillagerEntityMCA from class forge.net.mca.util.network.datasync.CEnumParameter
2025-03-09 02:24:38,483 [33mWARN [m [m[Server thread][m [mn.m.n.s.SynchedEntityData.m_135353_(46)[m: defineId called for: class forge.net.mca.entity.ZombieVillagerEntityMCA from class forge.net.mca.util.network.datasync.CDataParameter
2025-03-09 02:24:38,483 [33mWARN [m [m[Server thread][m [mn.m.n.s.SynchedEntityData.m_135353_(46)[m: defineId called for: class forge.net.mca.entity.ZombieVillagerEntityMCA from class forge.net.mca.util.network.datasync.CDataParameter
2025-03-09 02:24:38,483 [33mWARN [m [m[Server thread][m [mn.m.n.s.SynchedEntityData.m_135353_(46)[m: defineId called for: class forge.net.mca.entity.ZombieVillagerEntityMCA from class forge.net.mca.util.network.datasync.CEnumParameter
2025-03-09 02:24:38,483 [33mWARN [m [m[Server thread][m [mn.m.n.s.SynchedEntityData.m_135353_(46)[m: defineId called for: class forge.net.mca.entity.ZombieVillagerEntityMCA from class forge.net.mca.util.network.datasync.CDataParameter
2025-03-09 02:24:38,483 [33mWARN [m [m[Server thread][m [mn.m.n.s.SynchedEntityData.m_135353_(46)[m: defineId called for: class forge.net.mca.entity.ZombieVillagerEntityMCA from class forge.net.mca.util.network.datasync.CEnumParameter
2025-03-09 02:24:38,484 [33mWARN [m [m[Server thread][m [mn.m.n.s.SynchedEntityData.m_135353_(46)[m: defineId called for: class forge.net.mca.entity.ZombieVillagerEntityMCA from class forge.net.mca.util.network.datasync.CEnumParameter
2025-03-09 02:24:38,484 [33mWARN [m [m[Server thread][m [mn.m.n.s.SynchedEntityData.m_135353_(46)[m: defineId called for: class forge.net.mca.entity.ZombieVillagerEntityMCA from class forge.net.mca.util.network.datasync.CDataParameter
2025-03-09 02:24:38,484 [33mWARN [m [m[Server thread][m [mn.m.n.s.SynchedEntityData.m_135353_(46)[m: defineId called for: class forge.net.mca.entity.ZombieVillagerEntityMCA from class forge.net.mca.util.network.datasync.CDataParameter
2025-03-09 02:24:38,484 [33mWARN [m [m[Server thread][m [mn.m.n.s.SynchedEntityData.m_135353_(46)[m: defineId called for: class forge.net.mca.entity.ZombieVillagerEntityMCA from class forge.net.mca.util.network.datasync.CDataParameter
2025-03-09 02:24:38,485 [33mWARN [m [m[Server thread][m [mn.m.n.s.SynchedEntityData.m_135353_(46)[m: defineId called for: class forge.net.mca.entity.ZombieVillagerEntityMCA from class forge.net.mca.util.network.datasync.CDataParameter
2025-03-09 02:24:38,485 [33mWARN [m [m[Server thread][m [mn.m.n.s.SynchedEntityData.m_135353_(46)[m: defineId called for: class forge.net.mca.entity.ZombieVillagerEntityMCA from class forge.net.mca.util.network.datasync.CDataParameter
2025-03-09 02:24:38,485 [33mWARN [m [m[Server thread][m [mn.m.n.s.SynchedEntityData.m_135353_(46)[m: defineId called for: class forge.net.mca.entity.ZombieVillagerEntityMCA from class forge.net.mca.util.network.datasync.CDataParameter
2025-03-09 02:24:38,485 [33mWARN [m [m[Server thread][m [mn.m.n.s.SynchedEntityData.m_135353_(46)[m: defineId called for: class forge.net.mca.entity.ZombieVillagerEntityMCA from class forge.net.mca.util.network.datasync.CDataParameter
2025-03-09 02:24:38,486 [33mWARN [m [m[Server thread][m [mn.m.n.s.SynchedEntityData.m_135353_(46)[m: defineId called for: class forge.net.mca.entity.ZombieVillagerEntityMCA from class forge.net.mca.util.network.datasync.CDataParameter
2025-03-09 02:24:38,486 [33mWARN [m [m[Server thread][m [mn.m.n.s.SynchedEntityData.m_135353_(46)[m: defineId called for: class forge.net.mca.entity.ZombieVillagerEntityMCA from class forge.net.mca.util.network.datasync.CDataParameter
2025-03-09 02:24:38,486 [33mWARN [m [m[Server thread][m [mn.m.n.s.SynchedEntityData.m_135353_(46)[m: defineId called for: class forge.net.mca.entity.ZombieVillagerEntityMCA from class forge.net.mca.util.network.datasync.CDataParameter
2025-03-09 02:24:38,487 [33mWARN [m [m[Server thread][m [mn.m.n.s.SynchedEntityData.m_135353_(46)[m: defineId called for: class forge.net.mca.entity.ZombieVillagerEntityMCA from class forge.net.mca.util.network.datasync.CDataParameter
2025-03-09 02:24:38,669 [32mINFO [m [m[Server thread][m [mn.m.s.l.p.LoggerChunkProgressListener.m_7646_(55)[m: Time elapsed: 13859 ms
2025-03-09 02:24:38,753 [32mINFO [m [m[Server thread][m [ma.i.c.InfernalMobsCore.<init>(32)[m: item config parser finished, item count: 14
2025-03-09 02:24:38,761 [32mINFO [m [m[Server thread][m [ma.i.c.InfernalMobsCore.<init>(32)[m: item config parser finished, item count: 17
2025-03-09 02:24:38,768 [32mINFO [m [m[Server thread][m [ma.i.c.InfernalMobsCore.<init>(32)[m: item config parser finished, item count: 16
2025-03-09 02:24:38,772 [32mINFO [m [m[Server thread][m [ma.i.c.InfernalMobsCore.initIfNeeded(163)[m: InfernalMobsCore commonSetup completed! Modifiers ready: 27
2025-03-09 02:24:38,773 [32mINFO [m [m[Server thread][m [ma.i.c.InfernalMobsCore.initIfNeeded(164)[m: InfernalMobsCore commonSetup completed! config file at: /workspaces/plomeros-codespace-2/minecraft-servers/server-v2/./config/infernalmobs.cfg
2025-03-09 02:24:38,815 [32mINFO [m [m[Server thread][m [mn.m.s.MinecraftServer.m_129940_(601)[m: Preparing start region for dimension minecraft:the_nether
2025-03-09 02:24:39,073 [32mINFO [m [m[Worker-Main-6][m [mn.m.s.l.p.LoggerChunkProgressListener.m_5511_(44)[m: Preparing spawn area: 0%
2025-03-09 02:24:39,317 [32mINFO [m [m[Worker-Main-4][m [mn.m.s.l.p.LoggerChunkProgressListener.m_5511_(44)[m: Preparing spawn area: 0%
2025-03-09 02:24:39,816 [32mINFO [m [m[Worker-Main-6][m [mn.m.s.l.p.LoggerChunkProgressListener.m_5511_(44)[m: Preparing spawn area: 0%
2025-03-09 02:24:40,317 [32mINFO [m [m[Worker-Main-4][m [mn.m.s.l.p.LoggerChunkProgressListener.m_5511_(44)[m: Preparing spawn area: 0%
2025-03-09 02:24:40,942 [32mINFO [m [m[Worker-Main-5][m [mn.m.s.l.p.LoggerChunkProgressListener.m_5511_(44)[m: Preparing spawn area: 0%
2025-03-09 02:24:41,785 [32mINFO [m [m[Worker-Main-5][m [mn.m.s.l.p.LoggerChunkProgressListener.m_5511_(44)[m: Preparing spawn area: 0%
2025-03-09 02:24:41,833 [32mINFO [m [m[Worker-Main-6][m [mn.m.s.l.p.LoggerChunkProgressListener.m_5511_(44)[m: Preparing spawn area: 1%
2025-03-09 02:24:42,316 [32mINFO [m [m[Worker-Main-6][m [mn.m.s.l.p.LoggerChunkProgressListener.m_5511_(44)[m: Preparing spawn area: 33%
2025-03-09 02:24:42,667 [32mINFO [m [m[Server thread][m [mn.m.s.l.p.LoggerChunkProgressListener.m_7646_(55)[m: Time elapsed: 3852 ms
2025-03-09 02:24:42,681 [32mINFO [m [m[Server thread][m [mn.m.s.MinecraftServer.m_129940_(601)[m: Preparing start region for dimension re8joymod:re8_dimension
2025-03-09 02:24:43,012 [32mINFO [m [m[Worker-Main-4][m [mn.m.s.l.p.LoggerChunkProgressListener.m_5511_(44)[m: Preparing spawn area: 0%
2025-03-09 02:24:43,183 [32mINFO [m [m[Worker-Main-6][m [mn.m.s.l.p.LoggerChunkProgressListener.m_5511_(44)[m: Preparing spawn area: 0%
2025-03-09 02:24:43,683 [32mINFO [m [m[Worker-Main-4][m [mn.m.s.l.p.LoggerChunkProgressListener.m_5511_(44)[m: Preparing spawn area: 0%
2025-03-09 02:24:44,183 [32mINFO [m [m[Worker-Main-6][m [mn.m.s.l.p.LoggerChunkProgressListener.m_5511_(44)[m: Preparing spawn area: 4%
2025-03-09 02:24:44,683 [32mINFO [m [m[Worker-Main-4][m [mn.m.s.l.p.LoggerChunkProgressListener.m_5511_(44)[m: Preparing spawn area: 23%
2025-03-09 02:24:45,253 [32mINFO [m [m[Worker-Main-5][m [mn.m.s.l.p.LoggerChunkProgressListener.m_5511_(44)[m: Preparing spawn area: 29%
2025-03-09 02:24:45,941 [32mINFO [m [m[Worker-Main-5][m [mn.m.s.l.p.LoggerChunkProgressListener.m_5511_(44)[m: Preparing spawn area: 50%
2025-03-09 02:24:46,062 [32mINFO [m [m[Server thread][m [mn.m.s.l.p.LoggerChunkProgressListener.m_7646_(55)[m: Time elapsed: 3380 ms
2025-03-09 02:24:46,074 [32mINFO [m [m[Server thread][m [mn.m.s.MinecraftServer.m_129940_(601)[m: Preparing start region for dimension minecraft:the_end
2025-03-09 02:24:46,269 [32mINFO [m [m[Worker-Main-6][m [mn.m.s.l.p.LoggerChunkProgressListener.m_5511_(44)[m: Preparing spawn area: 0%
2025-03-09 02:24:46,575 [32mINFO [m [m[Worker-Main-5][m [mn.m.s.l.p.LoggerChunkProgressListener.m_5511_(44)[m: Preparing spawn area: 0%
2025-03-09 02:24:47,075 [32mINFO [m [m[Worker-Main-6][m [mn.m.s.l.p.LoggerChunkProgressListener.m_5511_(44)[m: Preparing spawn area: 70%
2025-03-09 02:24:47,212 [32mINFO [m [m[Server thread][m [mn.m.s.l.p.LoggerChunkProgressListener.m_7646_(55)[m: Time elapsed: 1137 ms
2025-03-09 02:24:47,214 [32mINFO [m [m[Server thread][m [mn.m.s.MinecraftServer.m_129940_(601)[m: Preparing start region for dimension alternacraft:alternadim
2025-03-09 02:24:47,631 [32mINFO [m [m[Worker-Main-4][m [mn.m.s.l.p.LoggerChunkProgressListener.m_5511_(44)[m: Preparing spawn area: 0%
2025-03-09 02:24:47,715 [32mINFO [m [m[Worker-Main-6][m [mn.m.s.l.p.LoggerChunkProgressListener.m_5511_(44)[m: Preparing spawn area: 0%
2025-03-09 02:24:48,345 [32mINFO [m [m[Worker-Main-5][m [mn.m.s.l.p.LoggerChunkProgressListener.m_5511_(44)[m: Preparing spawn area: 0%
2025-03-09 02:24:49,219 [32mINFO [m [m[Worker-Main-5][m [mn.m.s.l.p.LoggerChunkProgressListener.m_5511_(44)[m: Preparing spawn area: 4%
2025-03-09 02:24:49,220 [32mINFO [m [m[Worker-Main-5][m [mn.m.s.l.p.LoggerChunkProgressListener.m_5511_(44)[m: Preparing spawn area: 4%
2025-03-09 02:24:49,715 [32mINFO [m [m[Worker-Main-6][m [mn.m.s.l.p.LoggerChunkProgressListener.m_5511_(44)[m: Preparing spawn area: 15%
2025-03-09 02:24:50,215 [32mINFO [m [m[Worker-Main-4][m [mn.m.s.l.p.LoggerChunkProgressListener.m_5511_(44)[m: Preparing spawn area: 68%
2025-03-09 02:24:50,495 [32mINFO [m [m[Server thread][m [mn.m.s.l.p.LoggerChunkProgressListener.m_7646_(55)[m: Time elapsed: 3281 ms
2025-03-09 02:24:50,533 [32mINFO [m [m[Server thread][m [mm.c.p.PlaceholderAPIPlugin.publish(36)[m: [PlaceholderAPI] Enabling PlaceholderAPI v2.11.6
2025-03-09 02:24:51,040 [32mINFO [m [m[Server thread][m [mm.c.p.PlaceholderAPIPlugin.publish(36)[m: [PlaceholderAPI] Fetching available expansion information...
2025-03-09 02:24:51,050 [32mINFO [m [m[Server thread][m [mc.d.c.CraftEnhance.publish(36)[m: [CraftEnhance] Enabling CraftEnhance v2.5.9
2025-03-09 02:24:51,068 [32mINFO [m [m[Server thread][m [mc.d.c.CraftEnhance.publish(36)[m: [CraftEnhance] Now starting MenuApi. Any errors will be shown below.
2025-03-09 02:24:51,103 [32mINFO [m [m[Server thread][m [mNBTAPI.publish(36)[m: [NBTAPI] NMS support 'MC1_18_R2' loaded!
2025-03-09 02:24:51,103 [32mINFO [m [m[Server thread][m [mNBTAPI.publish(36)[m: [NBTAPI] Found Gson: class com.google.gson.Gson
2025-03-09 02:24:51,118 [32mINFO [m [m[Server thread][m [mNBTAPI.publish(36)[m: [NBTAPI] Using the plugin 'LuckPerms' to create a bStats instance!
2025-03-09 02:24:51,269 [33mWARN [m [m[Thread-20][m [mNBTAPI.publish(34)[m: [NBTAPI] The NBT-API located at 'package craftenhance.libs.menulib.dependencies.nbt.nbtapi' seems to be outdated!
2025-03-09 02:24:51,272 [33mWARN [m [m[Thread-20][m [mNBTAPI.publish(34)[m: [NBTAPI] Current Version: '2.11.2' Newest Version: 2.14.1'
2025-03-09 02:24:51,272 [33mWARN [m [m[Thread-20][m [mNBTAPI.publish(34)[m: [NBTAPI] Please update the NBTAPI or the plugin that contains the api(nag the mod author when the newest release has an old version, not the NBTAPI dev)!
2025-03-09 02:24:51,564 [32mINFO [m [m[Server thread][m [mColouredConsoleSender.sendMessage(55)[m: §7[§bCraft§dEnhance§7] §rCraftEnhance is managed and developed by DutchJelly.
2025-03-09 02:24:51,564 [32mINFO [m [m[Server thread][m [mColouredConsoleSender.sendMessage(55)[m: §7[§bCraft§dEnhance§7] §rIf you find a bug in the plugin, please report it to https://github.com/DutchJelly/CraftEnhance/issues.
2025-03-09 02:24:51,564 [32mINFO [m [m[Server thread][m [mColouredConsoleSender.sendMessage(55)[m: §7[§bCraft§dEnhance§7] §rRunning a version check to check that the server is compatible with game version 1.9, 1.10, 1.11, 1.12, 1.13, 1.14, 1.15, 1.16, 1.17, 1.18, 1.19, 1.20.
2025-03-09 02:24:51,564 [32mINFO [m [m[Server thread][m [mColouredConsoleSender.sendMessage(55)[m: §7[§bCraft§dEnhance§7] §rThe correct version is installed.
2025-03-09 02:24:51,580 [32mINFO [m [m[Server thread][m [mn.Z.C.CMILib.publish(36)[m: [CMILib] Enabling CMILib v1.5.3.4
2025-03-09 02:24:52,570 [32mINFO [m [m[Server thread][m [mColouredConsoleSender.sendMessage(55)[m: §3Server version: v1_18_R2 - 1.18.2 - spigot  1.18.2-190 (MC: 1.18.2)
2025-03-09 02:24:53,785 [32mINFO [m [m[Server thread][m [mColouredConsoleSender.sendMessage(55)[m: CMI hooked.
2025-03-09 02:24:53,846 [32mINFO [m [m[Server thread][m [mm.c.p.PlaceholderAPIPlugin.publish(36)[m: [PlaceholderAPI] Successfully registered internal expansion: cmil [1.5.3.4]
2025-03-09 02:24:53,847 [32mINFO [m [m[Server thread][m [mColouredConsoleSender.sendMessage(55)[m: PlaceholderAPI hooked.
2025-03-09 02:24:54,055 [32mINFO [m [m[Server thread][m [mColouredConsoleSender.sendMessage(55)[m: Updated (EN) language file. Took §6128ms
2025-03-09 02:24:54,056 [32mINFO [m [m[Server thread][m [mc.Z.C.CMI.publish(36)[m: [CMI] Enabling CMI v9.7.10.0
2025-03-09 02:24:54,655 [32mINFO [m [m[Server thread][m [mColouredConsoleSender.sendMessage(55)[m: _______________________________________________________
2025-03-09 02:24:54,655 [32mINFO [m [m[Server thread][m [mColouredConsoleSender.sendMessage(55)[m:    ______  ____    ____  _____  
2025-03-09 02:24:54,656 [32mINFO [m [m[Server thread][m [mColouredConsoleSender.sendMessage(55)[m:  .' ___  ||_   \  /   _||_   _| 
2025-03-09 02:24:54,656 [32mINFO [m [m[Server thread][m [mColouredConsoleSender.sendMessage(55)[m: / .'   \_|  |   \/   |    | |   
2025-03-09 02:24:54,656 [32mINFO [m [m[Server thread][m [mColouredConsoleSender.sendMessage(55)[m: | |         | |\  /| |    | |   
2025-03-09 02:24:54,656 [32mINFO [m [m[Server thread][m [mColouredConsoleSender.sendMessage(55)[m: \ `.___.'\ _| |_\/_| |_  _| |_  
2025-03-09 02:24:54,657 [32mINFO [m [m[Server thread][m [mColouredConsoleSender.sendMessage(55)[m:  `.____ .'|_____||_____||_____| 
2025-03-09 02:24:54,658 [32mINFO [m [m[Server thread][m [mColouredConsoleSender.sendMessage(55)[m: _______________________________________________________
2025-03-09 02:24:55,376 [32mINFO [m [m[Server thread][m [mColouredConsoleSender.sendMessage(55)[m: §3§3Loaded (§f67§3) §7§f67 §2Enabled §3and §f0 §eDisabled §3modules §3into memory. §6Took §e539§6ms
2025-03-09 02:24:55,591 [32mINFO [m [m[Server thread][m [mColouredConsoleSender.sendMessage(55)[m: §3Initialized Cipher256 AES
2025-03-09 02:24:56,735 [32mINFO [m [m[Server thread][m [mColouredConsoleSender.sendMessage(55)[m: §3§3Loaded (§f61§3) §7regular alias §3into memory. §6Took §e56§6ms
2025-03-09 02:24:56,758 [32mINFO [m [m[Server thread][m [mColouredConsoleSender.sendMessage(55)[m: §3§3Loaded (§f1§3) §7custom text's §3into memory. §6Took §e10§6ms
2025-03-09 02:24:56,852 [32mINFO [m [m[Server thread][m [mColouredConsoleSender.sendMessage(55)[m: §3§e(RandomTeleportation) Can't find world with (alternate4) name
2025-03-09 02:24:56,853 [32mINFO [m [m[Server thread][m [mColouredConsoleSender.sendMessage(55)[m: §3§e(RandomTeleportation) Can't find world with (alternate1) name
2025-03-09 02:24:56,853 [32mINFO [m [m[Server thread][m [mColouredConsoleSender.sendMessage(55)[m: §3§e(RandomTeleportation) Can't find world with (alternate5) name
2025-03-09 02:24:56,854 [32mINFO [m [m[Server thread][m [mColouredConsoleSender.sendMessage(55)[m: §3§e(RandomTeleportation) Can't find world with (alternate2) name
2025-03-09 02:24:56,854 [32mINFO [m [m[Server thread][m [mColouredConsoleSender.sendMessage(55)[m: §3§e(RandomTeleportation) Can't find world with (alternate3) name
2025-03-09 02:24:57,026 [32mINFO [m [m[Server thread][m [mColouredConsoleSender.sendMessage(55)[m: §33.36.0 data base type detected
2025-03-09 02:24:57,162 [32mINFO [m [m[Server thread][m [mColouredConsoleSender.sendMessage(55)[m: §3§3Loaded (§f-§3) §7SqLite §3into memory. §6Took §e293§6ms
2025-03-09 02:24:57,180 [32mINFO [m [m[Server thread][m [mColouredConsoleSender.sendMessage(55)[m: §3§6Vault was not found, you will have limited economy support
2025-03-09 02:24:57,622 [32mINFO [m [m[Server thread][m [mColouredConsoleSender.sendMessage(55)[m: §3Can't determine point command default particle, defaultin to DUST
2025-03-09 02:24:57,626 [32mINFO [m [m[Server thread][m [mColouredConsoleSender.sendMessage(55)[m: §3§3Loaded (§f5§3) §7warning categories §3into memory. §6Took §e0§6ms
2025-03-09 02:24:57,627 [32mINFO [m [m[Server thread][m [mColouredConsoleSender.sendMessage(55)[m: §3§3Loaded (§f3§3) §7warning commands §3into memory. §6Took §e0§6ms
2025-03-09 02:24:57,736 [32mINFO [m [m[Server thread][m [mColouredConsoleSender.sendMessage(55)[m: §3§3Loaded (§f0§3) §7cooldowns §3into memory. §6Took §e0§6ms
2025-03-09 02:24:57,786 [32mINFO [m [m[Server thread][m [mColouredConsoleSender.sendMessage(55)[m: §3§3Loaded (§f138§3) §7custom mob heads §3into memory. §6Took §e30§6ms
2025-03-09 02:24:58,175 [32mINFO [m [m[Server thread][m [mColouredConsoleSender.sendMessage(55)[m: §3§3Loaded (§f5§3) §7kits §3into memory. §6Took §e14§6ms
2025-03-09 02:24:58,192 [32mINFO [m [m[Server thread][m [mColouredConsoleSender.sendMessage(55)[m: §3§3Loaded (§f7§3) §7ranks §3into memory. §6Took §e16§6ms
2025-03-09 02:24:58,198 [32mINFO [m [m[Server thread][m [mColouredConsoleSender.sendMessage(55)[m: §3§3Loaded (§f8§3) §7playtime rewards §3into memory. §6Took §e3§6ms
2025-03-09 02:24:58,240 [32mINFO [m [m[Server thread][m [mColouredConsoleSender.sendMessage(55)[m: §3§3Executed Player DB querry in §e5§6ms
2025-03-09 02:24:58,250 [32mINFO [m [m[Server thread][m [mColouredConsoleSender.sendMessage(55)[m: §3§3Loaded (§f4§3) §7player data §3into memory. §6Took §e15§6ms
2025-03-09 02:24:58,250 [32mINFO [m [m[Server thread][m [mColouredConsoleSender.sendMessage(55)[m: §3§3Loaded (§f0§3) §7playtime records §3into memory. §6Took §e0§6ms
2025-03-09 02:24:58,251 [32mINFO [m [m[Server thread][m [mColouredConsoleSender.sendMessage(55)[m: §3§3Loaded (§f0§3) §7playtime reward records §3into memory. §6Took §e0§6ms
2025-03-09 02:24:58,254 [32mINFO [m [m[Server thread][m [mColouredConsoleSender.sendMessage(55)[m: §3§3Loaded (§f0§3) §7custom alias §3into memory. §6Took §e1§6ms
2025-03-09 02:24:58,521 [32mINFO [m [m[Server thread][m [mColouredConsoleSender.sendMessage(55)[m: §3§3Loaded (§f-§3) §7Registered events §3into memory. §6Took §e226§6ms
2025-03-09 02:24:58,558 [32mINFO [m [m[Server thread][m [mColouredConsoleSender.sendMessage(55)[m: §3§3Loaded (§f0§3) §7event action commands §3into memory. §6Took §e8§6ms
2025-03-09 02:24:58,721 [32mINFO [m [m[Server thread][m [mColouredConsoleSender.sendMessage(55)[m: §3§3Loaded (§fEN§3) §7language file §3into memory. §6Took §e162§6ms
2025-03-09 02:24:58,977 [32mINFO [m [m[Server thread][m [mColouredConsoleSender.sendMessage(55)[m: §3§3Loaded (§fES§3) §7language file §3into memory. §6Took §e255§6ms
2025-03-09 02:24:59,009 [33mWARN [m [m[Server thread][m [mn.Z.C.CMILib.publish(34)[m: [CMILib] Loaded class com.Zrips.CMI.Containers.Snd from CMI v9.7.10.0 which is not a depend or softdepend of this plugin.
2025-03-09 02:24:59,012 [32mINFO [m [m[Server thread][m [mColouredConsoleSender.sendMessage(55)[m: §3§3Loaded (§f245§3) §7worth values §3into memory. §6Took §e35§6ms
2025-03-09 02:24:59,014 [32mINFO [m [m[Server thread][m [mColouredConsoleSender.sendMessage(55)[m: §3§fPlaceholderAPI§3 found. (Loaded: true)
2025-03-09 02:24:59,037 [32mINFO [m [m[Server thread][m [mColouredConsoleSender.sendMessage(55)[m: §3§3Loaded (§f4§3) §7schedules §3into memory. §6Took §e9§6ms
2025-03-09 02:24:59,058 [32mINFO [m [m[Server thread][m [mColouredConsoleSender.sendMessage(55)[m: §3§3Loaded (§f12§3) §7skin cache entries §3into memory. §6Took §e1§6ms
2025-03-09 02:24:59,124 [32mINFO [m [m[Server thread][m [mColouredConsoleSender.sendMessage(55)[m: §3§3Loaded (§f0§3) §7ArmorStand templates §3into memory. §6Took §e1§6ms
2025-03-09 02:24:59,226 [32mINFO [m [m[Server thread][m [mColouredConsoleSender.sendMessage(55)[m: §3Version §79.7.10.0 §3has been enabled
2025-03-09 02:24:59,234 [32mINFO [m [m[Server thread][m [mColouredConsoleSender.sendMessage(55)[m: §7_______________________________________________________
2025-03-09 02:24:59,236 [32mINFO [m [m[Server thread][m [mc.o.M.MultiverseCore.publish(36)[m: [Multiverse-Core] Enabling Multiverse-Core v4.3.14
2025-03-09 02:24:59,263 [33mWARN [m [m[Server thread][m [mc.o.M.MultiverseCore.publish(34)[m: [Multiverse-Core] "Multiverse-Core v4.3.14" has registered a listener for org.bukkit.event.entity.EntityCreatePortalEvent on method "public void com.onarandombox.MultiverseCore.listeners.MVPortalListener.entityPortalCreate(org.bukkit.event.entity.EntityCreatePortalEvent)", but the event is Deprecated. "Server performance will be affected"; please notify the authors [dumptruckman, Rigby, fernferret, lithium3141, main--].
2025-03-09 02:24:59,264 [32mINFO [m [m[Server thread][m [mMinecraft.publish(36)[m: [Multiverse-Core] §aWe are aware of the warning about the deprecated event. There is no alternative that allows us to do what we need to do and performance impact is negligible. It is safe to ignore.
2025-03-09 02:24:59,467 [33mWARN [m [m[Server thread][m [mMinecraft.publish(34)[m: [Multiverse-Core] WorldManager: Can't load this world because the folder was deleted/moved: DIM1
2025-03-09 02:24:59,468 [33mWARN [m [m[Server thread][m [mMinecraft.publish(34)[m: [Multiverse-Core] Use '/mv remove' to remove it from the config!
2025-03-09 02:24:59,475 [33mWARN [m [m[Server thread][m [mMinecraft.publish(34)[m: [Multiverse-Core] WorldManager: Can't load this world because the folder was deleted/moved: DIM-1
2025-03-09 02:24:59,475 [33mWARN [m [m[Server thread][m [mMinecraft.publish(34)[m: [Multiverse-Core] Use '/mv remove' to remove it from the config!
2025-03-09 02:24:59,482 [32mINFO [m [m[Server thread][m [mMinecraft.publish(36)[m: [Multiverse-Core] 3 - World(s) loaded.
2025-03-09 02:24:59,513 [33mWARN [m [m[Server thread][m [mMinecraft.publish(34)[m: [Multiverse-Core] Buscript failed to load! The script command will be disabled! If you would like not to see this message, use `/mv conf enablebuscript false` to disable Buscript from loading.
2025-03-09 02:24:59,554 [32mINFO [m [m[Server thread][m [mMinecraft.publish(36)[m: [Multiverse-Core] Version 4.3.14 (API v24) Enabled - By dumptruckman, Rigby, fernferret, lithium3141 and main--
2025-03-09 02:24:59,557 [32mINFO [m [m[Server thread][m [mc.a.i.Images.publish(36)[m: [Images] Enabling Images v2.5.3
2025-03-09 02:24:59,641 [32mINFO [m [m[Server thread][m [mm.l.l.LevelledMobs.publish(36)[m: [LevelledMobs] Enabling LevelledMobs v3.12.1 b781
2025-03-09 02:24:59,695 [32mINFO [m [m[Server thread][m [mColouredConsoleSender.sendMessage(55)[m: §bLevelledMobs:§7 Using NMS version v1_18_R2 for nametag support
2025-03-09 02:24:59,815 [32mINFO [m [m[Server thread][m [mColouredConsoleSender.sendMessage(55)[m: §bLevelledMobs:§7 §fFile Loader: §7Loading files...
2025-03-09 02:24:59,820 [32mINFO [m [m[Server thread][m [mColouredConsoleSender.sendMessage(55)[m: §bLevelledMobs:§7 §fFile Loader: §7Loading file '§brules.yml§7'...
2025-03-09 02:24:59,881 [32mINFO [m [m[Server thread][m [mColouredConsoleSender.sendMessage(55)[m: §bLevelledMobs:§7 Current rules hash: 9498e716299bcd02f680700667c524b1538561b5416e6f5e20723caf0d4ee4a3
2025-03-09 02:24:59,885 [32mINFO [m [m[Server thread][m [mColouredConsoleSender.sendMessage(55)[m: §bLevelledMobs:§7 §fFile Loader: §7Loading file '§bsettings.yml§7'...
2025-03-09 02:24:59,888 [32mINFO [m [m[Server thread][m [mColouredConsoleSender.sendMessage(55)[m: §bLevelledMobs:§7 §fFile Loader: §7Loading file '§bmessages.yml§7'...
2025-03-09 02:24:59,933 [32mINFO [m [m[Server thread][m [mColouredConsoleSender.sendMessage(55)[m: §bLevelledMobs:§7 §fListeners: §7Registering event listeners...
2025-03-09 02:24:59,995 [32mINFO [m [m[Server thread][m [mm.c.p.PlaceholderAPIPlugin.publish(36)[m: [PlaceholderAPI] Successfully registered internal expansion: LevelledMobs [3.12.1 b781]
2025-03-09 02:24:59,996 [32mINFO [m [m[Server thread][m [mColouredConsoleSender.sendMessage(55)[m: §bLevelledMobs:§7 §fCommands: §7Registering commands...
2025-03-09 02:25:00,022 [32mINFO [m [m[Server thread][m [mColouredConsoleSender.sendMessage(55)[m: §bLevelledMobs:§7 Running misc procedures
2025-03-09 02:25:00,023 [32mINFO [m [m[Server thread][m [mColouredConsoleSender.sendMessage(55)[m: §bLevelledMobs:§7 §fTasks: §7Starting async nametag auto update task...
2025-03-09 02:25:00,027 [32mINFO [m [m[Server thread][m [mColouredConsoleSender.sendMessage(55)[m: §bLevelledMobs:§7 §fFile Loader: §7Loading file '§bcustomdrops.yml§7'...
2025-03-09 02:25:00,066 [32mINFO [m [m[Server thread][m [mColouredConsoleSender.sendMessage(55)[m: §bLevelledMobs:§7 Start-up complete (took 422ms)
2025-03-09 02:25:00,075 [32mINFO [m [m[Server thread][m [md.s.p.PlayerNPCPlugin.publish(36)[m: [PlayerNPC] Enabling PlayerNPC v2023.6
2025-03-09 02:25:00,082 [32mINFO [m [m[Server thread][m [mColouredConsoleSender.sendMessage(55)[m: §6§lPlayerNPC §8| §7Detected NMS version: §ev1_18_R2
2025-03-09 02:25:00,149 [32mINFO [m [m[Server thread][m [mColouredConsoleSender.sendMessage(55)[m: §6§lPlayerNPC §8| §7§7Looking for soft dependencies...
2025-03-09 02:25:00,161 [32mINFO [m [m[Server thread][m [mColouredConsoleSender.sendMessage(55)[m: §6§lPlayerNPC §8| §7§7Hooked into §aPlaceholderAPI §7v2.11.6.
2025-03-09 02:25:00,176 [32mINFO [m [m[Server thread][m [mm.c.p.PlaceholderAPIPlugin.publish(36)[m: [PlaceholderAPI] Successfully registered internal expansion: playernpc [2023.6]
2025-03-09 02:25:00,289 [32mINFO [m [m[Server thread][m [mColouredConsoleSender.sendMessage(55)[m: §6§lPlayerNPC §8| §7§7Registered §ePlayerNPC §7plugin into the NPCLib
2025-03-09 02:25:00,417 [32mINFO [m [m[Server thread][m [mColouredConsoleSender.sendMessage(55)[m: §6§lPlayerNPC §8| §7The plugin has been enabled successfully
2025-03-09 02:25:00,417 [32mINFO [m [m[Server thread][m [mColouredConsoleSender.sendMessage(55)[m: §6§lPlayerNPC §8| §7Plugin created by §6SergiFerry
2025-03-09 02:25:00,418 [32mINFO [m [m[Server thread][m [md.s.c.Corpses.publish(36)[m: [Corpses] Enabling Corpses v2023.5
2025-03-09 02:25:00,422 [32mINFO [m [m[Server thread][m [mColouredConsoleSender.sendMessage(55)[m: §b§lCorpses §8| §7Detected NMS version: §ev1_18_R2
2025-03-09 02:25:00,427 [32mINFO [m [m[Server thread][m [mColouredConsoleSender.sendMessage(55)[m: §6§lPlayerNPC §8| §7§7Registered §eCorpses §7plugin into the NPCLib
2025-03-09 02:25:00,454 [32mINFO [m [m[Server thread][m [mColouredConsoleSender.sendMessage(55)[m: §b§lCorpses §8| §7The plugin has been enabled successfully
2025-03-09 02:25:00,455 [32mINFO [m [m[Server thread][m [mColouredConsoleSender.sendMessage(55)[m: §b§lCorpses §8| §7Plugin created by §6SergiFerry
2025-03-09 02:25:00,456 [32mINFO [m [m[Server thread][m [mn.a.a.Core.publish(36)[m: [AdvancedEnchantments] Enabling AdvancedEnchantments v9.9.14
2025-03-09 02:25:00,779 [32mINFO [m [m[Server thread][m [mn.a.a.Core.publish(36)[m: [AdvancedEnchantments] Loading Minecraft Version MC1_18_R2
2025-03-09 02:25:01,581 [32mINFO [m [m[Server thread][m [mn.a.a.Core.publish(36)[m: [AdvancedEnchantments] Loaded 7 armor sets.
2025-03-09 02:25:01,604 [32mINFO [m [m[Server thread][m [mn.a.a.Core.publish(36)[m: [AdvancedEnchantments] Loaded 5 weapons.
2025-03-09 02:25:01,680 [33mWARN [m [m[Server thread][m [m.<clinit>(256)[m: Initializing Legacy Material Support. Unless you have legacy plugins and/or data this is a bug!
2025-03-09 02:25:04,559 [32mINFO [m [m[Server thread][m [mf.a.b.BanItem.publish(36)[m: [BanItem] Enabling BanItem v3.6
2025-03-09 02:25:04,580 [32mINFO [m [m[Server thread][m [mMinecraft.publish(36)[m: Server permissions file permissions.yml is empty, ignoring it
2025-03-09 02:25:04,643 [32mINFO [m [m[Server thread][m [mm.c.p.PlaceholderAPIPlugin.publish(36)[m: [PlaceholderAPI] Placeholder expansion registration initializing...
2025-03-09 02:25:04,648 [32mINFO [m [m[Server thread][m [mColouredConsoleSender.sendMessage(55)[m: §60 placeholder hook(s) registered!
2025-03-09 02:25:04,652 [32mINFO [m [m[Server thread][m [mp.b.BYG.lambda$readConfig$2(57)[m: "/workspaces/plomeros-codespace-2/minecraft-servers/server-v2/config/byg/surface_rules/end_surface_rules.json5" was read.
2025-03-09 02:25:04,656 [32mINFO [m [m[Server thread][m [mp.b.BYG.lambda$readConfig$2(57)[m: "/workspaces/plomeros-codespace-2/minecraft-servers/server-v2/config/byg/surface_rules/nether_surface_rules.json5" was read.
2025-03-09 02:25:04,662 [32mINFO [m [m[Server thread][m [mp.b.BYG.lambda$readConfig$2(57)[m: "/workspaces/plomeros-codespace-2/minecraft-servers/server-v2/config/byg/surface_rules/overworld_surface_rules.json5" was read.
2025-03-09 02:25:04,690 [32mINFO [m [m[Server thread][m [mp.b.BYG.appendSurfaceRule(57)[m: Loading dimension "minecraft:the_nether" with biome source: "byg:nether".
2025-03-09 02:25:04,691 [32mINFO [m [m[Server thread][m [mp.b.BYG.lambda$readConfig$2(57)[m: "/workspaces/plomeros-codespace-2/minecraft-servers/server-v2/config/byg/surface_rules/end_surface_rules.json5" was read.
2025-03-09 02:25:04,694 [32mINFO [m [m[Server thread][m [mp.b.BYG.lambda$readConfig$2(57)[m: "/workspaces/plomeros-codespace-2/minecraft-servers/server-v2/config/byg/surface_rules/nether_surface_rules.json5" was read.
2025-03-09 02:25:04,700 [32mINFO [m [m[Server thread][m [mp.b.BYG.lambda$readConfig$2(57)[m: "/workspaces/plomeros-codespace-2/minecraft-servers/server-v2/config/byg/surface_rules/overworld_surface_rules.json5" was read.
2025-03-09 02:25:04,719 [32mINFO [m [m[Server thread][m [mp.b.BYG.appendSurfaceRule(57)[m: Loading dimension "minecraft:the_end" with biome source: "byg:end".
2025-03-09 02:25:04,720 [32mINFO [m [m[Server thread][m [mn.m.s.d.DedicatedServer.m_7038_(228)[m: Done (41.398s)! For help, type "help"
2025-03-09 02:25:05,072 [32mINFO [m [m[Server thread][m [mn.m.s.p.PermissionAPI.initializePermissionAPI(130)[m: Successfully initialized permission handler forge:default_handler
2025-03-09 02:25:05,128 [32mINFO [m [m[Server thread][m [mcyclopscore.log(31)[m: Loading infobook /data/cyclopscore/info/test.xml
2025-03-09 02:25:05,138 [32mINFO [m [m[Server thread][m [mevilcraft.log(31)[m: Loading infobook /data/evilcraft/info/book.xml
2025-03-09 02:25:05,209 [33mWARN [m [m[Server thread][m [mevilcraft.log(31)[m: Invalid appendix info_book.evilcraft.second_age.tools.broom from mod evilcraft in an infobook: The broom modifier evilcraft:witherer has no valid items
2025-03-09 02:25:05,210 [33mWARN [m [m[Server thread][m [mevilcraft.log(31)[m: Invalid appendix info_book.evilcraft.second_age.tools.broom from mod evilcraft in an infobook: The broom modifier evilcraft:hungerer has no valid items
2025-03-09 02:25:05,210 [33mWARN [m [m[Server thread][m [mevilcraft.log(31)[m: Invalid appendix info_book.evilcraft.second_age.tools.broom from mod evilcraft in an infobook: The broom modifier evilcraft:kamikaze has no valid items
2025-03-09 02:25:05,210 [33mWARN [m [m[Server thread][m [mevilcraft.log(31)[m: Invalid appendix info_book.evilcraft.second_age.tools.broom from mod evilcraft in an infobook: The broom modifier evilcraft:withershield has no valid items
2025-03-09 02:25:05,269 [32mINFO [m [m[Server thread][m [mevilcraft.log(31)[m: Skipped section info_book.evilcraftcompat.mod_integrations.baubles due to unsatisfied mod condition.
2025-03-09 02:25:05,270 [32mINFO [m [m[Server thread][m [mevilcraft.log(31)[m: Skipped section info_book.evilcraftcompat.mod_integrations.blood_magic due to unsatisfied mod condition.
2025-03-09 02:25:05,270 [32mINFO [m [m[Server thread][m [mevilcraft.log(31)[m: Skipped section info_book.evilcraftcompat.mod_integrations.ee3 due to unsatisfied mod condition.
2025-03-09 02:25:05,270 [32mINFO [m [m[Server thread][m [mevilcraft.log(31)[m: Skipped section info_book.evilcraftcompat.mod_integrations.enderio due to unsatisfied mod condition.
2025-03-09 02:25:05,270 [32mINFO [m [m[Server thread][m [mevilcraft.log(31)[m: Skipped section info_book.evilcraftcompat.mod_integrations.forestry due to unsatisfied mod condition.
2025-03-09 02:25:05,271 [32mINFO [m [m[Server thread][m [mevilcraft.log(31)[m: Skipped section info_book.evilcraftcompat.mod_integrations.ic2 due to unsatisfied mod condition.
2025-03-09 02:25:05,271 [32mINFO [m [m[Server thread][m [mevilcraft.log(31)[m: Skipped section info_book.evilcraftcompat.mod_integrations.jei due to unsatisfied mod condition.
2025-03-09 02:25:05,271 [32mINFO [m [m[Server thread][m [mevilcraft.log(31)[m: Skipped section info_book.evilcraftcompat.mod_integrations.immersiveengineering due to unsatisfied mod condition.
2025-03-09 02:25:05,271 [32mINFO [m [m[Server thread][m [mevilcraft.log(31)[m: Skipped section info_book.evilcraftcompat.mod_integrations.thaumcraft due to unsatisfied mod condition.
2025-03-09 02:25:05,272 [32mINFO [m [m[Server thread][m [mevilcraft.log(31)[m: Skipped section info_book.evilcraftcompat.mod_integrations.thermal_expansion due to unsatisfied mod condition.
2025-03-09 02:25:05,272 [32mINFO [m [m[Server thread][m [mevilcraft.log(31)[m: Skipped section info_book.evilcraftcompat.mod_integrations.waila due to unsatisfied mod condition.
2025-03-09 02:25:05,274 [32mINFO [m [m[Server thread][m [mpatchouli.dataReloaded(11)[m: Sending reload packet to clients
2025-03-09 02:25:05,347 [33mWARN [m [m[Server thread][m [mc.Z.C.CMI.publish(34)[m: [CMI] Loaded class net.luckperms.api.LuckPerms from LuckPerms v5.4.131 which is not a depend or softdepend of this plugin.
2025-03-09 02:25:05,348 [32mINFO [m [m[Server thread][m [mColouredConsoleSender.sendMessage(55)[m: §6[CMI] §3Permission plugin: §5LuckPerms5.4.131
2025-03-09 02:25:05,359 [32mINFO [m [m[Server thread][m [mm.c.p.PlaceholderAPIPlugin.publish(36)[m: [PlaceholderAPI] Successfully registered internal expansion: cmi [9.7.10.0]
2025-03-09 02:25:05,361 [32mINFO [m [m[Server thread][m [mColouredConsoleSender.sendMessage(55)[m: §6[CMI] §3PlaceholderAPI hooked.
2025-03-09 02:25:05,387 [32mINFO [m [m[Craft Scheduler Thread - 1][m [mColouredConsoleSender.sendMessage(55)[m: §7[§bCraft§dEnhance§7] §rThere's a new version (2.4.4) of the plugin available on https://www.spigotmc.org/resources/1-9-1-19-custom-recipes-and-crafting-craftenhance.65058/ or https://dev.bukkit.org/projects/craftenhance/files.
2025-03-09 02:25:05,526 [32mINFO [m [m[Craft Scheduler Thread - 2][m [mColouredConsoleSender.sendMessage(55)[m: §2New version of CMILib was detected. Please update it (1.5.3.4 -> 1.5.3.5)
2025-03-09 02:25:05,531 [32mINFO [m [m[Craft Scheduler Thread - 1][m [mColouredConsoleSender.sendMessage(55)[m: §e[WARN] §r§bLevelledMobs:§7 §b§nLevelledMobs Update Checker Notice:
2025-03-09 02:25:05,532 [32mINFO [m [m[Craft Scheduler Thread - 1][m [mColouredConsoleSender.sendMessage(55)[m: §e[WARN] §r§bLevelledMobs:§7 §7Your §bLevelledMobs§7 version is §boutdated§7! Please update to §bv4.3.0§7 as soon as possible. §8(§7You're running §bv3.12.1§8)
2025-03-09 02:25:07,689 [32mINFO [m [m[Server thread][m [mn.a.a.Core.publish(36)[m: [AdvancedEnchantments] Successfully hooked into AdvancedEnchantments, PlaceholderAPI, CMI, LuckPerms.
2025-03-09 02:25:10,594 [32mINFO [m [m[Server thread][m [mColouredConsoleSender.sendMessage(55)[m: [BanItem] Successfully loaded 0 blacklisted & 0 whitelisted item(s).
2025-03-09 02:25:11,884 [33mWARN [m [m[Server thread][m [mn.m.s.MinecraftServer.m_130011_(843)[m: Can't keep up! Is the server overloaded? Running 5080ms or 101 ticks behind
2025-03-09 02:25:12,487 [32mINFO [m [m[Craft Scheduler Thread - 6][m [mc.a.i.Images.publish(36)[m: [Images] Loaded 0 images...
2025-03-09 02:25:15,154 [32mINFO [m [m[User Authenticator #1][m [mn.m.s.n.ServerLoginPacketListenerImpl.fireEvents(401)[m: UUID of player TSM_Kirigaya is a6abd3d4-b25e-3ce3-9ed2-c183362a62d8
2025-03-09 02:25:20,859 [32mINFO [m [m[Server thread][m [mn.m.c.AdvancementLoadFix.loadVisibility(36)[m: Using new advancement loading for net.minecraft.server.PlayerAdvancements@54cdaa1c
2025-03-09 02:25:20,991 [32mINFO [m [m[Server thread][m [md.b.b.u.DynamicRegistry.registerEntry(25)[m: Registered bmorph:speed_changes/extreme_slowness
2025-03-09 02:25:20,991 [32mINFO [m [m[Server thread][m [md.b.b.u.DynamicRegistry.registerEntry(25)[m: Registered bmorph:speed_changes/extreme_swiftness
2025-03-09 02:25:20,991 [32mINFO [m [m[Server thread][m [md.b.b.u.DynamicRegistry.registerEntry(25)[m: Registered bmorph:speed_changes/swiftness
2025-03-09 02:25:20,991 [32mINFO [m [m[Server thread][m [md.b.b.u.DynamicRegistry.registerEntry(25)[m: Registered bmorph:normal_fish
2025-03-09 02:25:20,992 [32mINFO [m [m[Server thread][m [md.b.b.u.DynamicRegistry.registerEntry(25)[m: Registered bmorph:speed_changes/slowness
2025-03-09 02:25:20,992 [32mINFO [m [m[Server thread][m [md.b.b.u.DynamicRegistry.registerEntry(25)[m: Registered bmorph:fire_immunity
2025-03-09 02:25:21,589 [32mINFO [m [m[Server thread][m [mtac.InformPlayerOfUpdate(66)[m: PENDING
2025-03-09 02:25:21,943 [32mINFO [m [m[Server thread][m [mn.m.s.p.PlayerList.m_11261_(338)[m: TSM_Kirigaya[/127.55.101.209:47579] logged in with entity id 553 at (99.67496692248858, 100.0, 1.8375169092787924)
2025-03-09 02:25:52,592 [32mINFO [m [m[Server thread][m [mn.m.s.n.ServerGamePacketListenerImpl.m_9957_(1721)[m: TSM_Kirigaya issued server command: /pl
2025-03-09 02:25:57,245 [32mINFO [m [m[Server thread][m [mn.m.s.n.ServerGamePacketListenerImpl.m_9957_(1721)[m: TSM_Kirigaya issued server command: /gm 1
2025-03-09 02:26:08,117 [1;31mERROR[m [m[Server thread][m [mc.s.w.WorldEdit.<clinit>(282)[m: No TreeType mapping for TreeGenerator.TreeType.MANGROVE
2025-03-09 02:26:08,117 [1;31mERROR[m [m[Server thread][m [mc.s.w.WorldEdit.<clinit>(282)[m: No TreeType mapping for TreeGenerator.TreeType.TALL_MANGROVE
2025-03-09 02:26:08,117 [1;31mERROR[m [m[Server thread][m [mc.s.w.WorldEdit.<clinit>(282)[m: No TreeType mapping for TreeGenerator.TreeType.CHERRY
2025-03-09 02:26:49,939 [32mINFO [m [m[Server thread][m [mn.m.s.n.ServerGamePacketListenerImpl.m_9957_(1721)[m: TSM_Kirigaya issued server command: /gm 1
2025-03-09 02:26:50,997 [32mINFO [m [m[Server thread][m [mn.m.s.n.ServerGamePacketListenerImpl.m_9957_(1721)[m: TSM_Kirigaya issued server command: /day
2025-03-09 02:28:18,077 [32mINFO [m [m[Server thread][m [mn.m.s.n.ServerGamePacketListenerImpl.m_9957_(1721)[m: TSM_Kirigaya issued server command: //copy
2025-03-09 02:28:46,602 [32mINFO [m [m[Server thread][m [mn.m.s.n.ServerGamePacketListenerImpl.m_9957_(1721)[m: TSM_Kirigaya issued server command: /mv
2025-03-09 02:28:52,970 [32mINFO [m [m[Server thread][m [mn.m.s.n.ServerGamePacketListenerImpl.m_9957_(1721)[m: TSM_Kirigaya issued server command: /mv list
2025-03-09 02:29:11,112 [32mINFO [m [m[Server thread][m [mc.e.n.M.SpawnRideableMob.RefreshEntityList(56)[m: ESM - Init Rideable EntityEntity_Type and Jockey Lists...
2025-03-09 02:29:11,171 [32mINFO [m [m[Server thread][m [mc.e.n.M.SpawnRideableMob.RefreshEntityList(60)[m: RideListLength = 7
2025-03-09 02:29:11,171 [32mINFO [m [m[Server thread][m [mc.e.n.M.SpawnRideableMob.RefreshEntityList(61)[m: RideList = creeper,spider,skeleton,chicken,pig,NULL,NULL,
2025-03-09 02:29:11,171 [32mINFO [m [m[Server thread][m [mc.e.n.M.SpawnRideableMob.RefreshEntityList(66)[m: Jockey List Length = 5
2025-03-09 02:29:11,172 [32mINFO [m [m[Server thread][m [mc.e.n.M.SpawnRideableMob.RefreshEntityList(67)[m: JockeyList = creeper,skeleton,zombie,pillager,NULL,
2025-03-09 02:29:29,453 [32mINFO [m [m[Server thread][m [mn.m.s.n.ServerGamePacketListenerImpl.m_9957_(1721)[m: TSM_Kirigaya issued server command: /mv create mundo_plano normal -t FLAT
2025-03-09 02:29:29,455 [32mINFO [m [m[Server thread][m [mColouredConsoleSender.sendMessage(55)[m: TSM_Kirigaya: Starting creation of world 'mundo_plano'...
2025-03-09 02:29:29,468 [32mINFO [m [m[Server thread][m [mMinecraft.publish(36)[m: [Multiverse-Core] Loading World & Settings - 'mundo_plano' - Env: NORMAL - Type: FLAT
2025-03-09 02:29:29,580 [1;31mERROR[m [m[Server thread][m [mn.m.w.l.l.WorldGenSettings.lambda$resultOrPartial$2(86)[m: No key layers in MapLike[{}]; Not a registry ops
2025-03-09 02:29:29,922 [32mINFO [m [m[Server thread][m [mn.m.s.MinecraftServer.m_129940_(601)[m: Preparing start region for dimension minecraft:mundo_plano
2025-03-09 02:29:30,290 [32mINFO [m [m[Worker-Main-4][m [mn.m.s.l.p.LoggerChunkProgressListener.m_5511_(44)[m: Preparing spawn area: 0%
2025-03-09 02:29:30,424 [32mINFO [m [m[Worker-Main-14][m [mn.m.s.l.p.LoggerChunkProgressListener.m_5511_(44)[m: Preparing spawn area: 0%
2025-03-09 02:29:31,108 [32mINFO [m [m[Worker-Main-4][m [mn.m.s.l.p.LoggerChunkProgressListener.m_5511_(44)[m: Preparing spawn area: 0%
2025-03-09 02:29:31,424 [32mINFO [m [m[Worker-Main-17][m [mn.m.s.l.p.LoggerChunkProgressListener.m_5511_(44)[m: Preparing spawn area: 5%
2025-03-09 02:29:31,925 [32mINFO [m [m[Worker-Main-17][m [mn.m.s.l.p.LoggerChunkProgressListener.m_5511_(44)[m: Preparing spawn area: 10%
2025-03-09 02:29:32,528 [32mINFO [m [m[Worker-Main-14][m [mn.m.s.l.p.LoggerChunkProgressListener.m_5511_(44)[m: Preparing spawn area: 15%
2025-03-09 02:29:32,927 [32mINFO [m [m[Worker-Main-14][m [mn.m.s.l.p.LoggerChunkProgressListener.m_5511_(44)[m: Preparing spawn area: 24%
2025-03-09 02:29:33,424 [32mINFO [m [m[Worker-Main-17][m [mn.m.s.l.p.LoggerChunkProgressListener.m_5511_(44)[m: Preparing spawn area: 26%
2025-03-09 02:29:33,925 [32mINFO [m [m[Worker-Main-14][m [mn.m.s.l.p.LoggerChunkProgressListener.m_5511_(44)[m: Preparing spawn area: 37%
2025-03-09 02:29:34,425 [32mINFO [m [m[Worker-Main-14][m [mn.m.s.l.p.LoggerChunkProgressListener.m_5511_(44)[m: Preparing spawn area: 42%
2025-03-09 02:29:34,926 [32mINFO [m [m[Worker-Main-14][m [mn.m.s.l.p.LoggerChunkProgressListener.m_5511_(44)[m: Preparing spawn area: 45%
2025-03-09 02:29:35,619 [32mINFO [m [m[Worker-Main-17][m [mn.m.s.l.p.LoggerChunkProgressListener.m_5511_(44)[m: Preparing spawn area: 55%
2025-03-09 02:29:35,930 [32mINFO [m [m[Worker-Main-14][m [mn.m.s.l.p.LoggerChunkProgressListener.m_5511_(44)[m: Preparing spawn area: 64%
2025-03-09 02:29:36,765 [32mINFO [m [m[Worker-Main-17][m [mn.m.s.l.p.LoggerChunkProgressListener.m_5511_(44)[m: Preparing spawn area: 68%
2025-03-09 02:29:37,001 [32mINFO [m [m[Worker-Main-17][m [mn.m.s.l.p.LoggerChunkProgressListener.m_5511_(44)[m: Preparing spawn area: 84%
2025-03-09 02:29:37,431 [32mINFO [m [m[Worker-Main-14][m [mn.m.s.l.p.LoggerChunkProgressListener.m_5511_(44)[m: Preparing spawn area: 92%
2025-03-09 02:29:37,854 [32mINFO [m [m[Server thread][m [mn.m.s.l.p.LoggerChunkProgressListener.m_7646_(55)[m: Time elapsed: 7931 ms
2025-03-09 02:29:37,871 [32mINFO [m [m[Server thread][m [mColouredConsoleSender.sendMessage(55)[m: TSM_Kirigaya: Complete!
2025-03-09 02:29:37,872 [33mWARN [m [m[Server thread][m [mn.m.s.MinecraftServer.m_130011_(843)[m: Can't keep up! Is the server overloaded? Running 7949ms or 158 ticks behind
2025-03-09 02:29:40,065 [32mINFO [m [m[Server thread][m [mn.m.s.n.ServerGamePacketListenerImpl.m_9957_(1721)[m: TSM_Kirigaya issued server command: /mvtp mundo_plano
2025-03-09 02:29:40,100 [32mINFO [m [m[Server thread][m [mtac.InformPlayerOfUpdate(66)[m: PENDING
2025-03-09 02:29:42,238 [32mINFO [m [m[Server thread][m [mn.m.s.n.ServerGamePacketListenerImpl.m_9957_(1721)[m: TSM_Kirigaya issued server command: /gm 1
2025-03-09 02:29:57,794 [32mINFO [m [m[Server thread][m [mc.e.n.M.SpawnRideableMob.RefreshEntityList(56)[m: ESM - Init Rideable EntityEntity_Type and Jockey Lists...
2025-03-09 02:30:02,905 [32mINFO [m [m[Server thread][m [mn.m.s.n.ServerGamePacketListenerImpl.m_9957_(1721)[m: TSM_Kirigaya issued server command: /killall -monsters
2025-03-09 02:30:02,959 [33mWARN [m [m[Server thread][m [m.println(785)[m: java.lang.NullPointerException: Cannot invoke "net.Zrips.CMILib.Entities.CMIEntityType.getName()" because the return value of "net.Zrips.CMILib.Entities.CMIEntityType.getByType(org.bukkit.entity.EntityType)" is null
2025-03-09 02:30:02,960 [33mWARN [m [m[Server thread][m [m.println(785)[m: 	at com.Zrips.CMI.commands.list.killall.removeEntities(killall.java:365)
2025-03-09 02:30:02,960 [33mWARN [m [m[Server thread][m [m.println(785)[m: 	at com.Zrips.CMI.commands.list.killall.lambda$1(killall.java:265)
2025-03-09 02:30:02,960 [33mWARN [m [m[Server thread][m [m.println(785)[m: 	at java.base/java.util.concurrent.CompletableFuture$UniRun.tryFire(CompletableFuture.java:787)
2025-03-09 02:30:02,960 [33mWARN [m [m[Server thread][m [m.println(785)[m: 	at java.base/java.util.concurrent.CompletableFuture.postComplete(CompletableFuture.java:510)
2025-03-09 02:30:02,961 [33mWARN [m [m[Server thread][m [m.println(785)[m: 	at java.base/java.util.concurrent.CompletableFuture.complete(CompletableFuture.java:2179)
2025-03-09 02:30:02,961 [33mWARN [m [m[Server thread][m [m.println(785)[m: 	at net.Zrips.CMILib.Version.Schedulers.CMIBukkitImpl.lambda$runAtLocation$2(CMIBukkitImpl.java:124)
2025-03-09 02:30:02,961 [33mWARN [m [m[Server thread][m [m.println(785)[m: 	at TRANSFORMER/forge@40.2.21/org.bukkit.craftbukkit.v1_18_R2.scheduler.CraftTask.run(CraftTask.java:77)
2025-03-09 02:30:02,961 [33mWARN [m [m[Server thread][m [m.println(785)[m: 	at TRANSFORMER/forge@40.2.21/org.bukkit.craftbukkit.v1_18_R2.scheduler.CraftScheduler.mainThreadHeartbeat(CraftScheduler.java:415)
2025-03-09 02:30:02,962 [33mWARN [m [m[Server thread][m [m.println(785)[m: 	at TRANSFORMER/minecraft@1.18.2/net.minecraft.server.MinecraftServer.m_5703_(MinecraftServer.java:1089)
2025-03-09 02:30:02,962 [33mWARN [m [m[Server thread][m [m.println(785)[m: 	at TRANSFORMER/minecraft@1.18.2/net.minecraft.server.dedicated.DedicatedServer.m_5703_(DedicatedServer.java:383)
2025-03-09 02:30:02,962 [33mWARN [m [m[Server thread][m [m.println(785)[m: 	at TRANSFORMER/minecraft@1.18.2/net.minecraft.server.MinecraftServer.m_5705_(MinecraftServer.java:1047)
2025-03-09 02:30:02,962 [33mWARN [m [m[Server thread][m [m.println(785)[m: 	at TRANSFORMER/minecraft@1.18.2/net.minecraft.server.MinecraftServer.m_130011_(MinecraftServer.java:875)
2025-03-09 02:30:02,962 [33mWARN [m [m[Server thread][m [m.println(785)[m: 	at TRANSFORMER/minecraft@1.18.2/net.minecraft.server.MinecraftServer.m_177918_(MinecraftServer.java:287)
2025-03-09 02:30:02,963 [33mWARN [m [m[Server thread][m [m.println(785)[m: 	at java.base/java.lang.Thread.run(Thread.java:1583)
2025-03-09 02:30:06,946 [32mINFO [m [m[Server thread][m [mn.m.s.n.ServerGamePacketListenerImpl.m_9957_(1721)[m: TSM_Kirigaya issued server command: //paste
2025-03-09 02:30:08,989 [32mINFO [m [m[Server thread][m [mc.e.n.M.SpawnRideableMob.RefreshEntityList(56)[m: ESM - Init Rideable EntityEntity_Type and Jockey Lists...
2025-03-09 02:30:15,014 [32mINFO [m [m[Server thread][m [mc.e.n.M.SpawnRideableMob.RefreshEntityList(56)[m: ESM - Init Rideable EntityEntity_Type and Jockey Lists...
2025-03-09 02:30:16,264 [32mINFO [m [m[Server thread][m [mc.e.n.M.SpawnRideableMob.RefreshEntityList(56)[m: ESM - Init Rideable EntityEntity_Type and Jockey Lists...
2025-03-09 02:30:19,951 [32mINFO [m [m[Server thread][m [mn.m.s.n.ServerGamePacketListenerImpl.m_9957_(1721)[m: TSM_Kirigaya issued server command: //undo
2025-03-09 02:30:30,205 [32mINFO [m [m[Server thread][m [mn.m.s.n.ServerGamePacketListenerImpl.m_9957_(1721)[m: TSM_Kirigaya issued server command: //paste
2025-03-09 02:30:48,410 [32mINFO [m [m[Server thread][m [mn.m.s.n.ServerGamePacketListenerImpl.m_9957_(1721)[m: TSM_Kirigaya issued server command: /gm 0
2025-03-09 02:30:57,718 [32mINFO [m [m[Server thread][m [mn.m.s.d.DedicatedServer.m_6352_(656)[m: Stopping the server
2025-03-09 02:30:57,750 [32mINFO [m [m[Server thread][m [mn.m.s.MinecraftServer.m_7041_(737)[m: Stopping server
2025-03-09 02:30:57,750 [32mINFO [m [m[Server thread][m [mf.a.b.BanItem.publish(36)[m: [BanItem] Disabling BanItem v3.6
2025-03-09 02:30:57,752 [32mINFO [m [m[Server thread][m [mn.a.a.Core.publish(36)[m: [AdvancedEnchantments] Disabling AdvancedEnchantments v9.9.14
2025-03-09 02:30:57,753 [32mINFO [m [m[Server thread][m [md.s.c.Corpses.publish(36)[m: [Corpses] Disabling Corpses v2023.5
2025-03-09 02:30:57,797 [32mINFO [m [m[Server thread][m [mColouredConsoleSender.sendMessage(55)[m: §6§lPlayerNPC §8| §7§7Unregistered §6Corpses §7plugin from the NPCLib
2025-03-09 02:30:57,798 [32mINFO [m [m[Server thread][m [md.s.p.PlayerNPCPlugin.publish(36)[m: [PlayerNPC] Disabling PlayerNPC v2023.6
2025-03-09 02:30:57,798 [32mINFO [m [m[Server thread][m [mColouredConsoleSender.sendMessage(55)[m: §6§lPlayerNPC §8| §7§7Unregistered §6PlayerNPC §7plugin from the NPCLib
2025-03-09 02:30:57,802 [32mINFO [m [m[Server thread][m [mm.l.l.LevelledMobs.publish(36)[m: [LevelledMobs] Disabling LevelledMobs v3.12.1 b781
2025-03-09 02:30:57,803 [32mINFO [m [m[Server thread][m [mColouredConsoleSender.sendMessage(55)[m: §bLevelledMobs:§7 §fTasks: §7Shutting down other async tasks...
2025-03-09 02:30:57,803 [32mINFO [m [m[Server thread][m [mColouredConsoleSender.sendMessage(55)[m: §bLevelledMobs:§7 Shut-down complete (took 0ms)
2025-03-09 02:30:57,804 [32mINFO [m [m[Server thread][m [mc.a.i.Images.publish(36)[m: [Images] Disabling Images v2.5.3
2025-03-09 02:30:57,804 [32mINFO [m [m[Server thread][m [mc.o.M.MultiverseCore.publish(36)[m: [Multiverse-Core] Disabling Multiverse-Core v4.3.14
2025-03-09 02:30:57,809 [32mINFO [m [m[Server thread][m [mc.Z.C.CMI.publish(36)[m: [CMI] Disabling CMI v9.7.10.0
2025-03-09 02:30:57,820 [32mINFO [m [m[Server thread][m [mColouredConsoleSender.sendMessage(55)[m: §6[CMI] §3Closed db connections
2025-03-09 02:30:57,821 [32mINFO [m [m[Server thread][m [mn.Z.C.CMILib.publish(36)[m: [CMILib] Disabling CMILib v1.5.3.4
2025-03-09 02:30:57,822 [32mINFO [m [m[Server thread][m [mc.d.c.CraftEnhance.publish(36)[m: [CraftEnhance] Disabling CraftEnhance v2.5.9
2025-03-09 02:30:57,874 [32mINFO [m [m[Craft Scheduler Thread - 3][m [mColouredConsoleSender.sendMessage(55)[m: §bLevelledMobs:§7 Nametag update queue Manager has exited
2025-03-09 02:30:57,911 [32mINFO [m [m[Server thread][m [md.b.b.m.ServerSetup.onServerReloaded(36)[m: Registered morph commands.
2025-03-09 02:30:57,921 [32mINFO [m [m[Craft Scheduler Thread - 4][m [mColouredConsoleSender.sendMessage(55)[m: §bLevelledMobs:§7 Mob processing queue Manager has exited
2025-03-09 02:30:57,923 [33mWARN [m [m[Server thread][m [mn.m.c.Commands.m_82107_(214)[m: Ambiguity between arguments [teleport, location] and [teleport, destination] with inputs: [0.1 -0.5 .9, 0 0 0]
2025-03-09 02:30:57,925 [33mWARN [m [m[Server thread][m [mn.m.c.Commands.m_82107_(214)[m: Ambiguity between arguments [teleport, location] and [teleport, targets] with inputs: [0.1 -0.5 .9, 0 0 0]
2025-03-09 02:30:57,926 [33mWARN [m [m[Server thread][m [mn.m.c.Commands.m_82107_(214)[m: Ambiguity between arguments [teleport, destination] and [teleport, targets] with inputs: [Player, 0123, @e, dd12be42-52a9-4a91-a8a1-11c01849e498]
2025-03-09 02:30:57,928 [33mWARN [m [m[Server thread][m [mn.m.c.Commands.m_82107_(214)[m: Ambiguity between arguments [teleport, targets] and [teleport, destination] with inputs: [Player, 0123, dd12be42-52a9-4a91-a8a1-11c01849e498]
2025-03-09 02:30:57,930 [33mWARN [m [m[Server thread][m [mn.m.c.Commands.m_82107_(214)[m: Ambiguity between arguments [teleport, targets, location] and [teleport, targets, destination] with inputs: [0.1 -0.5 .9, 0 0 0]
2025-03-09 02:30:57,934 [33mWARN [m [m[Server thread][m [mn.m.c.Commands.m_82107_(214)[m: Ambiguity between arguments [cofh, ignite, duration] and [cofh, ignite, targets] with inputs: [0, -123, 123]
2025-03-09 02:30:57,936 [33mWARN [m [m[Server thread][m [mn.m.c.Commands.m_82107_(214)[m: Ambiguity between arguments [cofh, ignite, targets] and [cofh, ignite, duration] with inputs: [0123]
2025-03-09 02:30:57,937 [33mWARN [m [m[Server thread][m [mn.m.c.Commands.m_82107_(214)[m: Ambiguity between arguments [cofh, invis, flag] and [cofh, invis, targets] with inputs: [true, false]
2025-03-09 02:30:57,939 [33mWARN [m [m[Server thread][m [mn.m.c.Commands.m_82107_(214)[m: Ambiguity between arguments [cofh, invuln, flag] and [cofh, invuln, targets] with inputs: [true, false]
2025-03-09 02:31:00,698 [1;31mERROR[m [m[Worker-Main-17][m [mn.m.t.TagLoader.m_144495_(98)[m: Couldn't read tag list minecraft:fossil_ore from minecraft:tags/blocks/fossil_ore.json in data pack alternacraft-1.18.2-PART 1.jar
com.google.gson.JsonSyntaxException: Missing values, expected to find a JsonArray
	at net.minecraft.util.GsonHelper.m_13933_(GsonHelper.java:432) ~[server-1.18.2-20220404.173914-srg.jar%23116!/:?]
	at net.minecraft.tags.Tag$Builder.m_13312_(Tag.java:113) ~[server-1.18.2-20220404.173914-srg.jar%23116!/:?]
	at net.minecraft.tags.TagLoader.m_144495_(TagLoader.java:69) ~[server-1.18.2-20220404.173914-srg.jar%23116!/:?]
	at net.minecraft.tags.TagLoader.m_203900_(TagLoader.java:169) ~[server-1.18.2-20220404.173914-srg.jar%23116!/:?]
	at net.minecraft.tags.TagManager.m_203920_(TagManager.java:54) ~[server-1.18.2-20220404.173914-srg.jar%23116!/:?]
	at java.util.concurrent.CompletableFuture$AsyncSupply.run(CompletableFuture.java:1768) [?:?]
	at java.util.concurrent.CompletableFuture$AsyncSupply.exec(CompletableFuture.java:1760) [?:?]
	at java.util.concurrent.ForkJoinTask.doExec(ForkJoinTask.java:387) [?:?]
	at java.util.concurrent.ForkJoinPool$WorkQueue.topLevelExec(ForkJoinPool.java:1312) [?:?]
	at java.util.concurrent.ForkJoinPool.scan(ForkJoinPool.java:1843) [?:?]
	at java.util.concurrent.ForkJoinPool.runWorker(ForkJoinPool.java:1808) [?:?]
	at java.util.concurrent.ForkJoinWorkerThread.run(ForkJoinWorkerThread.java:188) [?:?]
2025-03-09 02:31:00,773 [1;31mERROR[m [m[Worker-Main-17][m [mn.m.t.TagLoader.m_144495_(98)[m: Couldn't read tag list minecraft:painite_ore from minecraft:tags/blocks/painite_ore.json in data pack alternacraft-1.18.2-PART 1.jar
com.google.gson.JsonSyntaxException: Missing values, expected to find a JsonArray
	at net.minecraft.util.GsonHelper.m_13933_(GsonHelper.java:432) ~[server-1.18.2-20220404.173914-srg.jar%23116!/:?]
	at net.minecraft.tags.Tag$Builder.m_13312_(Tag.java:113) ~[server-1.18.2-20220404.173914-srg.jar%23116!/:?]
	at net.minecraft.tags.TagLoader.m_144495_(TagLoader.java:69) ~[server-1.18.2-20220404.173914-srg.jar%23116!/:?]
	at net.minecraft.tags.TagLoader.m_203900_(TagLoader.java:169) ~[server-1.18.2-20220404.173914-srg.jar%23116!/:?]
	at net.minecraft.tags.TagManager.m_203920_(TagManager.java:54) ~[server-1.18.2-20220404.173914-srg.jar%23116!/:?]
	at java.util.concurrent.CompletableFuture$AsyncSupply.run(CompletableFuture.java:1768) [?:?]
	at java.util.concurrent.CompletableFuture$AsyncSupply.exec(CompletableFuture.java:1760) [?:?]
	at java.util.concurrent.ForkJoinTask.doExec(ForkJoinTask.java:387) [?:?]
	at java.util.concurrent.ForkJoinPool$WorkQueue.topLevelExec(ForkJoinPool.java:1312) [?:?]
	at java.util.concurrent.ForkJoinPool.scan(ForkJoinPool.java:1843) [?:?]
	at java.util.concurrent.ForkJoinPool.runWorker(ForkJoinPool.java:1808) [?:?]
	at java.util.concurrent.ForkJoinWorkerThread.run(ForkJoinWorkerThread.java:188) [?:?]
2025-03-09 02:31:00,844 [1;31mERROR[m [m[Worker-Main-17][m [mn.m.t.TagLoader.m_144495_(98)[m: Couldn't read tag list minecraft:titanium_ore from minecraft:tags/blocks/titanium_ore.json in data pack alternacraft-1.18.2-PART 1.jar
com.google.gson.JsonSyntaxException: Missing values, expected to find a JsonArray
	at net.minecraft.util.GsonHelper.m_13933_(GsonHelper.java:432) ~[server-1.18.2-20220404.173914-srg.jar%23116!/:?]
	at net.minecraft.tags.Tag$Builder.m_13312_(Tag.java:113) ~[server-1.18.2-20220404.173914-srg.jar%23116!/:?]
	at net.minecraft.tags.TagLoader.m_144495_(TagLoader.java:69) ~[server-1.18.2-20220404.173914-srg.jar%23116!/:?]
	at net.minecraft.tags.TagLoader.m_203900_(TagLoader.java:169) ~[server-1.18.2-20220404.173914-srg.jar%23116!/:?]
	at net.minecraft.tags.TagManager.m_203920_(TagManager.java:54) ~[server-1.18.2-20220404.173914-srg.jar%23116!/:?]
	at java.util.concurrent.CompletableFuture$AsyncSupply.run(CompletableFuture.java:1768) [?:?]
	at java.util.concurrent.CompletableFuture$AsyncSupply.exec(CompletableFuture.java:1760) [?:?]
	at java.util.concurrent.ForkJoinTask.doExec(ForkJoinTask.java:387) [?:?]
	at java.util.concurrent.ForkJoinPool$WorkQueue.topLevelExec(ForkJoinPool.java:1312) [?:?]
	at java.util.concurrent.ForkJoinPool.scan(ForkJoinPool.java:1843) [?:?]
	at java.util.concurrent.ForkJoinPool.runWorker(ForkJoinPool.java:1808) [?:?]
	at java.util.concurrent.ForkJoinWorkerThread.run(ForkJoinWorkerThread.java:188) [?:?]
2025-03-09 02:31:01,510 [1;31mERROR[m [m[Worker-Main-4][m [mn.m.t.TagLoader.m_144541_(159)[m: Couldn't load tag forge:certificates/ultimate as it is missing following references: tac:ultimate_certificate (from tac-0.3.10.1-1.18.2.jar)
2025-03-09 02:31:01,511 [1;31mERROR[m [m[Worker-Main-4][m [mn.m.t.TagLoader.m_144541_(159)[m: Couldn't load tag forge:pink_items as it is missing following references: minecraft:potted_pink_tulip (from extra-utilities-reborn-1.7.4-release.jar), 
	minecraft:pink_candle_cake (from extra-utilities-reborn-1.7.4-release.jar), 
	minecraft:pink_wall_banner (from extra-utilities-reborn-1.7.4-release.jar)
2025-03-09 02:31:01,513 [1;31mERROR[m [m[Worker-Main-4][m [mn.m.t.TagLoader.m_144541_(159)[m: Couldn't load tag forge:frosty_gen_tag as it is missing following references: minecraft:frosted_ice (from extra-utilities-reborn-1.7.4-release.jar), 
	minecraft:powder_snow (from extra-utilities-reborn-1.7.4-release.jar)
2025-03-09 02:31:01,514 [1;31mERROR[m [m[Worker-Main-4][m [mn.m.t.TagLoader.m_144541_(159)[m: Couldn't load tag forge:certificates/legendary as it is missing following references: tac:legendary_certificate (from tac-0.3.10.1-1.18.2.jar)
2025-03-09 02:31:02,621 [1;31mERROR[m [m[Worker-Main-17][m [mn.m.t.TagLoader.m_144541_(159)[m: Couldn't load tag bmorph:attributes_blacklisted_for_copy as it is missing following references: epicfight:staminar (from bmorph-1.18.2-2.0.2.jar), 
	epicfight:stamina_regen (from bmorph-1.18.2-2.0.2.jar), 
	epicfight:stun_armor (from bmorph-1.18.2-2.0.2.jar), 
	epicfight:weight (from bmorph-1.18.2-2.0.2.jar), 
	epicfight:max_strikes (from bmorph-1.18.2-2.0.2.jar), 
	epicfight:armor_negation (from bmorph-1.18.2-2.0.2.jar), 
	epicfight:impact (from bmorph-1.18.2-2.0.2.jar), 
	epicfight:offhand_attack_speed (from bmorph-1.18.2-2.0.2.jar), 
	epicfight:offhand_max_strikes (from bmorph-1.18.2-2.0.2.jar), 
	epicfight:offhand_armor_negation (from bmorph-1.18.2-2.0.2.jar), 
	epicfight:offhand_impact (from bmorph-1.18.2-2.0.2.jar), 
	epicfight:execution_resistance (from bmorph-1.18.2-2.0.2.jar)
2025-03-09 02:31:10,552 [32mINFO [m [m[Worker-Main-17][m [mtac.prepare(62)[m: YO_DATA_GUN
2025-03-09 02:31:14,089 [1;31mERROR[m [m[Worker-Main-14][m [mn.m.w.i.c.RecipeManager.m_5787_(77)[m: Parsing error loading recipe rpgsmw:aosa
com.google.gson.JsonSyntaxException: Unknown item 'rpgsmw:deleted_mod_element'
	at net.minecraft.world.item.crafting.ShapedRecipe.m_151280_(ShapedRecipe.java:343) ~[server-1.18.2-20220404.173914-srg.jar%23116!/:?]
	at java.util.Optional.orElseThrow(Optional.java:403) ~[?:?]
	at net.minecraft.world.item.crafting.ShapedRecipe.m_151278_(ShapedRecipe.java:342) ~[server-1.18.2-20220404.173914-srg.jar%23116!/:?]
	at net.minecraft.world.item.crafting.Ingredient.m_43919_(Ingredient.java:233) ~[server-1.18.2-20220404.173914-srg.jar%23116!/:?]
	at net.minecraftforge.common.crafting.VanillaIngredientSerializer.parse(VanillaIngredientSerializer.java:27) ~[forge-1.18.2-40.2.21-universal.jar%23121!/:?]
	at net.minecraftforge.common.crafting.CraftingHelper.getIngredient(CraftingHelper.java:143) ~[forge-1.18.2-40.2.21-universal.jar%23121!/:?]
	at net.minecraft.world.item.crafting.Ingredient.m_43917_(Ingredient.java:208) ~[server-1.18.2-20220404.173914-srg.jar%23116!/:?]
	at net.minecraft.world.item.crafting.SimpleCookingSerializer.m_6729_(SimpleCookingSerializer.java:23) ~[server-1.18.2-20220404.173914-srg.jar%23116!/:?]
	at net.minecraft.world.item.crafting.SimpleCookingSerializer.m_6729_(SimpleCookingSerializer.java:11) ~[server-1.18.2-20220404.173914-srg.jar%23116!/:?]
	at net.minecraftforge.common.extensions.IForgeRecipeSerializer.fromJson(IForgeRecipeSerializer.java:23) ~[forge-1.18.2-40.2.21-universal.jar%23121!/:?]
	at net.minecraft.world.item.crafting.RecipeManager.fromJson(RecipeManager.java:201) ~[server-1.18.2-20220404.173914-srg.jar%23116!/:?]
	at net.minecraft.world.item.crafting.RecipeManager.m_5787_(RecipeManager.java:67) ~[server-1.18.2-20220404.173914-srg.jar%23116!/:?]
	at net.minecraft.world.item.crafting.RecipeManager.m_5787_(RecipeManager.java:33) ~[server-1.18.2-20220404.173914-srg.jar%23116!/:?]
	at net.minecraft.server.packs.resources.SimplePreparableReloadListener.m_10789_(SimplePreparableReloadListener.java:13) ~[server-1.18.2-20220404.173914-srg.jar%23116!/:?]
	at java.util.concurrent.CompletableFuture$UniAccept.tryFire(CompletableFuture.java:718) ~[?:?]
	at java.util.concurrent.CompletableFuture$Completion.run(CompletableFuture.java:482) ~[?:?]
	at net.minecraft.server.packs.resources.SimpleReloadInstance.m_143940_(SimpleReloadInstance.java:69) ~[server-1.18.2-20220404.173914-srg.jar%23116!/:?]
	at net.minecraft.util.thread.BlockableEventLoop.execute(BlockableEventLoop.java:103) ~[server-1.18.2-20220404.173914-srg.jar%23116!/:?]
	at net.minecraft.server.packs.resources.SimpleReloadInstance.m_10834_(SimpleReloadInstance.java:68) ~[server-1.18.2-20220404.173914-srg.jar%23116!/:?]
	at java.util.concurrent.CompletableFuture$UniCompletion.claim(CompletableFuture.java:572) ~[?:?]
	at java.util.concurrent.CompletableFuture$UniAccept.tryFire(CompletableFuture.java:714) ~[?:?]
	at java.util.concurrent.CompletableFuture.postComplete(CompletableFuture.java:510) ~[?:?]
	at java.util.concurrent.CompletableFuture.postFire(CompletableFuture.java:614) ~[?:?]
	at java.util.concurrent.CompletableFuture$UniAccept.tryFire(CompletableFuture.java:726) ~[?:?]
	at java.util.concurrent.CompletableFuture$Completion.run(CompletableFuture.java:482) ~[?:?]
	at net.minecraft.server.packs.resources.SimpleReloadInstance.m_143940_(SimpleReloadInstance.java:69) ~[server-1.18.2-20220404.173914-srg.jar%23116!/:?]
	at net.minecraft.util.thread.BlockableEventLoop.execute(BlockableEventLoop.java:103) ~[server-1.18.2-20220404.173914-srg.jar%23116!/:?]
	at net.minecraft.server.packs.resources.SimpleReloadInstance.m_10834_(SimpleReloadInstance.java:68) ~[server-1.18.2-20220404.173914-srg.jar%23116!/:?]
	at java.util.concurrent.CompletableFuture$UniCompletion.claim(CompletableFuture.java:572) ~[?:?]
	at java.util.concurrent.CompletableFuture$UniAccept.tryFire(CompletableFuture.java:714) ~[?:?]
	at java.util.concurrent.CompletableFuture.postComplete(CompletableFuture.java:510) ~[?:?]
	at java.util.concurrent.CompletableFuture.postFire(CompletableFuture.java:614) ~[?:?]
	at java.util.concurrent.CompletableFuture$UniAccept.tryFire(CompletableFuture.java:726) ~[?:?]
	at java.util.concurrent.CompletableFuture$Completion.run(CompletableFuture.java:482) ~[?:?]
	at net.minecraft.server.packs.resources.SimpleReloadInstance.m_143940_(SimpleReloadInstance.java:69) ~[server-1.18.2-20220404.173914-srg.jar%23116!/:?]
	at net.minecraft.util.thread.BlockableEventLoop.execute(BlockableEventLoop.java:103) ~[server-1.18.2-20220404.173914-srg.jar%23116!/:?]
	at net.minecraft.server.packs.resources.SimpleReloadInstance.m_10834_(SimpleReloadInstance.java:68) ~[server-1.18.2-20220404.173914-srg.jar%23116!/:?]
	at java.util.concurrent.CompletableFuture$UniCompletion.claim(CompletableFuture.java:572) ~[?:?]
	at java.util.concurrent.CompletableFuture$UniAccept.tryFire(CompletableFuture.java:714) ~[?:?]
	at java.util.concurrent.CompletableFuture.postComplete(CompletableFuture.java:510) ~[?:?]
	at java.util.concurrent.CompletableFuture.complete(CompletableFuture.java:2179) ~[?:?]
	at net.minecraft.server.packs.resources.SimpleReloadInstance$1.m_10855_(SimpleReloadInstance.java:51) ~[server-1.18.2-20220404.173914-srg.jar%23116!/:?]
	at net.minecraft.util.thread.BlockableEventLoop.execute(BlockableEventLoop.java:103) ~[server-1.18.2-20220404.173914-srg.jar%23116!/:?]
	at net.minecraft.server.packs.resources.SimpleReloadInstance$1.m_6769_(SimpleReloadInstance.java:48) ~[server-1.18.2-20220404.173914-srg.jar%23116!/:?]
	at java.util.concurrent.CompletableFuture$UniCompose.tryFire(CompletableFuture.java:1150) [?:?]
	at java.util.concurrent.CompletableFuture.postComplete(CompletableFuture.java:510) [?:?]
	at java.util.concurrent.CompletableFuture$AsyncSupply.run(CompletableFuture.java:1773) [?:?]
	at java.util.concurrent.CompletableFuture$AsyncSupply.exec(CompletableFuture.java:1760) [?:?]
	at java.util.concurrent.ForkJoinTask.doExec(ForkJoinTask.java:387) [?:?]
	at java.util.concurrent.ForkJoinPool$WorkQueue.topLevelExec(ForkJoinPool.java:1312) [?:?]
	at java.util.concurrent.ForkJoinPool.scan(ForkJoinPool.java:1843) [?:?]
	at java.util.concurrent.ForkJoinPool.runWorker(ForkJoinPool.java:1808) [?:?]
	at java.util.concurrent.ForkJoinWorkerThread.run(ForkJoinWorkerThread.java:188) [?:?]
2025-03-09 02:31:14,291 [1;31mERROR[m [m[Worker-Main-14][m [mn.m.w.i.c.RecipeManager.m_5787_(77)[m: Parsing error loading recipe useless_sword:fiery_fossilizer_recipe
com.google.gson.JsonSyntaxException: Unknown item 'druidcraft:amber'
	at net.minecraft.world.item.crafting.ShapedRecipe.m_151280_(ShapedRecipe.java:343) ~[server-1.18.2-20220404.173914-srg.jar%23116!/:?]
	at java.util.Optional.orElseThrow(Optional.java:403) ~[?:?]
	at net.minecraft.world.item.crafting.ShapedRecipe.m_151278_(ShapedRecipe.java:342) ~[server-1.18.2-20220404.173914-srg.jar%23116!/:?]
	at net.minecraft.world.item.crafting.Ingredient.m_43919_(Ingredient.java:233) ~[server-1.18.2-20220404.173914-srg.jar%23116!/:?]
	at net.minecraftforge.common.crafting.VanillaIngredientSerializer.parse(VanillaIngredientSerializer.java:27) ~[forge-1.18.2-40.2.21-universal.jar%23121!/:?]
	at net.minecraftforge.common.crafting.CraftingHelper.getIngredient(CraftingHelper.java:143) ~[forge-1.18.2-40.2.21-universal.jar%23121!/:?]
	at net.minecraft.world.item.crafting.Ingredient.m_43917_(Ingredient.java:208) ~[server-1.18.2-20220404.173914-srg.jar%23116!/:?]
	at net.minecraft.world.item.crafting.ShapedRecipe.m_44210_(ShapedRecipe.java:329) ~[server-1.18.2-20220404.173914-srg.jar%23116!/:?]
	at net.minecraft.world.item.crafting.ShapedRecipe$Serializer.m_6729_(ShapedRecipe.java:356) ~[server-1.18.2-20220404.173914-srg.jar%23116!/:?]
	at net.minecraft.world.item.crafting.ShapedRecipe$Serializer.m_6729_(ShapedRecipe.java:352) ~[server-1.18.2-20220404.173914-srg.jar%23116!/:?]
	at net.minecraftforge.common.extensions.IForgeRecipeSerializer.fromJson(IForgeRecipeSerializer.java:23) ~[forge-1.18.2-40.2.21-universal.jar%23121!/:?]
	at net.minecraft.world.item.crafting.RecipeManager.fromJson(RecipeManager.java:201) ~[server-1.18.2-20220404.173914-srg.jar%23116!/:?]
	at net.minecraft.world.item.crafting.RecipeManager.m_5787_(RecipeManager.java:67) ~[server-1.18.2-20220404.173914-srg.jar%23116!/:?]
	at net.minecraft.world.item.crafting.RecipeManager.m_5787_(RecipeManager.java:33) ~[server-1.18.2-20220404.173914-srg.jar%23116!/:?]
	at net.minecraft.server.packs.resources.SimplePreparableReloadListener.m_10789_(SimplePreparableReloadListener.java:13) ~[server-1.18.2-20220404.173914-srg.jar%23116!/:?]
	at java.util.concurrent.CompletableFuture$UniAccept.tryFire(CompletableFuture.java:718) ~[?:?]
	at java.util.concurrent.CompletableFuture$Completion.run(CompletableFuture.java:482) ~[?:?]
	at net.minecraft.server.packs.resources.SimpleReloadInstance.m_143940_(SimpleReloadInstance.java:69) ~[server-1.18.2-20220404.173914-srg.jar%23116!/:?]
	at net.minecraft.util.thread.BlockableEventLoop.execute(BlockableEventLoop.java:103) ~[server-1.18.2-20220404.173914-srg.jar%23116!/:?]
	at net.minecraft.server.packs.resources.SimpleReloadInstance.m_10834_(SimpleReloadInstance.java:68) ~[server-1.18.2-20220404.173914-srg.jar%23116!/:?]
	at java.util.concurrent.CompletableFuture$UniCompletion.claim(CompletableFuture.java:572) ~[?:?]
	at java.util.concurrent.CompletableFuture$UniAccept.tryFire(CompletableFuture.java:714) ~[?:?]
	at java.util.concurrent.CompletableFuture.postComplete(CompletableFuture.java:510) ~[?:?]
	at java.util.concurrent.CompletableFuture.postFire(CompletableFuture.java:614) ~[?:?]
	at java.util.concurrent.CompletableFuture$UniAccept.tryFire(CompletableFuture.java:726) ~[?:?]
	at java.util.concurrent.CompletableFuture$Completion.run(CompletableFuture.java:482) ~[?:?]
	at net.minecraft.server.packs.resources.SimpleReloadInstance.m_143940_(SimpleReloadInstance.java:69) ~[server-1.18.2-20220404.173914-srg.jar%23116!/:?]
	at net.minecraft.util.thread.BlockableEventLoop.execute(BlockableEventLoop.java:103) ~[server-1.18.2-20220404.173914-srg.jar%23116!/:?]
	at net.minecraft.server.packs.resources.SimpleReloadInstance.m_10834_(SimpleReloadInstance.java:68) ~[server-1.18.2-20220404.173914-srg.jar%23116!/:?]
	at java.util.concurrent.CompletableFuture$UniCompletion.claim(CompletableFuture.java:572) ~[?:?]
	at java.util.concurrent.CompletableFuture$UniAccept.tryFire(CompletableFuture.java:714) ~[?:?]
	at java.util.concurrent.CompletableFuture.postComplete(CompletableFuture.java:510) ~[?:?]
	at java.util.concurrent.CompletableFuture.postFire(CompletableFuture.java:614) ~[?:?]
	at java.util.concurrent.CompletableFuture$UniAccept.tryFire(CompletableFuture.java:726) ~[?:?]
	at java.util.concurrent.CompletableFuture$Completion.run(CompletableFuture.java:482) ~[?:?]
	at net.minecraft.server.packs.resources.SimpleReloadInstance.m_143940_(SimpleReloadInstance.java:69) ~[server-1.18.2-20220404.173914-srg.jar%23116!/:?]
	at net.minecraft.util.thread.BlockableEventLoop.execute(BlockableEventLoop.java:103) ~[server-1.18.2-20220404.173914-srg.jar%23116!/:?]
	at net.minecraft.server.packs.resources.SimpleReloadInstance.m_10834_(SimpleReloadInstance.java:68) ~[server-1.18.2-20220404.173914-srg.jar%23116!/:?]
	at java.util.concurrent.CompletableFuture$UniCompletion.claim(CompletableFuture.java:572) ~[?:?]
	at java.util.concurrent.CompletableFuture$UniAccept.tryFire(CompletableFuture.java:714) ~[?:?]
	at java.util.concurrent.CompletableFuture.postComplete(CompletableFuture.java:510) ~[?:?]
	at java.util.concurrent.CompletableFuture.complete(CompletableFuture.java:2179) ~[?:?]
	at net.minecraft.server.packs.resources.SimpleReloadInstance$1.m_10855_(SimpleReloadInstance.java:51) ~[server-1.18.2-20220404.173914-srg.jar%23116!/:?]
	at net.minecraft.util.thread.BlockableEventLoop.execute(BlockableEventLoop.java:103) ~[server-1.18.2-20220404.173914-srg.jar%23116!/:?]
	at net.minecraft.server.packs.resources.SimpleReloadInstance$1.m_6769_(SimpleReloadInstance.java:48) ~[server-1.18.2-20220404.173914-srg.jar%23116!/:?]
	at java.util.concurrent.CompletableFuture$UniCompose.tryFire(CompletableFuture.java:1150) [?:?]
	at java.util.concurrent.CompletableFuture.postComplete(CompletableFuture.java:510) [?:?]
	at java.util.concurrent.CompletableFuture$AsyncSupply.run(CompletableFuture.java:1773) [?:?]
	at java.util.concurrent.CompletableFuture$AsyncSupply.exec(CompletableFuture.java:1760) [?:?]
	at java.util.concurrent.ForkJoinTask.doExec(ForkJoinTask.java:387) [?:?]
	at java.util.concurrent.ForkJoinPool$WorkQueue.topLevelExec(ForkJoinPool.java:1312) [?:?]
	at java.util.concurrent.ForkJoinPool.scan(ForkJoinPool.java:1843) [?:?]
	at java.util.concurrent.ForkJoinPool.runWorker(ForkJoinPool.java:1808) [?:?]
	at java.util.concurrent.ForkJoinWorkerThread.run(ForkJoinWorkerThread.java:188) [?:?]
2025-03-09 02:31:14,314 [1;31mERROR[m [m[Worker-Main-14][m [mn.m.w.i.c.RecipeManager.m_5787_(77)[m: Parsing error loading recipe useless_sword:life_draining_sword_recipe
com.google.gson.JsonSyntaxException: Unknown item 'twilightforest:carminite'
	at net.minecraft.world.item.crafting.ShapedRecipe.m_151280_(ShapedRecipe.java:343) ~[server-1.18.2-20220404.173914-srg.jar%23116!/:?]
	at java.util.Optional.orElseThrow(Optional.java:403) ~[?:?]
	at net.minecraft.world.item.crafting.ShapedRecipe.m_151278_(ShapedRecipe.java:342) ~[server-1.18.2-20220404.173914-srg.jar%23116!/:?]
	at net.minecraft.world.item.crafting.Ingredient.m_43919_(Ingredient.java:233) ~[server-1.18.2-20220404.173914-srg.jar%23116!/:?]
	at net.minecraftforge.common.crafting.VanillaIngredientSerializer.parse(VanillaIngredientSerializer.java:27) ~[forge-1.18.2-40.2.21-universal.jar%23121!/:?]
	at net.minecraftforge.common.crafting.CraftingHelper.getIngredient(CraftingHelper.java:143) ~[forge-1.18.2-40.2.21-universal.jar%23121!/:?]
	at net.minecraft.world.item.crafting.Ingredient.m_43917_(Ingredient.java:208) ~[server-1.18.2-20220404.173914-srg.jar%23116!/:?]
	at net.minecraft.world.item.crafting.ShapedRecipe.m_44210_(ShapedRecipe.java:329) ~[server-1.18.2-20220404.173914-srg.jar%23116!/:?]
	at net.minecraft.world.item.crafting.ShapedRecipe$Serializer.m_6729_(ShapedRecipe.java:356) ~[server-1.18.2-20220404.173914-srg.jar%23116!/:?]
	at net.minecraft.world.item.crafting.ShapedRecipe$Serializer.m_6729_(ShapedRecipe.java:352) ~[server-1.18.2-20220404.173914-srg.jar%23116!/:?]
	at net.minecraftforge.common.extensions.IForgeRecipeSerializer.fromJson(IForgeRecipeSerializer.java:23) ~[forge-1.18.2-40.2.21-universal.jar%23121!/:?]
	at net.minecraft.world.item.crafting.RecipeManager.fromJson(RecipeManager.java:201) ~[server-1.18.2-20220404.173914-srg.jar%23116!/:?]
	at net.minecraft.world.item.crafting.RecipeManager.m_5787_(RecipeManager.java:67) ~[server-1.18.2-20220404.173914-srg.jar%23116!/:?]
	at net.minecraft.world.item.crafting.RecipeManager.m_5787_(RecipeManager.java:33) ~[server-1.18.2-20220404.173914-srg.jar%23116!/:?]
	at net.minecraft.server.packs.resources.SimplePreparableReloadListener.m_10789_(SimplePreparableReloadListener.java:13) ~[server-1.18.2-20220404.173914-srg.jar%23116!/:?]
	at java.util.concurrent.CompletableFuture$UniAccept.tryFire(CompletableFuture.java:718) ~[?:?]
	at java.util.concurrent.CompletableFuture$Completion.run(CompletableFuture.java:482) ~[?:?]
	at net.minecraft.server.packs.resources.SimpleReloadInstance.m_143940_(SimpleReloadInstance.java:69) ~[server-1.18.2-20220404.173914-srg.jar%23116!/:?]
	at net.minecraft.util.thread.BlockableEventLoop.execute(BlockableEventLoop.java:103) ~[server-1.18.2-20220404.173914-srg.jar%23116!/:?]
	at net.minecraft.server.packs.resources.SimpleReloadInstance.m_10834_(SimpleReloadInstance.java:68) ~[server-1.18.2-20220404.173914-srg.jar%23116!/:?]
	at java.util.concurrent.CompletableFuture$UniCompletion.claim(CompletableFuture.java:572) ~[?:?]
	at java.util.concurrent.CompletableFuture$UniAccept.tryFire(CompletableFuture.java:714) ~[?:?]
	at java.util.concurrent.CompletableFuture.postComplete(CompletableFuture.java:510) ~[?:?]
	at java.util.concurrent.CompletableFuture.postFire(CompletableFuture.java:614) ~[?:?]
	at java.util.concurrent.CompletableFuture$UniAccept.tryFire(CompletableFuture.java:726) ~[?:?]
	at java.util.concurrent.CompletableFuture$Completion.run(CompletableFuture.java:482) ~[?:?]
	at net.minecraft.server.packs.resources.SimpleReloadInstance.m_143940_(SimpleReloadInstance.java:69) ~[server-1.18.2-20220404.173914-srg.jar%23116!/:?]
	at net.minecraft.util.thread.BlockableEventLoop.execute(BlockableEventLoop.java:103) ~[server-1.18.2-20220404.173914-srg.jar%23116!/:?]
	at net.minecraft.server.packs.resources.SimpleReloadInstance.m_10834_(SimpleReloadInstance.java:68) ~[server-1.18.2-20220404.173914-srg.jar%23116!/:?]
	at java.util.concurrent.CompletableFuture$UniCompletion.claim(CompletableFuture.java:572) ~[?:?]
	at java.util.concurrent.CompletableFuture$UniAccept.tryFire(CompletableFuture.java:714) ~[?:?]
	at java.util.concurrent.CompletableFuture.postComplete(CompletableFuture.java:510) ~[?:?]
	at java.util.concurrent.CompletableFuture.postFire(CompletableFuture.java:614) ~[?:?]
	at java.util.concurrent.CompletableFuture$UniAccept.tryFire(CompletableFuture.java:726) ~[?:?]
	at java.util.concurrent.CompletableFuture$Completion.run(CompletableFuture.java:482) ~[?:?]
	at net.minecraft.server.packs.resources.SimpleReloadInstance.m_143940_(SimpleReloadInstance.java:69) ~[server-1.18.2-20220404.173914-srg.jar%23116!/:?]
	at net.minecraft.util.thread.BlockableEventLoop.execute(BlockableEventLoop.java:103) ~[server-1.18.2-20220404.173914-srg.jar%23116!/:?]
	at net.minecraft.server.packs.resources.SimpleReloadInstance.m_10834_(SimpleReloadInstance.java:68) ~[server-1.18.2-20220404.173914-srg.jar%23116!/:?]
	at java.util.concurrent.CompletableFuture$UniCompletion.claim(CompletableFuture.java:572) ~[?:?]
	at java.util.concurrent.CompletableFuture$UniAccept.tryFire(CompletableFuture.java:714) ~[?:?]
	at java.util.concurrent.CompletableFuture.postComplete(CompletableFuture.java:510) ~[?:?]
	at java.util.concurrent.CompletableFuture.complete(CompletableFuture.java:2179) ~[?:?]
	at net.minecraft.server.packs.resources.SimpleReloadInstance$1.m_10855_(SimpleReloadInstance.java:51) ~[server-1.18.2-20220404.173914-srg.jar%23116!/:?]
	at net.minecraft.util.thread.BlockableEventLoop.execute(BlockableEventLoop.java:103) ~[server-1.18.2-20220404.173914-srg.jar%23116!/:?]
	at net.minecraft.server.packs.resources.SimpleReloadInstance$1.m_6769_(SimpleReloadInstance.java:48) ~[server-1.18.2-20220404.173914-srg.jar%23116!/:?]
	at java.util.concurrent.CompletableFuture$UniCompose.tryFire(CompletableFuture.java:1150) [?:?]
	at java.util.concurrent.CompletableFuture.postComplete(CompletableFuture.java:510) [?:?]
	at java.util.concurrent.CompletableFuture$AsyncSupply.run(CompletableFuture.java:1773) [?:?]
	at java.util.concurrent.CompletableFuture$AsyncSupply.exec(CompletableFuture.java:1760) [?:?]
	at java.util.concurrent.ForkJoinTask.doExec(ForkJoinTask.java:387) [?:?]
	at java.util.concurrent.ForkJoinPool$WorkQueue.topLevelExec(ForkJoinPool.java:1312) [?:?]
	at java.util.concurrent.ForkJoinPool.scan(ForkJoinPool.java:1843) [?:?]
	at java.util.concurrent.ForkJoinPool.runWorker(ForkJoinPool.java:1808) [?:?]
	at java.util.concurrent.ForkJoinWorkerThread.run(ForkJoinWorkerThread.java:188) [?:?]
2025-03-09 02:31:14,328 [1;31mERROR[m [m[Worker-Main-14][m [mn.m.w.i.c.RecipeManager.m_5787_(77)[m: Parsing error loading recipe useless_sword:refined_radiance_glaive_recipe
com.google.gson.JsonSyntaxException: Unknown item 'create:refined_radiance'
	at net.minecraft.world.item.crafting.ShapedRecipe.m_151280_(ShapedRecipe.java:343) ~[server-1.18.2-20220404.173914-srg.jar%23116!/:?]
	at java.util.Optional.orElseThrow(Optional.java:403) ~[?:?]
	at net.minecraft.world.item.crafting.ShapedRecipe.m_151278_(ShapedRecipe.java:342) ~[server-1.18.2-20220404.173914-srg.jar%23116!/:?]
	at net.minecraft.world.item.crafting.Ingredient.m_43919_(Ingredient.java:233) ~[server-1.18.2-20220404.173914-srg.jar%23116!/:?]
	at net.minecraftforge.common.crafting.VanillaIngredientSerializer.parse(VanillaIngredientSerializer.java:27) ~[forge-1.18.2-40.2.21-universal.jar%23121!/:?]
	at net.minecraftforge.common.crafting.CraftingHelper.getIngredient(CraftingHelper.java:143) ~[forge-1.18.2-40.2.21-universal.jar%23121!/:?]
	at net.minecraft.world.item.crafting.Ingredient.m_43917_(Ingredient.java:208) ~[server-1.18.2-20220404.173914-srg.jar%23116!/:?]
	at net.minecraft.world.item.crafting.ShapedRecipe.m_44210_(ShapedRecipe.java:329) ~[server-1.18.2-20220404.173914-srg.jar%23116!/:?]
	at net.minecraft.world.item.crafting.ShapedRecipe$Serializer.m_6729_(ShapedRecipe.java:356) ~[server-1.18.2-20220404.173914-srg.jar%23116!/:?]
	at net.minecraft.world.item.crafting.ShapedRecipe$Serializer.m_6729_(ShapedRecipe.java:352) ~[server-1.18.2-20220404.173914-srg.jar%23116!/:?]
	at net.minecraftforge.common.extensions.IForgeRecipeSerializer.fromJson(IForgeRecipeSerializer.java:23) ~[forge-1.18.2-40.2.21-universal.jar%23121!/:?]
	at net.minecraft.world.item.crafting.RecipeManager.fromJson(RecipeManager.java:201) ~[server-1.18.2-20220404.173914-srg.jar%23116!/:?]
	at net.minecraft.world.item.crafting.RecipeManager.m_5787_(RecipeManager.java:67) ~[server-1.18.2-20220404.173914-srg.jar%23116!/:?]
	at net.minecraft.world.item.crafting.RecipeManager.m_5787_(RecipeManager.java:33) ~[server-1.18.2-20220404.173914-srg.jar%23116!/:?]
	at net.minecraft.server.packs.resources.SimplePreparableReloadListener.m_10789_(SimplePreparableReloadListener.java:13) ~[server-1.18.2-20220404.173914-srg.jar%23116!/:?]
	at java.util.concurrent.CompletableFuture$UniAccept.tryFire(CompletableFuture.java:718) ~[?:?]
	at java.util.concurrent.CompletableFuture$Completion.run(CompletableFuture.java:482) ~[?:?]
	at net.minecraft.server.packs.resources.SimpleReloadInstance.m_143940_(SimpleReloadInstance.java:69) ~[server-1.18.2-20220404.173914-srg.jar%23116!/:?]
	at net.minecraft.util.thread.BlockableEventLoop.execute(BlockableEventLoop.java:103) ~[server-1.18.2-20220404.173914-srg.jar%23116!/:?]
	at net.minecraft.server.packs.resources.SimpleReloadInstance.m_10834_(SimpleReloadInstance.java:68) ~[server-1.18.2-20220404.173914-srg.jar%23116!/:?]
	at java.util.concurrent.CompletableFuture$UniCompletion.claim(CompletableFuture.java:572) ~[?:?]
	at java.util.concurrent.CompletableFuture$UniAccept.tryFire(CompletableFuture.java:714) ~[?:?]
	at java.util.concurrent.CompletableFuture.postComplete(CompletableFuture.java:510) ~[?:?]
	at java.util.concurrent.CompletableFuture.postFire(CompletableFuture.java:614) ~[?:?]
	at java.util.concurrent.CompletableFuture$UniAccept.tryFire(CompletableFuture.java:726) ~[?:?]
	at java.util.concurrent.CompletableFuture$Completion.run(CompletableFuture.java:482) ~[?:?]
	at net.minecraft.server.packs.resources.SimpleReloadInstance.m_143940_(SimpleReloadInstance.java:69) ~[server-1.18.2-20220404.173914-srg.jar%23116!/:?]
	at net.minecraft.util.thread.BlockableEventLoop.execute(BlockableEventLoop.java:103) ~[server-1.18.2-20220404.173914-srg.jar%23116!/:?]
	at net.minecraft.server.packs.resources.SimpleReloadInstance.m_10834_(SimpleReloadInstance.java:68) ~[server-1.18.2-20220404.173914-srg.jar%23116!/:?]
	at java.util.concurrent.CompletableFuture$UniCompletion.claim(CompletableFuture.java:572) ~[?:?]
	at java.util.concurrent.CompletableFuture$UniAccept.tryFire(CompletableFuture.java:714) ~[?:?]
	at java.util.concurrent.CompletableFuture.postComplete(CompletableFuture.java:510) ~[?:?]
	at java.util.concurrent.CompletableFuture.postFire(CompletableFuture.java:614) ~[?:?]
	at java.util.concurrent.CompletableFuture$UniAccept.tryFire(CompletableFuture.java:726) ~[?:?]
	at java.util.concurrent.CompletableFuture$Completion.run(CompletableFuture.java:482) ~[?:?]
	at net.minecraft.server.packs.resources.SimpleReloadInstance.m_143940_(SimpleReloadInstance.java:69) ~[server-1.18.2-20220404.173914-srg.jar%23116!/:?]
	at net.minecraft.util.thread.BlockableEventLoop.execute(BlockableEventLoop.java:103) ~[server-1.18.2-20220404.173914-srg.jar%23116!/:?]
	at net.minecraft.server.packs.resources.SimpleReloadInstance.m_10834_(SimpleReloadInstance.java:68) ~[server-1.18.2-20220404.173914-srg.jar%23116!/:?]
	at java.util.concurrent.CompletableFuture$UniCompletion.claim(CompletableFuture.java:572) ~[?:?]
	at java.util.concurrent.CompletableFuture$UniAccept.tryFire(CompletableFuture.java:714) ~[?:?]
	at java.util.concurrent.CompletableFuture.postComplete(CompletableFuture.java:510) ~[?:?]
	at java.util.concurrent.CompletableFuture.complete(CompletableFuture.java:2179) ~[?:?]
	at net.minecraft.server.packs.resources.SimpleReloadInstance$1.m_10855_(SimpleReloadInstance.java:51) ~[server-1.18.2-20220404.173914-srg.jar%23116!/:?]
	at net.minecraft.util.thread.BlockableEventLoop.execute(BlockableEventLoop.java:103) ~[server-1.18.2-20220404.173914-srg.jar%23116!/:?]
	at net.minecraft.server.packs.resources.SimpleReloadInstance$1.m_6769_(SimpleReloadInstance.java:48) ~[server-1.18.2-20220404.173914-srg.jar%23116!/:?]
	at java.util.concurrent.CompletableFuture$UniCompose.tryFire(CompletableFuture.java:1150) [?:?]
	at java.util.concurrent.CompletableFuture.postComplete(CompletableFuture.java:510) [?:?]
	at java.util.concurrent.CompletableFuture$AsyncSupply.run(CompletableFuture.java:1773) [?:?]
	at java.util.concurrent.CompletableFuture$AsyncSupply.exec(CompletableFuture.java:1760) [?:?]
	at java.util.concurrent.ForkJoinTask.doExec(ForkJoinTask.java:387) [?:?]
	at java.util.concurrent.ForkJoinPool$WorkQueue.topLevelExec(ForkJoinPool.java:1312) [?:?]
	at java.util.concurrent.ForkJoinPool.scan(ForkJoinPool.java:1843) [?:?]
	at java.util.concurrent.ForkJoinPool.runWorker(ForkJoinPool.java:1808) [?:?]
	at java.util.concurrent.ForkJoinWorkerThread.run(ForkJoinWorkerThread.java:188) [?:?]
2025-03-09 02:31:14,342 [1;31mERROR[m [m[Worker-Main-14][m [mn.m.w.i.c.RecipeManager.m_5787_(77)[m: Parsing error loading recipe tac:ultimate_material
com.google.gson.JsonSyntaxException: Missing type, expected to find a string
	at net.minecraft.util.GsonHelper.m_13906_(GsonHelper.java:112) ~[server-1.18.2-20220404.173914-srg.jar%23116!/:?]
	at net.minecraft.world.item.crafting.RecipeManager.fromJson(RecipeManager.java:198) ~[server-1.18.2-20220404.173914-srg.jar%23116!/:?]
	at net.minecraft.world.item.crafting.RecipeManager.m_5787_(RecipeManager.java:67) ~[server-1.18.2-20220404.173914-srg.jar%23116!/:?]
	at net.minecraft.world.item.crafting.RecipeManager.m_5787_(RecipeManager.java:33) ~[server-1.18.2-20220404.173914-srg.jar%23116!/:?]
	at net.minecraft.server.packs.resources.SimplePreparableReloadListener.m_10789_(SimplePreparableReloadListener.java:13) ~[server-1.18.2-20220404.173914-srg.jar%23116!/:?]
	at java.util.concurrent.CompletableFuture$UniAccept.tryFire(CompletableFuture.java:718) ~[?:?]
	at java.util.concurrent.CompletableFuture$Completion.run(CompletableFuture.java:482) ~[?:?]
	at net.minecraft.server.packs.resources.SimpleReloadInstance.m_143940_(SimpleReloadInstance.java:69) ~[server-1.18.2-20220404.173914-srg.jar%23116!/:?]
	at net.minecraft.util.thread.BlockableEventLoop.execute(BlockableEventLoop.java:103) ~[server-1.18.2-20220404.173914-srg.jar%23116!/:?]
	at net.minecraft.server.packs.resources.SimpleReloadInstance.m_10834_(SimpleReloadInstance.java:68) ~[server-1.18.2-20220404.173914-srg.jar%23116!/:?]
	at java.util.concurrent.CompletableFuture$UniCompletion.claim(CompletableFuture.java:572) ~[?:?]
	at java.util.concurrent.CompletableFuture$UniAccept.tryFire(CompletableFuture.java:714) ~[?:?]
	at java.util.concurrent.CompletableFuture.postComplete(CompletableFuture.java:510) ~[?:?]
	at java.util.concurrent.CompletableFuture.postFire(CompletableFuture.java:614) ~[?:?]
	at java.util.concurrent.CompletableFuture$UniAccept.tryFire(CompletableFuture.java:726) ~[?:?]
	at java.util.concurrent.CompletableFuture$Completion.run(CompletableFuture.java:482) ~[?:?]
	at net.minecraft.server.packs.resources.SimpleReloadInstance.m_143940_(SimpleReloadInstance.java:69) ~[server-1.18.2-20220404.173914-srg.jar%23116!/:?]
	at net.minecraft.util.thread.BlockableEventLoop.execute(BlockableEventLoop.java:103) ~[server-1.18.2-20220404.173914-srg.jar%23116!/:?]
	at net.minecraft.server.packs.resources.SimpleReloadInstance.m_10834_(SimpleReloadInstance.java:68) ~[server-1.18.2-20220404.173914-srg.jar%23116!/:?]
	at java.util.concurrent.CompletableFuture$UniCompletion.claim(CompletableFuture.java:572) ~[?:?]
	at java.util.concurrent.CompletableFuture$UniAccept.tryFire(CompletableFuture.java:714) ~[?:?]
	at java.util.concurrent.CompletableFuture.postComplete(CompletableFuture.java:510) ~[?:?]
	at java.util.concurrent.CompletableFuture.postFire(CompletableFuture.java:614) ~[?:?]
	at java.util.concurrent.CompletableFuture$UniAccept.tryFire(CompletableFuture.java:726) ~[?:?]
	at java.util.concurrent.CompletableFuture$Completion.run(CompletableFuture.java:482) ~[?:?]
	at net.minecraft.server.packs.resources.SimpleReloadInstance.m_143940_(SimpleReloadInstance.java:69) ~[server-1.18.2-20220404.173914-srg.jar%23116!/:?]
	at net.minecraft.util.thread.BlockableEventLoop.execute(BlockableEventLoop.java:103) ~[server-1.18.2-20220404.173914-srg.jar%23116!/:?]
	at net.minecraft.server.packs.resources.SimpleReloadInstance.m_10834_(SimpleReloadInstance.java:68) ~[server-1.18.2-20220404.173914-srg.jar%23116!/:?]
	at java.util.concurrent.CompletableFuture$UniCompletion.claim(CompletableFuture.java:572) ~[?:?]
	at java.util.concurrent.CompletableFuture$UniAccept.tryFire(CompletableFuture.java:714) ~[?:?]
	at java.util.concurrent.CompletableFuture.postComplete(CompletableFuture.java:510) ~[?:?]
	at java.util.concurrent.CompletableFuture.complete(CompletableFuture.java:2179) ~[?:?]
	at net.minecraft.server.packs.resources.SimpleReloadInstance$1.m_10855_(SimpleReloadInstance.java:51) ~[server-1.18.2-20220404.173914-srg.jar%23116!/:?]
	at net.minecraft.util.thread.BlockableEventLoop.execute(BlockableEventLoop.java:103) ~[server-1.18.2-20220404.173914-srg.jar%23116!/:?]
	at net.minecraft.server.packs.resources.SimpleReloadInstance$1.m_6769_(SimpleReloadInstance.java:48) ~[server-1.18.2-20220404.173914-srg.jar%23116!/:?]
	at java.util.concurrent.CompletableFuture$UniCompose.tryFire(CompletableFuture.java:1150) [?:?]
	at java.util.concurrent.CompletableFuture.postComplete(CompletableFuture.java:510) [?:?]
	at java.util.concurrent.CompletableFuture$AsyncSupply.run(CompletableFuture.java:1773) [?:?]
	at java.util.concurrent.CompletableFuture$AsyncSupply.exec(CompletableFuture.java:1760) [?:?]
	at java.util.concurrent.ForkJoinTask.doExec(ForkJoinTask.java:387) [?:?]
	at java.util.concurrent.ForkJoinPool$WorkQueue.topLevelExec(ForkJoinPool.java:1312) [?:?]
	at java.util.concurrent.ForkJoinPool.scan(ForkJoinPool.java:1843) [?:?]
	at java.util.concurrent.ForkJoinPool.runWorker(ForkJoinPool.java:1808) [?:?]
	at java.util.concurrent.ForkJoinWorkerThread.run(ForkJoinWorkerThread.java:188) [?:?]
2025-03-09 02:31:14,348 [1;31mERROR[m [m[Worker-Main-14][m [mn.m.w.i.c.RecipeManager.m_5787_(77)[m: Parsing error loading recipe useless_sword:naga_slicer_recipe
com.google.gson.JsonSyntaxException: Unknown item 'twilightforest:naga_scale'
	at net.minecraft.world.item.crafting.ShapedRecipe.m_151280_(ShapedRecipe.java:343) ~[server-1.18.2-20220404.173914-srg.jar%23116!/:?]
	at java.util.Optional.orElseThrow(Optional.java:403) ~[?:?]
	at net.minecraft.world.item.crafting.ShapedRecipe.m_151278_(ShapedRecipe.java:342) ~[server-1.18.2-20220404.173914-srg.jar%23116!/:?]
	at net.minecraft.world.item.crafting.Ingredient.m_43919_(Ingredient.java:233) ~[server-1.18.2-20220404.173914-srg.jar%23116!/:?]
	at net.minecraftforge.common.crafting.VanillaIngredientSerializer.parse(VanillaIngredientSerializer.java:27) ~[forge-1.18.2-40.2.21-universal.jar%23121!/:?]
	at net.minecraftforge.common.crafting.CraftingHelper.getIngredient(CraftingHelper.java:143) ~[forge-1.18.2-40.2.21-universal.jar%23121!/:?]
	at net.minecraft.world.item.crafting.Ingredient.m_43917_(Ingredient.java:208) ~[server-1.18.2-20220404.173914-srg.jar%23116!/:?]
	at net.minecraft.world.item.crafting.ShapedRecipe.m_44210_(ShapedRecipe.java:329) ~[server-1.18.2-20220404.173914-srg.jar%23116!/:?]
	at net.minecraft.world.item.crafting.ShapedRecipe$Serializer.m_6729_(ShapedRecipe.java:356) ~[server-1.18.2-20220404.173914-srg.jar%23116!/:?]
	at net.minecraft.world.item.crafting.ShapedRecipe$Serializer.m_6729_(ShapedRecipe.java:352) ~[server-1.18.2-20220404.173914-srg.jar%23116!/:?]
	at net.minecraftforge.common.extensions.IForgeRecipeSerializer.fromJson(IForgeRecipeSerializer.java:23) ~[forge-1.18.2-40.2.21-universal.jar%23121!/:?]
	at net.minecraft.world.item.crafting.RecipeManager.fromJson(RecipeManager.java:201) ~[server-1.18.2-20220404.173914-srg.jar%23116!/:?]
	at net.minecraft.world.item.crafting.RecipeManager.m_5787_(RecipeManager.java:67) ~[server-1.18.2-20220404.173914-srg.jar%23116!/:?]
	at net.minecraft.world.item.crafting.RecipeManager.m_5787_(RecipeManager.java:33) ~[server-1.18.2-20220404.173914-srg.jar%23116!/:?]
	at net.minecraft.server.packs.resources.SimplePreparableReloadListener.m_10789_(SimplePreparableReloadListener.java:13) ~[server-1.18.2-20220404.173914-srg.jar%23116!/:?]
	at java.util.concurrent.CompletableFuture$UniAccept.tryFire(CompletableFuture.java:718) ~[?:?]
	at java.util.concurrent.CompletableFuture$Completion.run(CompletableFuture.java:482) ~[?:?]
	at net.minecraft.server.packs.resources.SimpleReloadInstance.m_143940_(SimpleReloadInstance.java:69) ~[server-1.18.2-20220404.173914-srg.jar%23116!/:?]
	at net.minecraft.util.thread.BlockableEventLoop.execute(BlockableEventLoop.java:103) ~[server-1.18.2-20220404.173914-srg.jar%23116!/:?]
	at net.minecraft.server.packs.resources.SimpleReloadInstance.m_10834_(SimpleReloadInstance.java:68) ~[server-1.18.2-20220404.173914-srg.jar%23116!/:?]
	at java.util.concurrent.CompletableFuture$UniCompletion.claim(CompletableFuture.java:572) ~[?:?]
	at java.util.concurrent.CompletableFuture$UniAccept.tryFire(CompletableFuture.java:714) ~[?:?]
	at java.util.concurrent.CompletableFuture.postComplete(CompletableFuture.java:510) ~[?:?]
	at java.util.concurrent.CompletableFuture.postFire(CompletableFuture.java:614) ~[?:?]
	at java.util.concurrent.CompletableFuture$UniAccept.tryFire(CompletableFuture.java:726) ~[?:?]
	at java.util.concurrent.CompletableFuture$Completion.run(CompletableFuture.java:482) ~[?:?]
	at net.minecraft.server.packs.resources.SimpleReloadInstance.m_143940_(SimpleReloadInstance.java:69) ~[server-1.18.2-20220404.173914-srg.jar%23116!/:?]
	at net.minecraft.util.thread.BlockableEventLoop.execute(BlockableEventLoop.java:103) ~[server-1.18.2-20220404.173914-srg.jar%23116!/:?]
	at net.minecraft.server.packs.resources.SimpleReloadInstance.m_10834_(SimpleReloadInstance.java:68) ~[server-1.18.2-20220404.173914-srg.jar%23116!/:?]
	at java.util.concurrent.CompletableFuture$UniCompletion.claim(CompletableFuture.java:572) ~[?:?]
	at java.util.concurrent.CompletableFuture$UniAccept.tryFire(CompletableFuture.java:714) ~[?:?]
	at java.util.concurrent.CompletableFuture.postComplete(CompletableFuture.java:510) ~[?:?]
	at java.util.concurrent.CompletableFuture.postFire(CompletableFuture.java:614) ~[?:?]
	at java.util.concurrent.CompletableFuture$UniAccept.tryFire(CompletableFuture.java:726) ~[?:?]
	at java.util.concurrent.CompletableFuture$Completion.run(CompletableFuture.java:482) ~[?:?]
	at net.minecraft.server.packs.resources.SimpleReloadInstance.m_143940_(SimpleReloadInstance.java:69) ~[server-1.18.2-20220404.173914-srg.jar%23116!/:?]
	at net.minecraft.util.thread.BlockableEventLoop.execute(BlockableEventLoop.java:103) ~[server-1.18.2-20220404.173914-srg.jar%23116!/:?]
	at net.minecraft.server.packs.resources.SimpleReloadInstance.m_10834_(SimpleReloadInstance.java:68) ~[server-1.18.2-20220404.173914-srg.jar%23116!/:?]
	at java.util.concurrent.CompletableFuture$UniCompletion.claim(CompletableFuture.java:572) ~[?:?]
	at java.util.concurrent.CompletableFuture$UniAccept.tryFire(CompletableFuture.java:714) ~[?:?]
	at java.util.concurrent.CompletableFuture.postComplete(CompletableFuture.java:510) ~[?:?]
	at java.util.concurrent.CompletableFuture.complete(CompletableFuture.java:2179) ~[?:?]
	at net.minecraft.server.packs.resources.SimpleReloadInstance$1.m_10855_(SimpleReloadInstance.java:51) ~[server-1.18.2-20220404.173914-srg.jar%23116!/:?]
	at net.minecraft.util.thread.BlockableEventLoop.execute(BlockableEventLoop.java:103) ~[server-1.18.2-20220404.173914-srg.jar%23116!/:?]
	at net.minecraft.server.packs.resources.SimpleReloadInstance$1.m_6769_(SimpleReloadInstance.java:48) ~[server-1.18.2-20220404.173914-srg.jar%23116!/:?]
	at java.util.concurrent.CompletableFuture$UniCompose.tryFire(CompletableFuture.java:1150) [?:?]
	at java.util.concurrent.CompletableFuture.postComplete(CompletableFuture.java:510) [?:?]
	at java.util.concurrent.CompletableFuture$AsyncSupply.run(CompletableFuture.java:1773) [?:?]
	at java.util.concurrent.CompletableFuture$AsyncSupply.exec(CompletableFuture.java:1760) [?:?]
	at java.util.concurrent.ForkJoinTask.doExec(ForkJoinTask.java:387) [?:?]
	at java.util.concurrent.ForkJoinPool$WorkQueue.topLevelExec(ForkJoinPool.java:1312) [?:?]
	at java.util.concurrent.ForkJoinPool.scan(ForkJoinPool.java:1843) [?:?]
	at java.util.concurrent.ForkJoinPool.runWorker(ForkJoinPool.java:1808) [?:?]
	at java.util.concurrent.ForkJoinWorkerThread.run(ForkJoinWorkerThread.java:188) [?:?]
2025-03-09 02:31:14,381 [1;31mERROR[m [m[Worker-Main-14][m [mn.m.w.i.c.RecipeManager.m_5787_(77)[m: Parsing error loading recipe tac:uncommon_material
com.google.gson.JsonSyntaxException: Missing type, expected to find a string
	at net.minecraft.util.GsonHelper.m_13906_(GsonHelper.java:112) ~[server-1.18.2-20220404.173914-srg.jar%23116!/:?]
	at net.minecraft.world.item.crafting.RecipeManager.fromJson(RecipeManager.java:198) ~[server-1.18.2-20220404.173914-srg.jar%23116!/:?]
	at net.minecraft.world.item.crafting.RecipeManager.m_5787_(RecipeManager.java:67) ~[server-1.18.2-20220404.173914-srg.jar%23116!/:?]
	at net.minecraft.world.item.crafting.RecipeManager.m_5787_(RecipeManager.java:33) ~[server-1.18.2-20220404.173914-srg.jar%23116!/:?]
	at net.minecraft.server.packs.resources.SimplePreparableReloadListener.m_10789_(SimplePreparableReloadListener.java:13) ~[server-1.18.2-20220404.173914-srg.jar%23116!/:?]
	at java.util.concurrent.CompletableFuture$UniAccept.tryFire(CompletableFuture.java:718) ~[?:?]
	at java.util.concurrent.CompletableFuture$Completion.run(CompletableFuture.java:482) ~[?:?]
	at net.minecraft.server.packs.resources.SimpleReloadInstance.m_143940_(SimpleReloadInstance.java:69) ~[server-1.18.2-20220404.173914-srg.jar%23116!/:?]
	at net.minecraft.util.thread.BlockableEventLoop.execute(BlockableEventLoop.java:103) ~[server-1.18.2-20220404.173914-srg.jar%23116!/:?]
	at net.minecraft.server.packs.resources.SimpleReloadInstance.m_10834_(SimpleReloadInstance.java:68) ~[server-1.18.2-20220404.173914-srg.jar%23116!/:?]
	at java.util.concurrent.CompletableFuture$UniCompletion.claim(CompletableFuture.java:572) ~[?:?]
	at java.util.concurrent.CompletableFuture$UniAccept.tryFire(CompletableFuture.java:714) ~[?:?]
	at java.util.concurrent.CompletableFuture.postComplete(CompletableFuture.java:510) ~[?:?]
	at java.util.concurrent.CompletableFuture.postFire(CompletableFuture.java:614) ~[?:?]
	at java.util.concurrent.CompletableFuture$UniAccept.tryFire(CompletableFuture.java:726) ~[?:?]
	at java.util.concurrent.CompletableFuture$Completion.run(CompletableFuture.java:482) ~[?:?]
	at net.minecraft.server.packs.resources.SimpleReloadInstance.m_143940_(SimpleReloadInstance.java:69) ~[server-1.18.2-20220404.173914-srg.jar%23116!/:?]
	at net.minecraft.util.thread.BlockableEventLoop.execute(BlockableEventLoop.java:103) ~[server-1.18.2-20220404.173914-srg.jar%23116!/:?]
	at net.minecraft.server.packs.resources.SimpleReloadInstance.m_10834_(SimpleReloadInstance.java:68) ~[server-1.18.2-20220404.173914-srg.jar%23116!/:?]
	at java.util.concurrent.CompletableFuture$UniCompletion.claim(CompletableFuture.java:572) ~[?:?]
	at java.util.concurrent.CompletableFuture$UniAccept.tryFire(CompletableFuture.java:714) ~[?:?]
	at java.util.concurrent.CompletableFuture.postComplete(CompletableFuture.java:510) ~[?:?]
	at java.util.concurrent.CompletableFuture.postFire(CompletableFuture.java:614) ~[?:?]
	at java.util.concurrent.CompletableFuture$UniAccept.tryFire(CompletableFuture.java:726) ~[?:?]
	at java.util.concurrent.CompletableFuture$Completion.run(CompletableFuture.java:482) ~[?:?]
	at net.minecraft.server.packs.resources.SimpleReloadInstance.m_143940_(SimpleReloadInstance.java:69) ~[server-1.18.2-20220404.173914-srg.jar%23116!/:?]
	at net.minecraft.util.thread.BlockableEventLoop.execute(BlockableEventLoop.java:103) ~[server-1.18.2-20220404.173914-srg.jar%23116!/:?]
	at net.minecraft.server.packs.resources.SimpleReloadInstance.m_10834_(SimpleReloadInstance.java:68) ~[server-1.18.2-20220404.173914-srg.jar%23116!/:?]
	at java.util.concurrent.CompletableFuture$UniCompletion.claim(CompletableFuture.java:572) ~[?:?]
	at java.util.concurrent.CompletableFuture$UniAccept.tryFire(CompletableFuture.java:714) ~[?:?]
	at java.util.concurrent.CompletableFuture.postComplete(CompletableFuture.java:510) ~[?:?]
	at java.util.concurrent.CompletableFuture.complete(CompletableFuture.java:2179) ~[?:?]
	at net.minecraft.server.packs.resources.SimpleReloadInstance$1.m_10855_(SimpleReloadInstance.java:51) ~[server-1.18.2-20220404.173914-srg.jar%23116!/:?]
	at net.minecraft.util.thread.BlockableEventLoop.execute(BlockableEventLoop.java:103) ~[server-1.18.2-20220404.173914-srg.jar%23116!/:?]
	at net.minecraft.server.packs.resources.SimpleReloadInstance$1.m_6769_(SimpleReloadInstance.java:48) ~[server-1.18.2-20220404.173914-srg.jar%23116!/:?]
	at java.util.concurrent.CompletableFuture$UniCompose.tryFire(CompletableFuture.java:1150) [?:?]
	at java.util.concurrent.CompletableFuture.postComplete(CompletableFuture.java:510) [?:?]
	at java.util.concurrent.CompletableFuture$AsyncSupply.run(CompletableFuture.java:1773) [?:?]
	at java.util.concurrent.CompletableFuture$AsyncSupply.exec(CompletableFuture.java:1760) [?:?]
	at java.util.concurrent.ForkJoinTask.doExec(ForkJoinTask.java:387) [?:?]
	at java.util.concurrent.ForkJoinPool$WorkQueue.topLevelExec(ForkJoinPool.java:1312) [?:?]
	at java.util.concurrent.ForkJoinPool.scan(ForkJoinPool.java:1843) [?:?]
	at java.util.concurrent.ForkJoinPool.runWorker(ForkJoinPool.java:1808) [?:?]
	at java.util.concurrent.ForkJoinWorkerThread.run(ForkJoinWorkerThread.java:188) [?:?]
2025-03-09 02:31:14,385 [1;31mERROR[m [m[Worker-Main-14][m [mn.m.w.i.c.RecipeManager.m_5787_(77)[m: Parsing error loading recipe useless_sword:weed_foil_recipe
com.google.gson.JsonSyntaxException: Unknown item 'druidcraft:oak_small_beam'
	at net.minecraft.world.item.crafting.ShapedRecipe.m_151280_(ShapedRecipe.java:343) ~[server-1.18.2-20220404.173914-srg.jar%23116!/:?]
	at java.util.Optional.orElseThrow(Optional.java:403) ~[?:?]
	at net.minecraft.world.item.crafting.ShapedRecipe.m_151278_(ShapedRecipe.java:342) ~[server-1.18.2-20220404.173914-srg.jar%23116!/:?]
	at net.minecraft.world.item.crafting.Ingredient.m_43919_(Ingredient.java:233) ~[server-1.18.2-20220404.173914-srg.jar%23116!/:?]
	at net.minecraftforge.common.crafting.VanillaIngredientSerializer.parse(VanillaIngredientSerializer.java:27) ~[forge-1.18.2-40.2.21-universal.jar%23121!/:?]
	at net.minecraftforge.common.crafting.CraftingHelper.getIngredient(CraftingHelper.java:143) ~[forge-1.18.2-40.2.21-universal.jar%23121!/:?]
	at net.minecraft.world.item.crafting.Ingredient.m_43917_(Ingredient.java:208) ~[server-1.18.2-20220404.173914-srg.jar%23116!/:?]
	at net.minecraft.world.item.crafting.ShapedRecipe.m_44210_(ShapedRecipe.java:329) ~[server-1.18.2-20220404.173914-srg.jar%23116!/:?]
	at net.minecraft.world.item.crafting.ShapedRecipe$Serializer.m_6729_(ShapedRecipe.java:356) ~[server-1.18.2-20220404.173914-srg.jar%23116!/:?]
	at net.minecraft.world.item.crafting.ShapedRecipe$Serializer.m_6729_(ShapedRecipe.java:352) ~[server-1.18.2-20220404.173914-srg.jar%23116!/:?]
	at net.minecraftforge.common.extensions.IForgeRecipeSerializer.fromJson(IForgeRecipeSerializer.java:23) ~[forge-1.18.2-40.2.21-universal.jar%23121!/:?]
	at net.minecraft.world.item.crafting.RecipeManager.fromJson(RecipeManager.java:201) ~[server-1.18.2-20220404.173914-srg.jar%23116!/:?]
	at net.minecraft.world.item.crafting.RecipeManager.m_5787_(RecipeManager.java:67) ~[server-1.18.2-20220404.173914-srg.jar%23116!/:?]
	at net.minecraft.world.item.crafting.RecipeManager.m_5787_(RecipeManager.java:33) ~[server-1.18.2-20220404.173914-srg.jar%23116!/:?]
	at net.minecraft.server.packs.resources.SimplePreparableReloadListener.m_10789_(SimplePreparableReloadListener.java:13) ~[server-1.18.2-20220404.173914-srg.jar%23116!/:?]
	at java.util.concurrent.CompletableFuture$UniAccept.tryFire(CompletableFuture.java:718) ~[?:?]
	at java.util.concurrent.CompletableFuture$Completion.run(CompletableFuture.java:482) ~[?:?]
	at net.minecraft.server.packs.resources.SimpleReloadInstance.m_143940_(SimpleReloadInstance.java:69) ~[server-1.18.2-20220404.173914-srg.jar%23116!/:?]
	at net.minecraft.util.thread.BlockableEventLoop.execute(BlockableEventLoop.java:103) ~[server-1.18.2-20220404.173914-srg.jar%23116!/:?]
	at net.minecraft.server.packs.resources.SimpleReloadInstance.m_10834_(SimpleReloadInstance.java:68) ~[server-1.18.2-20220404.173914-srg.jar%23116!/:?]
	at java.util.concurrent.CompletableFuture$UniCompletion.claim(CompletableFuture.java:572) ~[?:?]
	at java.util.concurrent.CompletableFuture$UniAccept.tryFire(CompletableFuture.java:714) ~[?:?]
	at java.util.concurrent.CompletableFuture.postComplete(CompletableFuture.java:510) ~[?:?]
	at java.util.concurrent.CompletableFuture.postFire(CompletableFuture.java:614) ~[?:?]
	at java.util.concurrent.CompletableFuture$UniAccept.tryFire(CompletableFuture.java:726) ~[?:?]
	at java.util.concurrent.CompletableFuture$Completion.run(CompletableFuture.java:482) ~[?:?]
	at net.minecraft.server.packs.resources.SimpleReloadInstance.m_143940_(SimpleReloadInstance.java:69) ~[server-1.18.2-20220404.173914-srg.jar%23116!/:?]
	at net.minecraft.util.thread.BlockableEventLoop.execute(BlockableEventLoop.java:103) ~[server-1.18.2-20220404.173914-srg.jar%23116!/:?]
	at net.minecraft.server.packs.resources.SimpleReloadInstance.m_10834_(SimpleReloadInstance.java:68) ~[server-1.18.2-20220404.173914-srg.jar%23116!/:?]
	at java.util.concurrent.CompletableFuture$UniCompletion.claim(CompletableFuture.java:572) ~[?:?]
	at java.util.concurrent.CompletableFuture$UniAccept.tryFire(CompletableFuture.java:714) ~[?:?]
	at java.util.concurrent.CompletableFuture.postComplete(CompletableFuture.java:510) ~[?:?]
	at java.util.concurrent.CompletableFuture.postFire(CompletableFuture.java:614) ~[?:?]
	at java.util.concurrent.CompletableFuture$UniAccept.tryFire(CompletableFuture.java:726) ~[?:?]
	at java.util.concurrent.CompletableFuture$Completion.run(CompletableFuture.java:482) ~[?:?]
	at net.minecraft.server.packs.resources.SimpleReloadInstance.m_143940_(SimpleReloadInstance.java:69) ~[server-1.18.2-20220404.173914-srg.jar%23116!/:?]
	at net.minecraft.util.thread.BlockableEventLoop.execute(BlockableEventLoop.java:103) ~[server-1.18.2-20220404.173914-srg.jar%23116!/:?]
	at net.minecraft.server.packs.resources.SimpleReloadInstance.m_10834_(SimpleReloadInstance.java:68) ~[server-1.18.2-20220404.173914-srg.jar%23116!/:?]
	at java.util.concurrent.CompletableFuture$UniCompletion.claim(CompletableFuture.java:572) ~[?:?]
	at java.util.concurrent.CompletableFuture$UniAccept.tryFire(CompletableFuture.java:714) ~[?:?]
	at java.util.concurrent.CompletableFuture.postComplete(CompletableFuture.java:510) ~[?:?]
	at java.util.concurrent.CompletableFuture.complete(CompletableFuture.java:2179) ~[?:?]
	at net.minecraft.server.packs.resources.SimpleReloadInstance$1.m_10855_(SimpleReloadInstance.java:51) ~[server-1.18.2-20220404.173914-srg.jar%23116!/:?]
	at net.minecraft.util.thread.BlockableEventLoop.execute(BlockableEventLoop.java:103) ~[server-1.18.2-20220404.173914-srg.jar%23116!/:?]
	at net.minecraft.server.packs.resources.SimpleReloadInstance$1.m_6769_(SimpleReloadInstance.java:48) ~[server-1.18.2-20220404.173914-srg.jar%23116!/:?]
	at java.util.concurrent.CompletableFuture$UniCompose.tryFire(CompletableFuture.java:1150) [?:?]
	at java.util.concurrent.CompletableFuture.postComplete(CompletableFuture.java:510) [?:?]
	at java.util.concurrent.CompletableFuture$AsyncSupply.run(CompletableFuture.java:1773) [?:?]
	at java.util.concurrent.CompletableFuture$AsyncSupply.exec(CompletableFuture.java:1760) [?:?]
	at java.util.concurrent.ForkJoinTask.doExec(ForkJoinTask.java:387) [?:?]
	at java.util.concurrent.ForkJoinPool$WorkQueue.topLevelExec(ForkJoinPool.java:1312) [?:?]
	at java.util.concurrent.ForkJoinPool.scan(ForkJoinPool.java:1843) [?:?]
	at java.util.concurrent.ForkJoinPool.runWorker(ForkJoinPool.java:1808) [?:?]
	at java.util.concurrent.ForkJoinWorkerThread.run(ForkJoinWorkerThread.java:188) [?:?]
2025-03-09 02:31:14,388 [1;31mERROR[m [m[Worker-Main-14][m [mn.m.w.i.c.RecipeManager.m_5787_(77)[m: Parsing error loading recipe alternacraft:indominus_spawn_egg_from_dna_extractor
com.google.gson.JsonSyntaxException: Invalid or unsupported recipe type 'alternacraft:dna_extracting'
	at net.minecraft.world.item.crafting.RecipeManager.lambda$fromJson$10(RecipeManager.java:200) ~[server-1.18.2-20220404.173914-srg.jar%23116!/:?]
	at java.util.Optional.orElseThrow(Optional.java:403) ~[?:?]
	at net.minecraft.world.item.crafting.RecipeManager.fromJson(RecipeManager.java:199) ~[server-1.18.2-20220404.173914-srg.jar%23116!/:?]
	at net.minecraft.world.item.crafting.RecipeManager.m_5787_(RecipeManager.java:67) ~[server-1.18.2-20220404.173914-srg.jar%23116!/:?]
	at net.minecraft.world.item.crafting.RecipeManager.m_5787_(RecipeManager.java:33) ~[server-1.18.2-20220404.173914-srg.jar%23116!/:?]
	at net.minecraft.server.packs.resources.SimplePreparableReloadListener.m_10789_(SimplePreparableReloadListener.java:13) ~[server-1.18.2-20220404.173914-srg.jar%23116!/:?]
	at java.util.concurrent.CompletableFuture$UniAccept.tryFire(CompletableFuture.java:718) ~[?:?]
	at java.util.concurrent.CompletableFuture$Completion.run(CompletableFuture.java:482) ~[?:?]
	at net.minecraft.server.packs.resources.SimpleReloadInstance.m_143940_(SimpleReloadInstance.java:69) ~[server-1.18.2-20220404.173914-srg.jar%23116!/:?]
	at net.minecraft.util.thread.BlockableEventLoop.execute(BlockableEventLoop.java:103) ~[server-1.18.2-20220404.173914-srg.jar%23116!/:?]
	at net.minecraft.server.packs.resources.SimpleReloadInstance.m_10834_(SimpleReloadInstance.java:68) ~[server-1.18.2-20220404.173914-srg.jar%23116!/:?]
	at java.util.concurrent.CompletableFuture$UniCompletion.claim(CompletableFuture.java:572) ~[?:?]
	at java.util.concurrent.CompletableFuture$UniAccept.tryFire(CompletableFuture.java:714) ~[?:?]
	at java.util.concurrent.CompletableFuture.postComplete(CompletableFuture.java:510) ~[?:?]
	at java.util.concurrent.CompletableFuture.postFire(CompletableFuture.java:614) ~[?:?]
	at java.util.concurrent.CompletableFuture$UniAccept.tryFire(CompletableFuture.java:726) ~[?:?]
	at java.util.concurrent.CompletableFuture$Completion.run(CompletableFuture.java:482) ~[?:?]
	at net.minecraft.server.packs.resources.SimpleReloadInstance.m_143940_(SimpleReloadInstance.java:69) ~[server-1.18.2-20220404.173914-srg.jar%23116!/:?]
	at net.minecraft.util.thread.BlockableEventLoop.execute(BlockableEventLoop.java:103) ~[server-1.18.2-20220404.173914-srg.jar%23116!/:?]
	at net.minecraft.server.packs.resources.SimpleReloadInstance.m_10834_(SimpleReloadInstance.java:68) ~[server-1.18.2-20220404.173914-srg.jar%23116!/:?]
	at java.util.concurrent.CompletableFuture$UniCompletion.claim(CompletableFuture.java:572) ~[?:?]
	at java.util.concurrent.CompletableFuture$UniAccept.tryFire(CompletableFuture.java:714) ~[?:?]
	at java.util.concurrent.CompletableFuture.postComplete(CompletableFuture.java:510) ~[?:?]
	at java.util.concurrent.CompletableFuture.postFire(CompletableFuture.java:614) ~[?:?]
	at java.util.concurrent.CompletableFuture$UniAccept.tryFire(CompletableFuture.java:726) ~[?:?]
	at java.util.concurrent.CompletableFuture$Completion.run(CompletableFuture.java:482) ~[?:?]
	at net.minecraft.server.packs.resources.SimpleReloadInstance.m_143940_(SimpleReloadInstance.java:69) ~[server-1.18.2-20220404.173914-srg.jar%23116!/:?]
	at net.minecraft.util.thread.BlockableEventLoop.execute(BlockableEventLoop.java:103) ~[server-1.18.2-20220404.173914-srg.jar%23116!/:?]
	at net.minecraft.server.packs.resources.SimpleReloadInstance.m_10834_(SimpleReloadInstance.java:68) ~[server-1.18.2-20220404.173914-srg.jar%23116!/:?]
	at java.util.concurrent.CompletableFuture$UniCompletion.claim(CompletableFuture.java:572) ~[?:?]
	at java.util.concurrent.CompletableFuture$UniAccept.tryFire(CompletableFuture.java:714) ~[?:?]
	at java.util.concurrent.CompletableFuture.postComplete(CompletableFuture.java:510) ~[?:?]
	at java.util.concurrent.CompletableFuture.complete(CompletableFuture.java:2179) ~[?:?]
	at net.minecraft.server.packs.resources.SimpleReloadInstance$1.m_10855_(SimpleReloadInstance.java:51) ~[server-1.18.2-20220404.173914-srg.jar%23116!/:?]
	at net.minecraft.util.thread.BlockableEventLoop.execute(BlockableEventLoop.java:103) ~[server-1.18.2-20220404.173914-srg.jar%23116!/:?]
	at net.minecraft.server.packs.resources.SimpleReloadInstance$1.m_6769_(SimpleReloadInstance.java:48) ~[server-1.18.2-20220404.173914-srg.jar%23116!/:?]
	at java.util.concurrent.CompletableFuture$UniCompose.tryFire(CompletableFuture.java:1150) [?:?]
	at java.util.concurrent.CompletableFuture.postComplete(CompletableFuture.java:510) [?:?]
	at java.util.concurrent.CompletableFuture$AsyncSupply.run(CompletableFuture.java:1773) [?:?]
	at java.util.concurrent.CompletableFuture$AsyncSupply.exec(CompletableFuture.java:1760) [?:?]
	at java.util.concurrent.ForkJoinTask.doExec(ForkJoinTask.java:387) [?:?]
	at java.util.concurrent.ForkJoinPool$WorkQueue.topLevelExec(ForkJoinPool.java:1312) [?:?]
	at java.util.concurrent.ForkJoinPool.scan(ForkJoinPool.java:1843) [?:?]
	at java.util.concurrent.ForkJoinPool.runWorker(ForkJoinPool.java:1808) [?:?]
	at java.util.concurrent.ForkJoinWorkerThread.run(ForkJoinWorkerThread.java:188) [?:?]
2025-03-09 02:31:14,417 [1;31mERROR[m [m[Worker-Main-14][m [mn.m.w.i.c.RecipeManager.m_5787_(77)[m: Parsing error loading recipe useless_sword:chocolate_sword_recipe
com.google.gson.JsonSyntaxException: Unknown item 'create:bar_of_chocolate'
	at net.minecraft.world.item.crafting.ShapedRecipe.m_151280_(ShapedRecipe.java:343) ~[server-1.18.2-20220404.173914-srg.jar%23116!/:?]
	at java.util.Optional.orElseThrow(Optional.java:403) ~[?:?]
	at net.minecraft.world.item.crafting.ShapedRecipe.m_151278_(ShapedRecipe.java:342) ~[server-1.18.2-20220404.173914-srg.jar%23116!/:?]
	at net.minecraft.world.item.crafting.Ingredient.m_43919_(Ingredient.java:233) ~[server-1.18.2-20220404.173914-srg.jar%23116!/:?]
	at net.minecraftforge.common.crafting.VanillaIngredientSerializer.parse(VanillaIngredientSerializer.java:27) ~[forge-1.18.2-40.2.21-universal.jar%23121!/:?]
	at net.minecraftforge.common.crafting.CraftingHelper.getIngredient(CraftingHelper.java:143) ~[forge-1.18.2-40.2.21-universal.jar%23121!/:?]
	at net.minecraft.world.item.crafting.Ingredient.m_43917_(Ingredient.java:208) ~[server-1.18.2-20220404.173914-srg.jar%23116!/:?]
	at net.minecraft.world.item.crafting.ShapedRecipe.m_44210_(ShapedRecipe.java:329) ~[server-1.18.2-20220404.173914-srg.jar%23116!/:?]
	at net.minecraft.world.item.crafting.ShapedRecipe$Serializer.m_6729_(ShapedRecipe.java:356) ~[server-1.18.2-20220404.173914-srg.jar%23116!/:?]
	at net.minecraft.world.item.crafting.ShapedRecipe$Serializer.m_6729_(ShapedRecipe.java:352) ~[server-1.18.2-20220404.173914-srg.jar%23116!/:?]
	at net.minecraftforge.common.extensions.IForgeRecipeSerializer.fromJson(IForgeRecipeSerializer.java:23) ~[forge-1.18.2-40.2.21-universal.jar%23121!/:?]
	at net.minecraft.world.item.crafting.RecipeManager.fromJson(RecipeManager.java:201) ~[server-1.18.2-20220404.173914-srg.jar%23116!/:?]
	at net.minecraft.world.item.crafting.RecipeManager.m_5787_(RecipeManager.java:67) ~[server-1.18.2-20220404.173914-srg.jar%23116!/:?]
	at net.minecraft.world.item.crafting.RecipeManager.m_5787_(RecipeManager.java:33) ~[server-1.18.2-20220404.173914-srg.jar%23116!/:?]
	at net.minecraft.server.packs.resources.SimplePreparableReloadListener.m_10789_(SimplePreparableReloadListener.java:13) ~[server-1.18.2-20220404.173914-srg.jar%23116!/:?]
	at java.util.concurrent.CompletableFuture$UniAccept.tryFire(CompletableFuture.java:718) ~[?:?]
	at java.util.concurrent.CompletableFuture$Completion.run(CompletableFuture.java:482) ~[?:?]
	at net.minecraft.server.packs.resources.SimpleReloadInstance.m_143940_(SimpleReloadInstance.java:69) ~[server-1.18.2-20220404.173914-srg.jar%23116!/:?]
	at net.minecraft.util.thread.BlockableEventLoop.execute(BlockableEventLoop.java:103) ~[server-1.18.2-20220404.173914-srg.jar%23116!/:?]
	at net.minecraft.server.packs.resources.SimpleReloadInstance.m_10834_(SimpleReloadInstance.java:68) ~[server-1.18.2-20220404.173914-srg.jar%23116!/:?]
	at java.util.concurrent.CompletableFuture$UniCompletion.claim(CompletableFuture.java:572) ~[?:?]
	at java.util.concurrent.CompletableFuture$UniAccept.tryFire(CompletableFuture.java:714) ~[?:?]
	at java.util.concurrent.CompletableFuture.postComplete(CompletableFuture.java:510) ~[?:?]
	at java.util.concurrent.CompletableFuture.postFire(CompletableFuture.java:614) ~[?:?]
	at java.util.concurrent.CompletableFuture$UniAccept.tryFire(CompletableFuture.java:726) ~[?:?]
	at java.util.concurrent.CompletableFuture$Completion.run(CompletableFuture.java:482) ~[?:?]
	at net.minecraft.server.packs.resources.SimpleReloadInstance.m_143940_(SimpleReloadInstance.java:69) ~[server-1.18.2-20220404.173914-srg.jar%23116!/:?]
	at net.minecraft.util.thread.BlockableEventLoop.execute(BlockableEventLoop.java:103) ~[server-1.18.2-20220404.173914-srg.jar%23116!/:?]
	at net.minecraft.server.packs.resources.SimpleReloadInstance.m_10834_(SimpleReloadInstance.java:68) ~[server-1.18.2-20220404.173914-srg.jar%23116!/:?]
	at java.util.concurrent.CompletableFuture$UniCompletion.claim(CompletableFuture.java:572) ~[?:?]
	at java.util.concurrent.CompletableFuture$UniAccept.tryFire(CompletableFuture.java:714) ~[?:?]
	at java.util.concurrent.CompletableFuture.postComplete(CompletableFuture.java:510) ~[?:?]
	at java.util.concurrent.CompletableFuture.postFire(CompletableFuture.java:614) ~[?:?]
	at java.util.concurrent.CompletableFuture$UniAccept.tryFire(CompletableFuture.java:726) ~[?:?]
	at java.util.concurrent.CompletableFuture$Completion.run(CompletableFuture.java:482) ~[?:?]
	at net.minecraft.server.packs.resources.SimpleReloadInstance.m_143940_(SimpleReloadInstance.java:69) ~[server-1.18.2-20220404.173914-srg.jar%23116!/:?]
	at net.minecraft.util.thread.BlockableEventLoop.execute(BlockableEventLoop.java:103) ~[server-1.18.2-20220404.173914-srg.jar%23116!/:?]
	at net.minecraft.server.packs.resources.SimpleReloadInstance.m_10834_(SimpleReloadInstance.java:68) ~[server-1.18.2-20220404.173914-srg.jar%23116!/:?]
	at java.util.concurrent.CompletableFuture$UniCompletion.claim(CompletableFuture.java:572) ~[?:?]
	at java.util.concurrent.CompletableFuture$UniAccept.tryFire(CompletableFuture.java:714) ~[?:?]
	at java.util.concurrent.CompletableFuture.postComplete(CompletableFuture.java:510) ~[?:?]
	at java.util.concurrent.CompletableFuture.complete(CompletableFuture.java:2179) ~[?:?]
	at net.minecraft.server.packs.resources.SimpleReloadInstance$1.m_10855_(SimpleReloadInstance.java:51) ~[server-1.18.2-20220404.173914-srg.jar%23116!/:?]
	at net.minecraft.util.thread.BlockableEventLoop.execute(BlockableEventLoop.java:103) ~[server-1.18.2-20220404.173914-srg.jar%23116!/:?]
	at net.minecraft.server.packs.resources.SimpleReloadInstance$1.m_6769_(SimpleReloadInstance.java:48) ~[server-1.18.2-20220404.173914-srg.jar%23116!/:?]
	at java.util.concurrent.CompletableFuture$UniCompose.tryFire(CompletableFuture.java:1150) [?:?]
	at java.util.concurrent.CompletableFuture.postComplete(CompletableFuture.java:510) [?:?]
	at java.util.concurrent.CompletableFuture$AsyncSupply.run(CompletableFuture.java:1773) [?:?]
	at java.util.concurrent.CompletableFuture$AsyncSupply.exec(CompletableFuture.java:1760) [?:?]
	at java.util.concurrent.ForkJoinTask.doExec(ForkJoinTask.java:387) [?:?]
	at java.util.concurrent.ForkJoinPool$WorkQueue.topLevelExec(ForkJoinPool.java:1312) [?:?]
	at java.util.concurrent.ForkJoinPool.scan(ForkJoinPool.java:1843) [?:?]
	at java.util.concurrent.ForkJoinPool.runWorker(ForkJoinPool.java:1808) [?:?]
	at java.util.concurrent.ForkJoinWorkerThread.run(ForkJoinWorkerThread.java:188) [?:?]
2025-03-09 02:31:14,426 [1;31mERROR[m [m[Worker-Main-14][m [mn.m.w.i.c.RecipeManager.m_5787_(77)[m: Parsing error loading recipe rpgsmw:aos
com.google.gson.JsonSyntaxException: Unknown item 'rpgsmw:deleted_mod_element'
	at net.minecraft.world.item.crafting.ShapedRecipe.m_151280_(ShapedRecipe.java:343) ~[server-1.18.2-20220404.173914-srg.jar%23116!/:?]
	at java.util.Optional.orElseThrow(Optional.java:403) ~[?:?]
	at net.minecraft.world.item.crafting.ShapedRecipe.m_151278_(ShapedRecipe.java:342) ~[server-1.18.2-20220404.173914-srg.jar%23116!/:?]
	at net.minecraft.world.item.crafting.Ingredient.m_43919_(Ingredient.java:233) ~[server-1.18.2-20220404.173914-srg.jar%23116!/:?]
	at net.minecraftforge.common.crafting.VanillaIngredientSerializer.parse(VanillaIngredientSerializer.java:27) ~[forge-1.18.2-40.2.21-universal.jar%23121!/:?]
	at net.minecraftforge.common.crafting.CraftingHelper.getIngredient(CraftingHelper.java:143) ~[forge-1.18.2-40.2.21-universal.jar%23121!/:?]
	at net.minecraft.world.item.crafting.Ingredient.m_43917_(Ingredient.java:208) ~[server-1.18.2-20220404.173914-srg.jar%23116!/:?]
	at net.minecraft.world.item.crafting.SimpleCookingSerializer.m_6729_(SimpleCookingSerializer.java:23) ~[server-1.18.2-20220404.173914-srg.jar%23116!/:?]
	at net.minecraft.world.item.crafting.SimpleCookingSerializer.m_6729_(SimpleCookingSerializer.java:11) ~[server-1.18.2-20220404.173914-srg.jar%23116!/:?]
	at net.minecraftforge.common.extensions.IForgeRecipeSerializer.fromJson(IForgeRecipeSerializer.java:23) ~[forge-1.18.2-40.2.21-universal.jar%23121!/:?]
	at net.minecraft.world.item.crafting.RecipeManager.fromJson(RecipeManager.java:201) ~[server-1.18.2-20220404.173914-srg.jar%23116!/:?]
	at net.minecraft.world.item.crafting.RecipeManager.m_5787_(RecipeManager.java:67) ~[server-1.18.2-20220404.173914-srg.jar%23116!/:?]
	at net.minecraft.world.item.crafting.RecipeManager.m_5787_(RecipeManager.java:33) ~[server-1.18.2-20220404.173914-srg.jar%23116!/:?]
	at net.minecraft.server.packs.resources.SimplePreparableReloadListener.m_10789_(SimplePreparableReloadListener.java:13) ~[server-1.18.2-20220404.173914-srg.jar%23116!/:?]
	at java.util.concurrent.CompletableFuture$UniAccept.tryFire(CompletableFuture.java:718) ~[?:?]
	at java.util.concurrent.CompletableFuture$Completion.run(CompletableFuture.java:482) ~[?:?]
	at net.minecraft.server.packs.resources.SimpleReloadInstance.m_143940_(SimpleReloadInstance.java:69) ~[server-1.18.2-20220404.173914-srg.jar%23116!/:?]
	at net.minecraft.util.thread.BlockableEventLoop.execute(BlockableEventLoop.java:103) ~[server-1.18.2-20220404.173914-srg.jar%23116!/:?]
	at net.minecraft.server.packs.resources.SimpleReloadInstance.m_10834_(SimpleReloadInstance.java:68) ~[server-1.18.2-20220404.173914-srg.jar%23116!/:?]
	at java.util.concurrent.CompletableFuture$UniCompletion.claim(CompletableFuture.java:572) ~[?:?]
	at java.util.concurrent.CompletableFuture$UniAccept.tryFire(CompletableFuture.java:714) ~[?:?]
	at java.util.concurrent.CompletableFuture.postComplete(CompletableFuture.java:510) ~[?:?]
	at java.util.concurrent.CompletableFuture.postFire(CompletableFuture.java:614) ~[?:?]
	at java.util.concurrent.CompletableFuture$UniAccept.tryFire(CompletableFuture.java:726) ~[?:?]
	at java.util.concurrent.CompletableFuture$Completion.run(CompletableFuture.java:482) ~[?:?]
	at net.minecraft.server.packs.resources.SimpleReloadInstance.m_143940_(SimpleReloadInstance.java:69) ~[server-1.18.2-20220404.173914-srg.jar%23116!/:?]
	at net.minecraft.util.thread.BlockableEventLoop.execute(BlockableEventLoop.java:103) ~[server-1.18.2-20220404.173914-srg.jar%23116!/:?]
	at net.minecraft.server.packs.resources.SimpleReloadInstance.m_10834_(SimpleReloadInstance.java:68) ~[server-1.18.2-20220404.173914-srg.jar%23116!/:?]
	at java.util.concurrent.CompletableFuture$UniCompletion.claim(CompletableFuture.java:572) ~[?:?]
	at java.util.concurrent.CompletableFuture$UniAccept.tryFire(CompletableFuture.java:714) ~[?:?]
	at java.util.concurrent.CompletableFuture.postComplete(CompletableFuture.java:510) ~[?:?]
	at java.util.concurrent.CompletableFuture.postFire(CompletableFuture.java:614) ~[?:?]
	at java.util.concurrent.CompletableFuture$UniAccept.tryFire(CompletableFuture.java:726) ~[?:?]
	at java.util.concurrent.CompletableFuture$Completion.run(CompletableFuture.java:482) ~[?:?]
	at net.minecraft.server.packs.resources.SimpleReloadInstance.m_143940_(SimpleReloadInstance.java:69) ~[server-1.18.2-20220404.173914-srg.jar%23116!/:?]
	at net.minecraft.util.thread.BlockableEventLoop.execute(BlockableEventLoop.java:103) ~[server-1.18.2-20220404.173914-srg.jar%23116!/:?]
	at net.minecraft.server.packs.resources.SimpleReloadInstance.m_10834_(SimpleReloadInstance.java:68) ~[server-1.18.2-20220404.173914-srg.jar%23116!/:?]
	at java.util.concurrent.CompletableFuture$UniCompletion.claim(CompletableFuture.java:572) ~[?:?]
	at java.util.concurrent.CompletableFuture$UniAccept.tryFire(CompletableFuture.java:714) ~[?:?]
	at java.util.concurrent.CompletableFuture.postComplete(CompletableFuture.java:510) ~[?:?]
	at java.util.concurrent.CompletableFuture.complete(CompletableFuture.java:2179) ~[?:?]
	at net.minecraft.server.packs.resources.SimpleReloadInstance$1.m_10855_(SimpleReloadInstance.java:51) ~[server-1.18.2-20220404.173914-srg.jar%23116!/:?]
	at net.minecraft.util.thread.BlockableEventLoop.execute(BlockableEventLoop.java:103) ~[server-1.18.2-20220404.173914-srg.jar%23116!/:?]
	at net.minecraft.server.packs.resources.SimpleReloadInstance$1.m_6769_(SimpleReloadInstance.java:48) ~[server-1.18.2-20220404.173914-srg.jar%23116!/:?]
	at java.util.concurrent.CompletableFuture$UniCompose.tryFire(CompletableFuture.java:1150) [?:?]
	at java.util.concurrent.CompletableFuture.postComplete(CompletableFuture.java:510) [?:?]
	at java.util.concurrent.CompletableFuture$AsyncSupply.run(CompletableFuture.java:1773) [?:?]
	at java.util.concurrent.CompletableFuture$AsyncSupply.exec(CompletableFuture.java:1760) [?:?]
	at java.util.concurrent.ForkJoinTask.doExec(ForkJoinTask.java:387) [?:?]
	at java.util.concurrent.ForkJoinPool$WorkQueue.topLevelExec(ForkJoinPool.java:1312) [?:?]
	at java.util.concurrent.ForkJoinPool.scan(ForkJoinPool.java:1843) [?:?]
	at java.util.concurrent.ForkJoinPool.runWorker(ForkJoinPool.java:1808) [?:?]
	at java.util.concurrent.ForkJoinWorkerThread.run(ForkJoinWorkerThread.java:188) [?:?]
2025-03-09 02:31:14,445 [1;31mERROR[m [m[Worker-Main-14][m [mn.m.w.i.c.RecipeManager.m_5787_(77)[m: Parsing error loading recipe useless_sword:rotten_fish_rapier_recipe
com.google.gson.JsonSyntaxException: Unknown item 'aquaculture:fish_bones'
	at net.minecraft.world.item.crafting.ShapedRecipe.m_151280_(ShapedRecipe.java:343) ~[server-1.18.2-20220404.173914-srg.jar%23116!/:?]
	at java.util.Optional.orElseThrow(Optional.java:403) ~[?:?]
	at net.minecraft.world.item.crafting.ShapedRecipe.m_151278_(ShapedRecipe.java:342) ~[server-1.18.2-20220404.173914-srg.jar%23116!/:?]
	at net.minecraft.world.item.crafting.Ingredient.m_43919_(Ingredient.java:233) ~[server-1.18.2-20220404.173914-srg.jar%23116!/:?]
	at net.minecraftforge.common.crafting.VanillaIngredientSerializer.parse(VanillaIngredientSerializer.java:27) ~[forge-1.18.2-40.2.21-universal.jar%23121!/:?]
	at net.minecraftforge.common.crafting.CraftingHelper.getIngredient(CraftingHelper.java:143) ~[forge-1.18.2-40.2.21-universal.jar%23121!/:?]
	at net.minecraft.world.item.crafting.Ingredient.m_43917_(Ingredient.java:208) ~[server-1.18.2-20220404.173914-srg.jar%23116!/:?]
	at net.minecraft.world.item.crafting.ShapedRecipe.m_44210_(ShapedRecipe.java:329) ~[server-1.18.2-20220404.173914-srg.jar%23116!/:?]
	at net.minecraft.world.item.crafting.ShapedRecipe$Serializer.m_6729_(ShapedRecipe.java:356) ~[server-1.18.2-20220404.173914-srg.jar%23116!/:?]
	at net.minecraft.world.item.crafting.ShapedRecipe$Serializer.m_6729_(ShapedRecipe.java:352) ~[server-1.18.2-20220404.173914-srg.jar%23116!/:?]
	at net.minecraftforge.common.extensions.IForgeRecipeSerializer.fromJson(IForgeRecipeSerializer.java:23) ~[forge-1.18.2-40.2.21-universal.jar%23121!/:?]
	at net.minecraft.world.item.crafting.RecipeManager.fromJson(RecipeManager.java:201) ~[server-1.18.2-20220404.173914-srg.jar%23116!/:?]
	at net.minecraft.world.item.crafting.RecipeManager.m_5787_(RecipeManager.java:67) ~[server-1.18.2-20220404.173914-srg.jar%23116!/:?]
	at net.minecraft.world.item.crafting.RecipeManager.m_5787_(RecipeManager.java:33) ~[server-1.18.2-20220404.173914-srg.jar%23116!/:?]
	at net.minecraft.server.packs.resources.SimplePreparableReloadListener.m_10789_(SimplePreparableReloadListener.java:13) ~[server-1.18.2-20220404.173914-srg.jar%23116!/:?]
	at java.util.concurrent.CompletableFuture$UniAccept.tryFire(CompletableFuture.java:718) ~[?:?]
	at java.util.concurrent.CompletableFuture$Completion.run(CompletableFuture.java:482) ~[?:?]
	at net.minecraft.server.packs.resources.SimpleReloadInstance.m_143940_(SimpleReloadInstance.java:69) ~[server-1.18.2-20220404.173914-srg.jar%23116!/:?]
	at net.minecraft.util.thread.BlockableEventLoop.execute(BlockableEventLoop.java:103) ~[server-1.18.2-20220404.173914-srg.jar%23116!/:?]
	at net.minecraft.server.packs.resources.SimpleReloadInstance.m_10834_(SimpleReloadInstance.java:68) ~[server-1.18.2-20220404.173914-srg.jar%23116!/:?]
	at java.util.concurrent.CompletableFuture$UniCompletion.claim(CompletableFuture.java:572) ~[?:?]
	at java.util.concurrent.CompletableFuture$UniAccept.tryFire(CompletableFuture.java:714) ~[?:?]
	at java.util.concurrent.CompletableFuture.postComplete(CompletableFuture.java:510) ~[?:?]
	at java.util.concurrent.CompletableFuture.postFire(CompletableFuture.java:614) ~[?:?]
	at java.util.concurrent.CompletableFuture$UniAccept.tryFire(CompletableFuture.java:726) ~[?:?]
	at java.util.concurrent.CompletableFuture$Completion.run(CompletableFuture.java:482) ~[?:?]
	at net.minecraft.server.packs.resources.SimpleReloadInstance.m_143940_(SimpleReloadInstance.java:69) ~[server-1.18.2-20220404.173914-srg.jar%23116!/:?]
	at net.minecraft.util.thread.BlockableEventLoop.execute(BlockableEventLoop.java:103) ~[server-1.18.2-20220404.173914-srg.jar%23116!/:?]
	at net.minecraft.server.packs.resources.SimpleReloadInstance.m_10834_(SimpleReloadInstance.java:68) ~[server-1.18.2-20220404.173914-srg.jar%23116!/:?]
	at java.util.concurrent.CompletableFuture$UniCompletion.claim(CompletableFuture.java:572) ~[?:?]
	at java.util.concurrent.CompletableFuture$UniAccept.tryFire(CompletableFuture.java:714) ~[?:?]
	at java.util.concurrent.CompletableFuture.postComplete(CompletableFuture.java:510) ~[?:?]
	at java.util.concurrent.CompletableFuture.postFire(CompletableFuture.java:614) ~[?:?]
	at java.util.concurrent.CompletableFuture$UniAccept.tryFire(CompletableFuture.java:726) ~[?:?]
	at java.util.concurrent.CompletableFuture$Completion.run(CompletableFuture.java:482) ~[?:?]
	at net.minecraft.server.packs.resources.SimpleReloadInstance.m_143940_(SimpleReloadInstance.java:69) ~[server-1.18.2-20220404.173914-srg.jar%23116!/:?]
	at net.minecraft.util.thread.BlockableEventLoop.execute(BlockableEventLoop.java:103) ~[server-1.18.2-20220404.173914-srg.jar%23116!/:?]
	at net.minecraft.server.packs.resources.SimpleReloadInstance.m_10834_(SimpleReloadInstance.java:68) ~[server-1.18.2-20220404.173914-srg.jar%23116!/:?]
	at java.util.concurrent.CompletableFuture$UniCompletion.claim(CompletableFuture.java:572) ~[?:?]
	at java.util.concurrent.CompletableFuture$UniAccept.tryFire(CompletableFuture.java:714) ~[?:?]
	at java.util.concurrent.CompletableFuture.postComplete(CompletableFuture.java:510) ~[?:?]
	at java.util.concurrent.CompletableFuture.complete(CompletableFuture.java:2179) ~[?:?]
	at net.minecraft.server.packs.resources.SimpleReloadInstance$1.m_10855_(SimpleReloadInstance.java:51) ~[server-1.18.2-20220404.173914-srg.jar%23116!/:?]
	at net.minecraft.util.thread.BlockableEventLoop.execute(BlockableEventLoop.java:103) ~[server-1.18.2-20220404.173914-srg.jar%23116!/:?]
	at net.minecraft.server.packs.resources.SimpleReloadInstance$1.m_6769_(SimpleReloadInstance.java:48) ~[server-1.18.2-20220404.173914-srg.jar%23116!/:?]
	at java.util.concurrent.CompletableFuture$UniCompose.tryFire(CompletableFuture.java:1150) [?:?]
	at java.util.concurrent.CompletableFuture.postComplete(CompletableFuture.java:510) [?:?]
	at java.util.concurrent.CompletableFuture$AsyncSupply.run(CompletableFuture.java:1773) [?:?]
	at java.util.concurrent.CompletableFuture$AsyncSupply.exec(CompletableFuture.java:1760) [?:?]
	at java.util.concurrent.ForkJoinTask.doExec(ForkJoinTask.java:387) [?:?]
	at java.util.concurrent.ForkJoinPool$WorkQueue.topLevelExec(ForkJoinPool.java:1312) [?:?]
	at java.util.concurrent.ForkJoinPool.scan(ForkJoinPool.java:1843) [?:?]
	at java.util.concurrent.ForkJoinPool.runWorker(ForkJoinPool.java:1808) [?:?]
	at java.util.concurrent.ForkJoinWorkerThread.run(ForkJoinWorkerThread.java:188) [?:?]
2025-03-09 02:31:14,454 [1;31mERROR[m [m[Worker-Main-14][m [mn.m.w.i.c.RecipeManager.m_5787_(77)[m: Parsing error loading recipe useless_sword:pesting_rapier_recipe
com.google.gson.JsonSyntaxException: Unknown item 'twilightforest:firefly'
	at net.minecraft.world.item.crafting.ShapedRecipe.m_151280_(ShapedRecipe.java:343) ~[server-1.18.2-20220404.173914-srg.jar%23116!/:?]
	at java.util.Optional.orElseThrow(Optional.java:403) ~[?:?]
	at net.minecraft.world.item.crafting.ShapedRecipe.m_151278_(ShapedRecipe.java:342) ~[server-1.18.2-20220404.173914-srg.jar%23116!/:?]
	at net.minecraft.world.item.crafting.Ingredient.m_43919_(Ingredient.java:233) ~[server-1.18.2-20220404.173914-srg.jar%23116!/:?]
	at net.minecraftforge.common.crafting.VanillaIngredientSerializer.parse(VanillaIngredientSerializer.java:27) ~[forge-1.18.2-40.2.21-universal.jar%23121!/:?]
	at net.minecraftforge.common.crafting.CraftingHelper.getIngredient(CraftingHelper.java:143) ~[forge-1.18.2-40.2.21-universal.jar%23121!/:?]
	at net.minecraft.world.item.crafting.Ingredient.m_43917_(Ingredient.java:208) ~[server-1.18.2-20220404.173914-srg.jar%23116!/:?]
	at net.minecraft.world.item.crafting.ShapedRecipe.m_44210_(ShapedRecipe.java:329) ~[server-1.18.2-20220404.173914-srg.jar%23116!/:?]
	at net.minecraft.world.item.crafting.ShapedRecipe$Serializer.m_6729_(ShapedRecipe.java:356) ~[server-1.18.2-20220404.173914-srg.jar%23116!/:?]
	at net.minecraft.world.item.crafting.ShapedRecipe$Serializer.m_6729_(ShapedRecipe.java:352) ~[server-1.18.2-20220404.173914-srg.jar%23116!/:?]
	at net.minecraftforge.common.extensions.IForgeRecipeSerializer.fromJson(IForgeRecipeSerializer.java:23) ~[forge-1.18.2-40.2.21-universal.jar%23121!/:?]
	at net.minecraft.world.item.crafting.RecipeManager.fromJson(RecipeManager.java:201) ~[server-1.18.2-20220404.173914-srg.jar%23116!/:?]
	at net.minecraft.world.item.crafting.RecipeManager.m_5787_(RecipeManager.java:67) ~[server-1.18.2-20220404.173914-srg.jar%23116!/:?]
	at net.minecraft.world.item.crafting.RecipeManager.m_5787_(RecipeManager.java:33) ~[server-1.18.2-20220404.173914-srg.jar%23116!/:?]
	at net.minecraft.server.packs.resources.SimplePreparableReloadListener.m_10789_(SimplePreparableReloadListener.java:13) ~[server-1.18.2-20220404.173914-srg.jar%23116!/:?]
	at java.util.concurrent.CompletableFuture$UniAccept.tryFire(CompletableFuture.java:718) ~[?:?]
	at java.util.concurrent.CompletableFuture$Completion.run(CompletableFuture.java:482) ~[?:?]
	at net.minecraft.server.packs.resources.SimpleReloadInstance.m_143940_(SimpleReloadInstance.java:69) ~[server-1.18.2-20220404.173914-srg.jar%23116!/:?]
	at net.minecraft.util.thread.BlockableEventLoop.execute(BlockableEventLoop.java:103) ~[server-1.18.2-20220404.173914-srg.jar%23116!/:?]
	at net.minecraft.server.packs.resources.SimpleReloadInstance.m_10834_(SimpleReloadInstance.java:68) ~[server-1.18.2-20220404.173914-srg.jar%23116!/:?]
	at java.util.concurrent.CompletableFuture$UniCompletion.claim(CompletableFuture.java:572) ~[?:?]
	at java.util.concurrent.CompletableFuture$UniAccept.tryFire(CompletableFuture.java:714) ~[?:?]
	at java.util.concurrent.CompletableFuture.postComplete(CompletableFuture.java:510) ~[?:?]
	at java.util.concurrent.CompletableFuture.postFire(CompletableFuture.java:614) ~[?:?]
	at java.util.concurrent.CompletableFuture$UniAccept.tryFire(CompletableFuture.java:726) ~[?:?]
	at java.util.concurrent.CompletableFuture$Completion.run(CompletableFuture.java:482) ~[?:?]
	at net.minecraft.server.packs.resources.SimpleReloadInstance.m_143940_(SimpleReloadInstance.java:69) ~[server-1.18.2-20220404.173914-srg.jar%23116!/:?]
	at net.minecraft.util.thread.BlockableEventLoop.execute(BlockableEventLoop.java:103) ~[server-1.18.2-20220404.173914-srg.jar%23116!/:?]
	at net.minecraft.server.packs.resources.SimpleReloadInstance.m_10834_(SimpleReloadInstance.java:68) ~[server-1.18.2-20220404.173914-srg.jar%23116!/:?]
	at java.util.concurrent.CompletableFuture$UniCompletion.claim(CompletableFuture.java:572) ~[?:?]
	at java.util.concurrent.CompletableFuture$UniAccept.tryFire(CompletableFuture.java:714) ~[?:?]
	at java.util.concurrent.CompletableFuture.postComplete(CompletableFuture.java:510) ~[?:?]
	at java.util.concurrent.CompletableFuture.postFire(CompletableFuture.java:614) ~[?:?]
	at java.util.concurrent.CompletableFuture$UniAccept.tryFire(CompletableFuture.java:726) ~[?:?]
	at java.util.concurrent.CompletableFuture$Completion.run(CompletableFuture.java:482) ~[?:?]
	at net.minecraft.server.packs.resources.SimpleReloadInstance.m_143940_(SimpleReloadInstance.java:69) ~[server-1.18.2-20220404.173914-srg.jar%23116!/:?]
	at net.minecraft.util.thread.BlockableEventLoop.execute(BlockableEventLoop.java:103) ~[server-1.18.2-20220404.173914-srg.jar%23116!/:?]
	at net.minecraft.server.packs.resources.SimpleReloadInstance.m_10834_(SimpleReloadInstance.java:68) ~[server-1.18.2-20220404.173914-srg.jar%23116!/:?]
	at java.util.concurrent.CompletableFuture$UniCompletion.claim(CompletableFuture.java:572) ~[?:?]
	at java.util.concurrent.CompletableFuture$UniAccept.tryFire(CompletableFuture.java:714) ~[?:?]
	at java.util.concurrent.CompletableFuture.postComplete(CompletableFuture.java:510) ~[?:?]
	at java.util.concurrent.CompletableFuture.complete(CompletableFuture.java:2179) ~[?:?]
	at net.minecraft.server.packs.resources.SimpleReloadInstance$1.m_10855_(SimpleReloadInstance.java:51) ~[server-1.18.2-20220404.173914-srg.jar%23116!/:?]
	at net.minecraft.util.thread.BlockableEventLoop.execute(BlockableEventLoop.java:103) ~[server-1.18.2-20220404.173914-srg.jar%23116!/:?]
	at net.minecraft.server.packs.resources.SimpleReloadInstance$1.m_6769_(SimpleReloadInstance.java:48) ~[server-1.18.2-20220404.173914-srg.jar%23116!/:?]
	at java.util.concurrent.CompletableFuture$UniCompose.tryFire(CompletableFuture.java:1150) [?:?]
	at java.util.concurrent.CompletableFuture.postComplete(CompletableFuture.java:510) [?:?]
	at java.util.concurrent.CompletableFuture$AsyncSupply.run(CompletableFuture.java:1773) [?:?]
	at java.util.concurrent.CompletableFuture$AsyncSupply.exec(CompletableFuture.java:1760) [?:?]
	at java.util.concurrent.ForkJoinTask.doExec(ForkJoinTask.java:387) [?:?]
	at java.util.concurrent.ForkJoinPool$WorkQueue.topLevelExec(ForkJoinPool.java:1312) [?:?]
	at java.util.concurrent.ForkJoinPool.scan(ForkJoinPool.java:1843) [?:?]
	at java.util.concurrent.ForkJoinPool.runWorker(ForkJoinPool.java:1808) [?:?]
	at java.util.concurrent.ForkJoinWorkerThread.run(ForkJoinWorkerThread.java:188) [?:?]
2025-03-09 02:31:14,463 [1;31mERROR[m [m[Worker-Main-14][m [mn.m.w.i.c.RecipeManager.m_5787_(77)[m: Parsing error loading recipe useless_sword:ravager_sword_craft_2
com.google.gson.JsonSyntaxException: Unknown item 'quark:ravager_hide'
	at net.minecraft.world.item.crafting.ShapedRecipe.m_151280_(ShapedRecipe.java:343) ~[server-1.18.2-20220404.173914-srg.jar%23116!/:?]
	at java.util.Optional.orElseThrow(Optional.java:403) ~[?:?]
	at net.minecraft.world.item.crafting.ShapedRecipe.m_151278_(ShapedRecipe.java:342) ~[server-1.18.2-20220404.173914-srg.jar%23116!/:?]
	at net.minecraft.world.item.crafting.Ingredient.m_43919_(Ingredient.java:233) ~[server-1.18.2-20220404.173914-srg.jar%23116!/:?]
	at net.minecraftforge.common.crafting.VanillaIngredientSerializer.parse(VanillaIngredientSerializer.java:27) ~[forge-1.18.2-40.2.21-universal.jar%23121!/:?]
	at net.minecraftforge.common.crafting.CraftingHelper.getIngredient(CraftingHelper.java:143) ~[forge-1.18.2-40.2.21-universal.jar%23121!/:?]
	at net.minecraft.world.item.crafting.Ingredient.m_43917_(Ingredient.java:208) ~[server-1.18.2-20220404.173914-srg.jar%23116!/:?]
	at net.minecraft.world.item.crafting.ShapedRecipe.m_44210_(ShapedRecipe.java:329) ~[server-1.18.2-20220404.173914-srg.jar%23116!/:?]
	at net.minecraft.world.item.crafting.ShapedRecipe$Serializer.m_6729_(ShapedRecipe.java:356) ~[server-1.18.2-20220404.173914-srg.jar%23116!/:?]
	at net.minecraft.world.item.crafting.ShapedRecipe$Serializer.m_6729_(ShapedRecipe.java:352) ~[server-1.18.2-20220404.173914-srg.jar%23116!/:?]
	at net.minecraftforge.common.extensions.IForgeRecipeSerializer.fromJson(IForgeRecipeSerializer.java:23) ~[forge-1.18.2-40.2.21-universal.jar%23121!/:?]
	at net.minecraft.world.item.crafting.RecipeManager.fromJson(RecipeManager.java:201) ~[server-1.18.2-20220404.173914-srg.jar%23116!/:?]
	at net.minecraft.world.item.crafting.RecipeManager.m_5787_(RecipeManager.java:67) ~[server-1.18.2-20220404.173914-srg.jar%23116!/:?]
	at net.minecraft.world.item.crafting.RecipeManager.m_5787_(RecipeManager.java:33) ~[server-1.18.2-20220404.173914-srg.jar%23116!/:?]
	at net.minecraft.server.packs.resources.SimplePreparableReloadListener.m_10789_(SimplePreparableReloadListener.java:13) ~[server-1.18.2-20220404.173914-srg.jar%23116!/:?]
	at java.util.concurrent.CompletableFuture$UniAccept.tryFire(CompletableFuture.java:718) ~[?:?]
	at java.util.concurrent.CompletableFuture$Completion.run(CompletableFuture.java:482) ~[?:?]
	at net.minecraft.server.packs.resources.SimpleReloadInstance.m_143940_(SimpleReloadInstance.java:69) ~[server-1.18.2-20220404.173914-srg.jar%23116!/:?]
	at net.minecraft.util.thread.BlockableEventLoop.execute(BlockableEventLoop.java:103) ~[server-1.18.2-20220404.173914-srg.jar%23116!/:?]
	at net.minecraft.server.packs.resources.SimpleReloadInstance.m_10834_(SimpleReloadInstance.java:68) ~[server-1.18.2-20220404.173914-srg.jar%23116!/:?]
	at java.util.concurrent.CompletableFuture$UniCompletion.claim(CompletableFuture.java:572) ~[?:?]
	at java.util.concurrent.CompletableFuture$UniAccept.tryFire(CompletableFuture.java:714) ~[?:?]
	at java.util.concurrent.CompletableFuture.postComplete(CompletableFuture.java:510) ~[?:?]
	at java.util.concurrent.CompletableFuture.postFire(CompletableFuture.java:614) ~[?:?]
	at java.util.concurrent.CompletableFuture$UniAccept.tryFire(CompletableFuture.java:726) ~[?:?]
	at java.util.concurrent.CompletableFuture$Completion.run(CompletableFuture.java:482) ~[?:?]
	at net.minecraft.server.packs.resources.SimpleReloadInstance.m_143940_(SimpleReloadInstance.java:69) ~[server-1.18.2-20220404.173914-srg.jar%23116!/:?]
	at net.minecraft.util.thread.BlockableEventLoop.execute(BlockableEventLoop.java:103) ~[server-1.18.2-20220404.173914-srg.jar%23116!/:?]
	at net.minecraft.server.packs.resources.SimpleReloadInstance.m_10834_(SimpleReloadInstance.java:68) ~[server-1.18.2-20220404.173914-srg.jar%23116!/:?]
	at java.util.concurrent.CompletableFuture$UniCompletion.claim(CompletableFuture.java:572) ~[?:?]
	at java.util.concurrent.CompletableFuture$UniAccept.tryFire(CompletableFuture.java:714) ~[?:?]
	at java.util.concurrent.CompletableFuture.postComplete(CompletableFuture.java:510) ~[?:?]
	at java.util.concurrent.CompletableFuture.postFire(CompletableFuture.java:614) ~[?:?]
	at java.util.concurrent.CompletableFuture$UniAccept.tryFire(CompletableFuture.java:726) ~[?:?]
	at java.util.concurrent.CompletableFuture$Completion.run(CompletableFuture.java:482) ~[?:?]
	at net.minecraft.server.packs.resources.SimpleReloadInstance.m_143940_(SimpleReloadInstance.java:69) ~[server-1.18.2-20220404.173914-srg.jar%23116!/:?]
	at net.minecraft.util.thread.BlockableEventLoop.execute(BlockableEventLoop.java:103) ~[server-1.18.2-20220404.173914-srg.jar%23116!/:?]
	at net.minecraft.server.packs.resources.SimpleReloadInstance.m_10834_(SimpleReloadInstance.java:68) ~[server-1.18.2-20220404.173914-srg.jar%23116!/:?]
	at java.util.concurrent.CompletableFuture$UniCompletion.claim(CompletableFuture.java:572) ~[?:?]
	at java.util.concurrent.CompletableFuture$UniAccept.tryFire(CompletableFuture.java:714) ~[?:?]
	at java.util.concurrent.CompletableFuture.postComplete(CompletableFuture.java:510) ~[?:?]
	at java.util.concurrent.CompletableFuture.complete(CompletableFuture.java:2179) ~[?:?]
	at net.minecraft.server.packs.resources.SimpleReloadInstance$1.m_10855_(SimpleReloadInstance.java:51) ~[server-1.18.2-20220404.173914-srg.jar%23116!/:?]
	at net.minecraft.util.thread.BlockableEventLoop.execute(BlockableEventLoop.java:103) ~[server-1.18.2-20220404.173914-srg.jar%23116!/:?]
	at net.minecraft.server.packs.resources.SimpleReloadInstance$1.m_6769_(SimpleReloadInstance.java:48) ~[server-1.18.2-20220404.173914-srg.jar%23116!/:?]
	at java.util.concurrent.CompletableFuture$UniCompose.tryFire(CompletableFuture.java:1150) [?:?]
	at java.util.concurrent.CompletableFuture.postComplete(CompletableFuture.java:510) [?:?]
	at java.util.concurrent.CompletableFuture$AsyncSupply.run(CompletableFuture.java:1773) [?:?]
	at java.util.concurrent.CompletableFuture$AsyncSupply.exec(CompletableFuture.java:1760) [?:?]
	at java.util.concurrent.ForkJoinTask.doExec(ForkJoinTask.java:387) [?:?]
	at java.util.concurrent.ForkJoinPool$WorkQueue.topLevelExec(ForkJoinPool.java:1312) [?:?]
	at java.util.concurrent.ForkJoinPool.scan(ForkJoinPool.java:1843) [?:?]
	at java.util.concurrent.ForkJoinPool.runWorker(ForkJoinPool.java:1808) [?:?]
	at java.util.concurrent.ForkJoinWorkerThread.run(ForkJoinWorkerThread.java:188) [?:?]
2025-03-09 02:31:14,482 [1;31mERROR[m [m[Worker-Main-14][m [mn.m.w.i.c.RecipeManager.m_5787_(77)[m: Parsing error loading recipe tac:epic_material
com.google.gson.JsonSyntaxException: Missing type, expected to find a string
	at net.minecraft.util.GsonHelper.m_13906_(GsonHelper.java:112) ~[server-1.18.2-20220404.173914-srg.jar%23116!/:?]
	at net.minecraft.world.item.crafting.RecipeManager.fromJson(RecipeManager.java:198) ~[server-1.18.2-20220404.173914-srg.jar%23116!/:?]
	at net.minecraft.world.item.crafting.RecipeManager.m_5787_(RecipeManager.java:67) ~[server-1.18.2-20220404.173914-srg.jar%23116!/:?]
	at net.minecraft.world.item.crafting.RecipeManager.m_5787_(RecipeManager.java:33) ~[server-1.18.2-20220404.173914-srg.jar%23116!/:?]
	at net.minecraft.server.packs.resources.SimplePreparableReloadListener.m_10789_(SimplePreparableReloadListener.java:13) ~[server-1.18.2-20220404.173914-srg.jar%23116!/:?]
	at java.util.concurrent.CompletableFuture$UniAccept.tryFire(CompletableFuture.java:718) ~[?:?]
	at java.util.concurrent.CompletableFuture$Completion.run(CompletableFuture.java:482) ~[?:?]
	at net.minecraft.server.packs.resources.SimpleReloadInstance.m_143940_(SimpleReloadInstance.java:69) ~[server-1.18.2-20220404.173914-srg.jar%23116!/:?]
	at net.minecraft.util.thread.BlockableEventLoop.execute(BlockableEventLoop.java:103) ~[server-1.18.2-20220404.173914-srg.jar%23116!/:?]
	at net.minecraft.server.packs.resources.SimpleReloadInstance.m_10834_(SimpleReloadInstance.java:68) ~[server-1.18.2-20220404.173914-srg.jar%23116!/:?]
	at java.util.concurrent.CompletableFuture$UniCompletion.claim(CompletableFuture.java:572) ~[?:?]
	at java.util.concurrent.CompletableFuture$UniAccept.tryFire(CompletableFuture.java:714) ~[?:?]
	at java.util.concurrent.CompletableFuture.postComplete(CompletableFuture.java:510) ~[?:?]
	at java.util.concurrent.CompletableFuture.postFire(CompletableFuture.java:614) ~[?:?]
	at java.util.concurrent.CompletableFuture$UniAccept.tryFire(CompletableFuture.java:726) ~[?:?]
	at java.util.concurrent.CompletableFuture$Completion.run(CompletableFuture.java:482) ~[?:?]
	at net.minecraft.server.packs.resources.SimpleReloadInstance.m_143940_(SimpleReloadInstance.java:69) ~[server-1.18.2-20220404.173914-srg.jar%23116!/:?]
	at net.minecraft.util.thread.BlockableEventLoop.execute(BlockableEventLoop.java:103) ~[server-1.18.2-20220404.173914-srg.jar%23116!/:?]
	at net.minecraft.server.packs.resources.SimpleReloadInstance.m_10834_(SimpleReloadInstance.java:68) ~[server-1.18.2-20220404.173914-srg.jar%23116!/:?]
	at java.util.concurrent.CompletableFuture$UniCompletion.claim(CompletableFuture.java:572) ~[?:?]
	at java.util.concurrent.CompletableFuture$UniAccept.tryFire(CompletableFuture.java:714) ~[?:?]
	at java.util.concurrent.CompletableFuture.postComplete(CompletableFuture.java:510) ~[?:?]
	at java.util.concurrent.CompletableFuture.postFire(CompletableFuture.java:614) ~[?:?]
	at java.util.concurrent.CompletableFuture$UniAccept.tryFire(CompletableFuture.java:726) ~[?:?]
	at java.util.concurrent.CompletableFuture$Completion.run(CompletableFuture.java:482) ~[?:?]
	at net.minecraft.server.packs.resources.SimpleReloadInstance.m_143940_(SimpleReloadInstance.java:69) ~[server-1.18.2-20220404.173914-srg.jar%23116!/:?]
	at net.minecraft.util.thread.BlockableEventLoop.execute(BlockableEventLoop.java:103) ~[server-1.18.2-20220404.173914-srg.jar%23116!/:?]
	at net.minecraft.server.packs.resources.SimpleReloadInstance.m_10834_(SimpleReloadInstance.java:68) ~[server-1.18.2-20220404.173914-srg.jar%23116!/:?]
	at java.util.concurrent.CompletableFuture$UniCompletion.claim(CompletableFuture.java:572) ~[?:?]
	at java.util.concurrent.CompletableFuture$UniAccept.tryFire(CompletableFuture.java:714) ~[?:?]
	at java.util.concurrent.CompletableFuture.postComplete(CompletableFuture.java:510) ~[?:?]
	at java.util.concurrent.CompletableFuture.complete(CompletableFuture.java:2179) ~[?:?]
	at net.minecraft.server.packs.resources.SimpleReloadInstance$1.m_10855_(SimpleReloadInstance.java:51) ~[server-1.18.2-20220404.173914-srg.jar%23116!/:?]
	at net.minecraft.util.thread.BlockableEventLoop.execute(BlockableEventLoop.java:103) ~[server-1.18.2-20220404.173914-srg.jar%23116!/:?]
	at net.minecraft.server.packs.resources.SimpleReloadInstance$1.m_6769_(SimpleReloadInstance.java:48) ~[server-1.18.2-20220404.173914-srg.jar%23116!/:?]
	at java.util.concurrent.CompletableFuture$UniCompose.tryFire(CompletableFuture.java:1150) [?:?]
	at java.util.concurrent.CompletableFuture.postComplete(CompletableFuture.java:510) [?:?]
	at java.util.concurrent.CompletableFuture$AsyncSupply.run(CompletableFuture.java:1773) [?:?]
	at java.util.concurrent.CompletableFuture$AsyncSupply.exec(CompletableFuture.java:1760) [?:?]
	at java.util.concurrent.ForkJoinTask.doExec(ForkJoinTask.java:387) [?:?]
	at java.util.concurrent.ForkJoinPool$WorkQueue.topLevelExec(ForkJoinPool.java:1312) [?:?]
	at java.util.concurrent.ForkJoinPool.scan(ForkJoinPool.java:1843) [?:?]
	at java.util.concurrent.ForkJoinPool.runWorker(ForkJoinPool.java:1808) [?:?]
	at java.util.concurrent.ForkJoinWorkerThread.run(ForkJoinWorkerThread.java:188) [?:?]
2025-03-09 02:31:14,504 [1;31mERROR[m [m[Worker-Main-14][m [mn.m.w.i.c.RecipeManager.m_5787_(77)[m: Parsing error loading recipe rpgsmw:b
com.google.gson.JsonSyntaxException: Unknown item 'rpgsmw:deleted_mod_element'
	at net.minecraftforge.common.crafting.CraftingHelper.getItem(CraftingHelper.java:155) ~[forge-1.18.2-40.2.21-universal.jar%23121!/:?]
	at net.minecraftforge.common.crafting.CraftingHelper.getItemStack(CraftingHelper.java:181) ~[forge-1.18.2-40.2.21-universal.jar%23121!/:?]
	at net.minecraft.world.item.crafting.ShapedRecipe.m_151274_(ShapedRecipe.java:337) ~[server-1.18.2-20220404.173914-srg.jar%23116!/:?]
	at net.minecraft.world.item.crafting.ShapelessRecipe$Serializer.m_6729_(ShapelessRecipe.java:108) ~[server-1.18.2-20220404.173914-srg.jar%23116!/:?]
	at net.minecraft.world.item.crafting.ShapelessRecipe$Serializer.m_6729_(ShapelessRecipe.java:98) ~[server-1.18.2-20220404.173914-srg.jar%23116!/:?]
	at net.minecraftforge.common.extensions.IForgeRecipeSerializer.fromJson(IForgeRecipeSerializer.java:23) ~[forge-1.18.2-40.2.21-universal.jar%23121!/:?]
	at net.minecraft.world.item.crafting.RecipeManager.fromJson(RecipeManager.java:201) ~[server-1.18.2-20220404.173914-srg.jar%23116!/:?]
	at net.minecraft.world.item.crafting.RecipeManager.m_5787_(RecipeManager.java:67) ~[server-1.18.2-20220404.173914-srg.jar%23116!/:?]
	at net.minecraft.world.item.crafting.RecipeManager.m_5787_(RecipeManager.java:33) ~[server-1.18.2-20220404.173914-srg.jar%23116!/:?]
	at net.minecraft.server.packs.resources.SimplePreparableReloadListener.m_10789_(SimplePreparableReloadListener.java:13) ~[server-1.18.2-20220404.173914-srg.jar%23116!/:?]
	at java.util.concurrent.CompletableFuture$UniAccept.tryFire(CompletableFuture.java:718) ~[?:?]
	at java.util.concurrent.CompletableFuture$Completion.run(CompletableFuture.java:482) ~[?:?]
	at net.minecraft.server.packs.resources.SimpleReloadInstance.m_143940_(SimpleReloadInstance.java:69) ~[server-1.18.2-20220404.173914-srg.jar%23116!/:?]
	at net.minecraft.util.thread.BlockableEventLoop.execute(BlockableEventLoop.java:103) ~[server-1.18.2-20220404.173914-srg.jar%23116!/:?]
	at net.minecraft.server.packs.resources.SimpleReloadInstance.m_10834_(SimpleReloadInstance.java:68) ~[server-1.18.2-20220404.173914-srg.jar%23116!/:?]
	at java.util.concurrent.CompletableFuture$UniCompletion.claim(CompletableFuture.java:572) ~[?:?]
	at java.util.concurrent.CompletableFuture$UniAccept.tryFire(CompletableFuture.java:714) ~[?:?]
	at java.util.concurrent.CompletableFuture.postComplete(CompletableFuture.java:510) ~[?:?]
	at java.util.concurrent.CompletableFuture.postFire(CompletableFuture.java:614) ~[?:?]
	at java.util.concurrent.CompletableFuture$UniAccept.tryFire(CompletableFuture.java:726) ~[?:?]
	at java.util.concurrent.CompletableFuture$Completion.run(CompletableFuture.java:482) ~[?:?]
	at net.minecraft.server.packs.resources.SimpleReloadInstance.m_143940_(SimpleReloadInstance.java:69) ~[server-1.18.2-20220404.173914-srg.jar%23116!/:?]
	at net.minecraft.util.thread.BlockableEventLoop.execute(BlockableEventLoop.java:103) ~[server-1.18.2-20220404.173914-srg.jar%23116!/:?]
	at net.minecraft.server.packs.resources.SimpleReloadInstance.m_10834_(SimpleReloadInstance.java:68) ~[server-1.18.2-20220404.173914-srg.jar%23116!/:?]
	at java.util.concurrent.CompletableFuture$UniCompletion.claim(CompletableFuture.java:572) ~[?:?]
	at java.util.concurrent.CompletableFuture$UniAccept.tryFire(CompletableFuture.java:714) ~[?:?]
	at java.util.concurrent.CompletableFuture.postComplete(CompletableFuture.java:510) ~[?:?]
	at java.util.concurrent.CompletableFuture.postFire(CompletableFuture.java:614) ~[?:?]
	at java.util.concurrent.CompletableFuture$UniAccept.tryFire(CompletableFuture.java:726) ~[?:?]
	at java.util.concurrent.CompletableFuture$Completion.run(CompletableFuture.java:482) ~[?:?]
	at net.minecraft.server.packs.resources.SimpleReloadInstance.m_143940_(SimpleReloadInstance.java:69) ~[server-1.18.2-20220404.173914-srg.jar%23116!/:?]
	at net.minecraft.util.thread.BlockableEventLoop.execute(BlockableEventLoop.java:103) ~[server-1.18.2-20220404.173914-srg.jar%23116!/:?]
	at net.minecraft.server.packs.resources.SimpleReloadInstance.m_10834_(SimpleReloadInstance.java:68) ~[server-1.18.2-20220404.173914-srg.jar%23116!/:?]
	at java.util.concurrent.CompletableFuture$UniCompletion.claim(CompletableFuture.java:572) ~[?:?]
	at java.util.concurrent.CompletableFuture$UniAccept.tryFire(CompletableFuture.java:714) ~[?:?]
	at java.util.concurrent.CompletableFuture.postComplete(CompletableFuture.java:510) ~[?:?]
	at java.util.concurrent.CompletableFuture.complete(CompletableFuture.java:2179) ~[?:?]
	at net.minecraft.server.packs.resources.SimpleReloadInstance$1.m_10855_(SimpleReloadInstance.java:51) ~[server-1.18.2-20220404.173914-srg.jar%23116!/:?]
	at net.minecraft.util.thread.BlockableEventLoop.execute(BlockableEventLoop.java:103) ~[server-1.18.2-20220404.173914-srg.jar%23116!/:?]
	at net.minecraft.server.packs.resources.SimpleReloadInstance$1.m_6769_(SimpleReloadInstance.java:48) ~[server-1.18.2-20220404.173914-srg.jar%23116!/:?]
	at java.util.concurrent.CompletableFuture$UniCompose.tryFire(CompletableFuture.java:1150) [?:?]
	at java.util.concurrent.CompletableFuture.postComplete(CompletableFuture.java:510) [?:?]
	at java.util.concurrent.CompletableFuture$AsyncSupply.run(CompletableFuture.java:1773) [?:?]
	at java.util.concurrent.CompletableFuture$AsyncSupply.exec(CompletableFuture.java:1760) [?:?]
	at java.util.concurrent.ForkJoinTask.doExec(ForkJoinTask.java:387) [?:?]
	at java.util.concurrent.ForkJoinPool$WorkQueue.topLevelExec(ForkJoinPool.java:1312) [?:?]
	at java.util.concurrent.ForkJoinPool.scan(ForkJoinPool.java:1843) [?:?]
	at java.util.concurrent.ForkJoinPool.runWorker(ForkJoinPool.java:1808) [?:?]
	at java.util.concurrent.ForkJoinWorkerThread.run(ForkJoinWorkerThread.java:188) [?:?]
2025-03-09 02:31:14,515 [1;31mERROR[m [m[Worker-Main-14][m [mn.m.w.i.c.RecipeManager.m_5787_(77)[m: Parsing error loading recipe useless_sword:chitin_stinger_recipe
com.google.gson.JsonSyntaxException: Unknown item 'druidcraft:chitin'
	at net.minecraft.world.item.crafting.ShapedRecipe.m_151280_(ShapedRecipe.java:343) ~[server-1.18.2-20220404.173914-srg.jar%23116!/:?]
	at java.util.Optional.orElseThrow(Optional.java:403) ~[?:?]
	at net.minecraft.world.item.crafting.ShapedRecipe.m_151278_(ShapedRecipe.java:342) ~[server-1.18.2-20220404.173914-srg.jar%23116!/:?]
	at net.minecraft.world.item.crafting.Ingredient.m_43919_(Ingredient.java:233) ~[server-1.18.2-20220404.173914-srg.jar%23116!/:?]
	at net.minecraftforge.common.crafting.VanillaIngredientSerializer.parse(VanillaIngredientSerializer.java:27) ~[forge-1.18.2-40.2.21-universal.jar%23121!/:?]
	at net.minecraftforge.common.crafting.CraftingHelper.getIngredient(CraftingHelper.java:143) ~[forge-1.18.2-40.2.21-universal.jar%23121!/:?]
	at net.minecraft.world.item.crafting.Ingredient.m_43917_(Ingredient.java:208) ~[server-1.18.2-20220404.173914-srg.jar%23116!/:?]
	at net.minecraft.world.item.crafting.ShapedRecipe.m_44210_(ShapedRecipe.java:329) ~[server-1.18.2-20220404.173914-srg.jar%23116!/:?]
	at net.minecraft.world.item.crafting.ShapedRecipe$Serializer.m_6729_(ShapedRecipe.java:356) ~[server-1.18.2-20220404.173914-srg.jar%23116!/:?]
	at net.minecraft.world.item.crafting.ShapedRecipe$Serializer.m_6729_(ShapedRecipe.java:352) ~[server-1.18.2-20220404.173914-srg.jar%23116!/:?]
	at net.minecraftforge.common.extensions.IForgeRecipeSerializer.fromJson(IForgeRecipeSerializer.java:23) ~[forge-1.18.2-40.2.21-universal.jar%23121!/:?]
	at net.minecraft.world.item.crafting.RecipeManager.fromJson(RecipeManager.java:201) ~[server-1.18.2-20220404.173914-srg.jar%23116!/:?]
	at net.minecraft.world.item.crafting.RecipeManager.m_5787_(RecipeManager.java:67) ~[server-1.18.2-20220404.173914-srg.jar%23116!/:?]
	at net.minecraft.world.item.crafting.RecipeManager.m_5787_(RecipeManager.java:33) ~[server-1.18.2-20220404.173914-srg.jar%23116!/:?]
	at net.minecraft.server.packs.resources.SimplePreparableReloadListener.m_10789_(SimplePreparableReloadListener.java:13) ~[server-1.18.2-20220404.173914-srg.jar%23116!/:?]
	at java.util.concurrent.CompletableFuture$UniAccept.tryFire(CompletableFuture.java:718) ~[?:?]
	at java.util.concurrent.CompletableFuture$Completion.run(CompletableFuture.java:482) ~[?:?]
	at net.minecraft.server.packs.resources.SimpleReloadInstance.m_143940_(SimpleReloadInstance.java:69) ~[server-1.18.2-20220404.173914-srg.jar%23116!/:?]
	at net.minecraft.util.thread.BlockableEventLoop.execute(BlockableEventLoop.java:103) ~[server-1.18.2-20220404.173914-srg.jar%23116!/:?]
	at net.minecraft.server.packs.resources.SimpleReloadInstance.m_10834_(SimpleReloadInstance.java:68) ~[server-1.18.2-20220404.173914-srg.jar%23116!/:?]
	at java.util.concurrent.CompletableFuture$UniCompletion.claim(CompletableFuture.java:572) ~[?:?]
	at java.util.concurrent.CompletableFuture$UniAccept.tryFire(CompletableFuture.java:714) ~[?:?]
	at java.util.concurrent.CompletableFuture.postComplete(CompletableFuture.java:510) ~[?:?]
	at java.util.concurrent.CompletableFuture.postFire(CompletableFuture.java:614) ~[?:?]
	at java.util.concurrent.CompletableFuture$UniAccept.tryFire(CompletableFuture.java:726) ~[?:?]
	at java.util.concurrent.CompletableFuture$Completion.run(CompletableFuture.java:482) ~[?:?]
	at net.minecraft.server.packs.resources.SimpleReloadInstance.m_143940_(SimpleReloadInstance.java:69) ~[server-1.18.2-20220404.173914-srg.jar%23116!/:?]
	at net.minecraft.util.thread.BlockableEventLoop.execute(BlockableEventLoop.java:103) ~[server-1.18.2-20220404.173914-srg.jar%23116!/:?]
	at net.minecraft.server.packs.resources.SimpleReloadInstance.m_10834_(SimpleReloadInstance.java:68) ~[server-1.18.2-20220404.173914-srg.jar%23116!/:?]
	at java.util.concurrent.CompletableFuture$UniCompletion.claim(CompletableFuture.java:572) ~[?:?]
	at java.util.concurrent.CompletableFuture$UniAccept.tryFire(CompletableFuture.java:714) ~[?:?]
	at java.util.concurrent.CompletableFuture.postComplete(CompletableFuture.java:510) ~[?:?]
	at java.util.concurrent.CompletableFuture.postFire(CompletableFuture.java:614) ~[?:?]
	at java.util.concurrent.CompletableFuture$UniAccept.tryFire(CompletableFuture.java:726) ~[?:?]
	at java.util.concurrent.CompletableFuture$Completion.run(CompletableFuture.java:482) ~[?:?]
	at net.minecraft.server.packs.resources.SimpleReloadInstance.m_143940_(SimpleReloadInstance.java:69) ~[server-1.18.2-20220404.173914-srg.jar%23116!/:?]
	at net.minecraft.util.thread.BlockableEventLoop.execute(BlockableEventLoop.java:103) ~[server-1.18.2-20220404.173914-srg.jar%23116!/:?]
	at net.minecraft.server.packs.resources.SimpleReloadInstance.m_10834_(SimpleReloadInstance.java:68) ~[server-1.18.2-20220404.173914-srg.jar%23116!/:?]
	at java.util.concurrent.CompletableFuture$UniCompletion.claim(CompletableFuture.java:572) ~[?:?]
	at java.util.concurrent.CompletableFuture$UniAccept.tryFire(CompletableFuture.java:714) ~[?:?]
	at java.util.concurrent.CompletableFuture.postComplete(CompletableFuture.java:510) ~[?:?]
	at java.util.concurrent.CompletableFuture.complete(CompletableFuture.java:2179) ~[?:?]
	at net.minecraft.server.packs.resources.SimpleReloadInstance$1.m_10855_(SimpleReloadInstance.java:51) ~[server-1.18.2-20220404.173914-srg.jar%23116!/:?]
	at net.minecraft.util.thread.BlockableEventLoop.execute(BlockableEventLoop.java:103) ~[server-1.18.2-20220404.173914-srg.jar%23116!/:?]
	at net.minecraft.server.packs.resources.SimpleReloadInstance$1.m_6769_(SimpleReloadInstance.java:48) ~[server-1.18.2-20220404.173914-srg.jar%23116!/:?]
	at java.util.concurrent.CompletableFuture$UniCompose.tryFire(CompletableFuture.java:1150) [?:?]
	at java.util.concurrent.CompletableFuture.postComplete(CompletableFuture.java:510) [?:?]
	at java.util.concurrent.CompletableFuture$AsyncSupply.run(CompletableFuture.java:1773) [?:?]
	at java.util.concurrent.CompletableFuture$AsyncSupply.exec(CompletableFuture.java:1760) [?:?]
	at java.util.concurrent.ForkJoinTask.doExec(ForkJoinTask.java:387) [?:?]
	at java.util.concurrent.ForkJoinPool$WorkQueue.topLevelExec(ForkJoinPool.java:1312) [?:?]
	at java.util.concurrent.ForkJoinPool.scan(ForkJoinPool.java:1843) [?:?]
	at java.util.concurrent.ForkJoinPool.runWorker(ForkJoinPool.java:1808) [?:?]
	at java.util.concurrent.ForkJoinWorkerThread.run(ForkJoinWorkerThread.java:188) [?:?]
2025-03-09 02:31:14,529 [1;31mERROR[m [m[Worker-Main-14][m [mn.m.w.i.c.RecipeManager.m_5787_(77)[m: Parsing error loading recipe useless_sword:brass_head_turner_recipe
com.google.gson.JsonSyntaxException: Unknown item 'create:turntable'
	at net.minecraft.world.item.crafting.ShapedRecipe.m_151280_(ShapedRecipe.java:343) ~[server-1.18.2-20220404.173914-srg.jar%23116!/:?]
	at java.util.Optional.orElseThrow(Optional.java:403) ~[?:?]
	at net.minecraft.world.item.crafting.ShapedRecipe.m_151278_(ShapedRecipe.java:342) ~[server-1.18.2-20220404.173914-srg.jar%23116!/:?]
	at net.minecraft.world.item.crafting.Ingredient.m_43919_(Ingredient.java:233) ~[server-1.18.2-20220404.173914-srg.jar%23116!/:?]
	at net.minecraftforge.common.crafting.VanillaIngredientSerializer.parse(VanillaIngredientSerializer.java:27) ~[forge-1.18.2-40.2.21-universal.jar%23121!/:?]
	at net.minecraftforge.common.crafting.CraftingHelper.getIngredient(CraftingHelper.java:143) ~[forge-1.18.2-40.2.21-universal.jar%23121!/:?]
	at net.minecraft.world.item.crafting.Ingredient.m_43917_(Ingredient.java:208) ~[server-1.18.2-20220404.173914-srg.jar%23116!/:?]
	at net.minecraft.world.item.crafting.ShapedRecipe.m_44210_(ShapedRecipe.java:329) ~[server-1.18.2-20220404.173914-srg.jar%23116!/:?]
	at net.minecraft.world.item.crafting.ShapedRecipe$Serializer.m_6729_(ShapedRecipe.java:356) ~[server-1.18.2-20220404.173914-srg.jar%23116!/:?]
	at net.minecraft.world.item.crafting.ShapedRecipe$Serializer.m_6729_(ShapedRecipe.java:352) ~[server-1.18.2-20220404.173914-srg.jar%23116!/:?]
	at net.minecraftforge.common.extensions.IForgeRecipeSerializer.fromJson(IForgeRecipeSerializer.java:23) ~[forge-1.18.2-40.2.21-universal.jar%23121!/:?]
	at net.minecraft.world.item.crafting.RecipeManager.fromJson(RecipeManager.java:201) ~[server-1.18.2-20220404.173914-srg.jar%23116!/:?]
	at net.minecraft.world.item.crafting.RecipeManager.m_5787_(RecipeManager.java:67) ~[server-1.18.2-20220404.173914-srg.jar%23116!/:?]
	at net.minecraft.world.item.crafting.RecipeManager.m_5787_(RecipeManager.java:33) ~[server-1.18.2-20220404.173914-srg.jar%23116!/:?]
	at net.minecraft.server.packs.resources.SimplePreparableReloadListener.m_10789_(SimplePreparableReloadListener.java:13) ~[server-1.18.2-20220404.173914-srg.jar%23116!/:?]
	at java.util.concurrent.CompletableFuture$UniAccept.tryFire(CompletableFuture.java:718) ~[?:?]
	at java.util.concurrent.CompletableFuture$Completion.run(CompletableFuture.java:482) ~[?:?]
	at net.minecraft.server.packs.resources.SimpleReloadInstance.m_143940_(SimpleReloadInstance.java:69) ~[server-1.18.2-20220404.173914-srg.jar%23116!/:?]
	at net.minecraft.util.thread.BlockableEventLoop.execute(BlockableEventLoop.java:103) ~[server-1.18.2-20220404.173914-srg.jar%23116!/:?]
	at net.minecraft.server.packs.resources.SimpleReloadInstance.m_10834_(SimpleReloadInstance.java:68) ~[server-1.18.2-20220404.173914-srg.jar%23116!/:?]
	at java.util.concurrent.CompletableFuture$UniCompletion.claim(CompletableFuture.java:572) ~[?:?]
	at java.util.concurrent.CompletableFuture$UniAccept.tryFire(CompletableFuture.java:714) ~[?:?]
	at java.util.concurrent.CompletableFuture.postComplete(CompletableFuture.java:510) ~[?:?]
	at java.util.concurrent.CompletableFuture.postFire(CompletableFuture.java:614) ~[?:?]
	at java.util.concurrent.CompletableFuture$UniAccept.tryFire(CompletableFuture.java:726) ~[?:?]
	at java.util.concurrent.CompletableFuture$Completion.run(CompletableFuture.java:482) ~[?:?]
	at net.minecraft.server.packs.resources.SimpleReloadInstance.m_143940_(SimpleReloadInstance.java:69) ~[server-1.18.2-20220404.173914-srg.jar%23116!/:?]
	at net.minecraft.util.thread.BlockableEventLoop.execute(BlockableEventLoop.java:103) ~[server-1.18.2-20220404.173914-srg.jar%23116!/:?]
	at net.minecraft.server.packs.resources.SimpleReloadInstance.m_10834_(SimpleReloadInstance.java:68) ~[server-1.18.2-20220404.173914-srg.jar%23116!/:?]
	at java.util.concurrent.CompletableFuture$UniCompletion.claim(CompletableFuture.java:572) ~[?:?]
	at java.util.concurrent.CompletableFuture$UniAccept.tryFire(CompletableFuture.java:714) ~[?:?]
	at java.util.concurrent.CompletableFuture.postComplete(CompletableFuture.java:510) ~[?:?]
	at java.util.concurrent.CompletableFuture.postFire(CompletableFuture.java:614) ~[?:?]
	at java.util.concurrent.CompletableFuture$UniAccept.tryFire(CompletableFuture.java:726) ~[?:?]
	at java.util.concurrent.CompletableFuture$Completion.run(CompletableFuture.java:482) ~[?:?]
	at net.minecraft.server.packs.resources.SimpleReloadInstance.m_143940_(SimpleReloadInstance.java:69) ~[server-1.18.2-20220404.173914-srg.jar%23116!/:?]
	at net.minecraft.util.thread.BlockableEventLoop.execute(BlockableEventLoop.java:103) ~[server-1.18.2-20220404.173914-srg.jar%23116!/:?]
	at net.minecraft.server.packs.resources.SimpleReloadInstance.m_10834_(SimpleReloadInstance.java:68) ~[server-1.18.2-20220404.173914-srg.jar%23116!/:?]
	at java.util.concurrent.CompletableFuture$UniCompletion.claim(CompletableFuture.java:572) ~[?:?]
	at java.util.concurrent.CompletableFuture$UniAccept.tryFire(CompletableFuture.java:714) ~[?:?]
	at java.util.concurrent.CompletableFuture.postComplete(CompletableFuture.java:510) ~[?:?]
	at java.util.concurrent.CompletableFuture.complete(CompletableFuture.java:2179) ~[?:?]
	at net.minecraft.server.packs.resources.SimpleReloadInstance$1.m_10855_(SimpleReloadInstance.java:51) ~[server-1.18.2-20220404.173914-srg.jar%23116!/:?]
	at net.minecraft.util.thread.BlockableEventLoop.execute(BlockableEventLoop.java:103) ~[server-1.18.2-20220404.173914-srg.jar%23116!/:?]
	at net.minecraft.server.packs.resources.SimpleReloadInstance$1.m_6769_(SimpleReloadInstance.java:48) ~[server-1.18.2-20220404.173914-srg.jar%23116!/:?]
	at java.util.concurrent.CompletableFuture$UniCompose.tryFire(CompletableFuture.java:1150) [?:?]
	at java.util.concurrent.CompletableFuture.postComplete(CompletableFuture.java:510) [?:?]
	at java.util.concurrent.CompletableFuture$AsyncSupply.run(CompletableFuture.java:1773) [?:?]
	at java.util.concurrent.CompletableFuture$AsyncSupply.exec(CompletableFuture.java:1760) [?:?]
	at java.util.concurrent.ForkJoinTask.doExec(ForkJoinTask.java:387) [?:?]
	at java.util.concurrent.ForkJoinPool$WorkQueue.topLevelExec(ForkJoinPool.java:1312) [?:?]
	at java.util.concurrent.ForkJoinPool.scan(ForkJoinPool.java:1843) [?:?]
	at java.util.concurrent.ForkJoinPool.runWorker(ForkJoinPool.java:1808) [?:?]
	at java.util.concurrent.ForkJoinWorkerThread.run(ForkJoinWorkerThread.java:188) [?:?]
2025-03-09 02:31:14,548 [1;31mERROR[m [m[Worker-Main-14][m [mn.m.w.i.c.RecipeManager.m_5787_(77)[m: Parsing error loading recipe useless_sword:dragonbreathdiamondswordcraft2
com.google.gson.JsonSyntaxException: Unknown item 'useless_sword:dragonbreathdiamondsword'
	at net.minecraftforge.common.crafting.CraftingHelper.getItem(CraftingHelper.java:155) ~[forge-1.18.2-40.2.21-universal.jar%23121!/:?]
	at net.minecraftforge.common.crafting.CraftingHelper.getItemStack(CraftingHelper.java:181) ~[forge-1.18.2-40.2.21-universal.jar%23121!/:?]
	at net.minecraft.world.item.crafting.ShapedRecipe.m_151274_(ShapedRecipe.java:337) ~[server-1.18.2-20220404.173914-srg.jar%23116!/:?]
	at net.minecraft.world.item.crafting.ShapelessRecipe$Serializer.m_6729_(ShapelessRecipe.java:108) ~[server-1.18.2-20220404.173914-srg.jar%23116!/:?]
	at net.minecraft.world.item.crafting.ShapelessRecipe$Serializer.m_6729_(ShapelessRecipe.java:98) ~[server-1.18.2-20220404.173914-srg.jar%23116!/:?]
	at net.minecraftforge.common.extensions.IForgeRecipeSerializer.fromJson(IForgeRecipeSerializer.java:23) ~[forge-1.18.2-40.2.21-universal.jar%23121!/:?]
	at net.minecraft.world.item.crafting.RecipeManager.fromJson(RecipeManager.java:201) ~[server-1.18.2-20220404.173914-srg.jar%23116!/:?]
	at net.minecraft.world.item.crafting.RecipeManager.m_5787_(RecipeManager.java:67) ~[server-1.18.2-20220404.173914-srg.jar%23116!/:?]
	at net.minecraft.world.item.crafting.RecipeManager.m_5787_(RecipeManager.java:33) ~[server-1.18.2-20220404.173914-srg.jar%23116!/:?]
	at net.minecraft.server.packs.resources.SimplePreparableReloadListener.m_10789_(SimplePreparableReloadListener.java:13) ~[server-1.18.2-20220404.173914-srg.jar%23116!/:?]
	at java.util.concurrent.CompletableFuture$UniAccept.tryFire(CompletableFuture.java:718) ~[?:?]
	at java.util.concurrent.CompletableFuture$Completion.run(CompletableFuture.java:482) ~[?:?]
	at net.minecraft.server.packs.resources.SimpleReloadInstance.m_143940_(SimpleReloadInstance.java:69) ~[server-1.18.2-20220404.173914-srg.jar%23116!/:?]
	at net.minecraft.util.thread.BlockableEventLoop.execute(BlockableEventLoop.java:103) ~[server-1.18.2-20220404.173914-srg.jar%23116!/:?]
	at net.minecraft.server.packs.resources.SimpleReloadInstance.m_10834_(SimpleReloadInstance.java:68) ~[server-1.18.2-20220404.173914-srg.jar%23116!/:?]
	at java.util.concurrent.CompletableFuture$UniCompletion.claim(CompletableFuture.java:572) ~[?:?]
	at java.util.concurrent.CompletableFuture$UniAccept.tryFire(CompletableFuture.java:714) ~[?:?]
	at java.util.concurrent.CompletableFuture.postComplete(CompletableFuture.java:510) ~[?:?]
	at java.util.concurrent.CompletableFuture.postFire(CompletableFuture.java:614) ~[?:?]
	at java.util.concurrent.CompletableFuture$UniAccept.tryFire(CompletableFuture.java:726) ~[?:?]
	at java.util.concurrent.CompletableFuture$Completion.run(CompletableFuture.java:482) ~[?:?]
	at net.minecraft.server.packs.resources.SimpleReloadInstance.m_143940_(SimpleReloadInstance.java:69) ~[server-1.18.2-20220404.173914-srg.jar%23116!/:?]
	at net.minecraft.util.thread.BlockableEventLoop.execute(BlockableEventLoop.java:103) ~[server-1.18.2-20220404.173914-srg.jar%23116!/:?]
	at net.minecraft.server.packs.resources.SimpleReloadInstance.m_10834_(SimpleReloadInstance.java:68) ~[server-1.18.2-20220404.173914-srg.jar%23116!/:?]
	at java.util.concurrent.CompletableFuture$UniCompletion.claim(CompletableFuture.java:572) ~[?:?]
	at java.util.concurrent.CompletableFuture$UniAccept.tryFire(CompletableFuture.java:714) ~[?:?]
	at java.util.concurrent.CompletableFuture.postComplete(CompletableFuture.java:510) ~[?:?]
	at java.util.concurrent.CompletableFuture.postFire(CompletableFuture.java:614) ~[?:?]
	at java.util.concurrent.CompletableFuture$UniAccept.tryFire(CompletableFuture.java:726) ~[?:?]
	at java.util.concurrent.CompletableFuture$Completion.run(CompletableFuture.java:482) ~[?:?]
	at net.minecraft.server.packs.resources.SimpleReloadInstance.m_143940_(SimpleReloadInstance.java:69) ~[server-1.18.2-20220404.173914-srg.jar%23116!/:?]
	at net.minecraft.util.thread.BlockableEventLoop.execute(BlockableEventLoop.java:103) ~[server-1.18.2-20220404.173914-srg.jar%23116!/:?]
	at net.minecraft.server.packs.resources.SimpleReloadInstance.m_10834_(SimpleReloadInstance.java:68) ~[server-1.18.2-20220404.173914-srg.jar%23116!/:?]
	at java.util.concurrent.CompletableFuture$UniCompletion.claim(CompletableFuture.java:572) ~[?:?]
	at java.util.concurrent.CompletableFuture$UniAccept.tryFire(CompletableFuture.java:714) ~[?:?]
	at java.util.concurrent.CompletableFuture.postComplete(CompletableFuture.java:510) ~[?:?]
	at java.util.concurrent.CompletableFuture.complete(CompletableFuture.java:2179) ~[?:?]
	at net.minecraft.server.packs.resources.SimpleReloadInstance$1.m_10855_(SimpleReloadInstance.java:51) ~[server-1.18.2-20220404.173914-srg.jar%23116!/:?]
	at net.minecraft.util.thread.BlockableEventLoop.execute(BlockableEventLoop.java:103) ~[server-1.18.2-20220404.173914-srg.jar%23116!/:?]
	at net.minecraft.server.packs.resources.SimpleReloadInstance$1.m_6769_(SimpleReloadInstance.java:48) ~[server-1.18.2-20220404.173914-srg.jar%23116!/:?]
	at java.util.concurrent.CompletableFuture$UniCompose.tryFire(CompletableFuture.java:1150) [?:?]
	at java.util.concurrent.CompletableFuture.postComplete(CompletableFuture.java:510) [?:?]
	at java.util.concurrent.CompletableFuture$AsyncSupply.run(CompletableFuture.java:1773) [?:?]
	at java.util.concurrent.CompletableFuture$AsyncSupply.exec(CompletableFuture.java:1760) [?:?]
	at java.util.concurrent.ForkJoinTask.doExec(ForkJoinTask.java:387) [?:?]
	at java.util.concurrent.ForkJoinPool$WorkQueue.topLevelExec(ForkJoinPool.java:1312) [?:?]
	at java.util.concurrent.ForkJoinPool.scan(ForkJoinPool.java:1843) [?:?]
	at java.util.concurrent.ForkJoinPool.runWorker(ForkJoinPool.java:1808) [?:?]
	at java.util.concurrent.ForkJoinWorkerThread.run(ForkJoinWorkerThread.java:188) [?:?]
2025-03-09 02:31:14,570 [1;31mERROR[m [m[Worker-Main-14][m [mn.m.w.i.c.RecipeManager.m_5787_(77)[m: Parsing error loading recipe useless_sword:neptunium_grab_sword_recipe
com.google.gson.JsonSyntaxException: Unknown item 'aquaculture:iron_hook'
	at net.minecraft.world.item.crafting.ShapedRecipe.m_151280_(ShapedRecipe.java:343) ~[server-1.18.2-20220404.173914-srg.jar%23116!/:?]
	at java.util.Optional.orElseThrow(Optional.java:403) ~[?:?]
	at net.minecraft.world.item.crafting.ShapedRecipe.m_151278_(ShapedRecipe.java:342) ~[server-1.18.2-20220404.173914-srg.jar%23116!/:?]
	at net.minecraft.world.item.crafting.Ingredient.m_43919_(Ingredient.java:233) ~[server-1.18.2-20220404.173914-srg.jar%23116!/:?]
	at net.minecraftforge.common.crafting.VanillaIngredientSerializer.parse(VanillaIngredientSerializer.java:27) ~[forge-1.18.2-40.2.21-universal.jar%23121!/:?]
	at net.minecraftforge.common.crafting.CraftingHelper.getIngredient(CraftingHelper.java:143) ~[forge-1.18.2-40.2.21-universal.jar%23121!/:?]
	at net.minecraft.world.item.crafting.Ingredient.m_43917_(Ingredient.java:208) ~[server-1.18.2-20220404.173914-srg.jar%23116!/:?]
	at net.minecraft.world.item.crafting.ShapedRecipe.m_44210_(ShapedRecipe.java:329) ~[server-1.18.2-20220404.173914-srg.jar%23116!/:?]
	at net.minecraft.world.item.crafting.ShapedRecipe$Serializer.m_6729_(ShapedRecipe.java:356) ~[server-1.18.2-20220404.173914-srg.jar%23116!/:?]
	at net.minecraft.world.item.crafting.ShapedRecipe$Serializer.m_6729_(ShapedRecipe.java:352) ~[server-1.18.2-20220404.173914-srg.jar%23116!/:?]
	at net.minecraftforge.common.extensions.IForgeRecipeSerializer.fromJson(IForgeRecipeSerializer.java:23) ~[forge-1.18.2-40.2.21-universal.jar%23121!/:?]
	at net.minecraft.world.item.crafting.RecipeManager.fromJson(RecipeManager.java:201) ~[server-1.18.2-20220404.173914-srg.jar%23116!/:?]
	at net.minecraft.world.item.crafting.RecipeManager.m_5787_(RecipeManager.java:67) ~[server-1.18.2-20220404.173914-srg.jar%23116!/:?]
	at net.minecraft.world.item.crafting.RecipeManager.m_5787_(RecipeManager.java:33) ~[server-1.18.2-20220404.173914-srg.jar%23116!/:?]
	at net.minecraft.server.packs.resources.SimplePreparableReloadListener.m_10789_(SimplePreparableReloadListener.java:13) ~[server-1.18.2-20220404.173914-srg.jar%23116!/:?]
	at java.util.concurrent.CompletableFuture$UniAccept.tryFire(CompletableFuture.java:718) ~[?:?]
	at java.util.concurrent.CompletableFuture$Completion.run(CompletableFuture.java:482) ~[?:?]
	at net.minecraft.server.packs.resources.SimpleReloadInstance.m_143940_(SimpleReloadInstance.java:69) ~[server-1.18.2-20220404.173914-srg.jar%23116!/:?]
	at net.minecraft.util.thread.BlockableEventLoop.execute(BlockableEventLoop.java:103) ~[server-1.18.2-20220404.173914-srg.jar%23116!/:?]
	at net.minecraft.server.packs.resources.SimpleReloadInstance.m_10834_(SimpleReloadInstance.java:68) ~[server-1.18.2-20220404.173914-srg.jar%23116!/:?]
	at java.util.concurrent.CompletableFuture$UniCompletion.claim(CompletableFuture.java:572) ~[?:?]
	at java.util.concurrent.CompletableFuture$UniAccept.tryFire(CompletableFuture.java:714) ~[?:?]
	at java.util.concurrent.CompletableFuture.postComplete(CompletableFuture.java:510) ~[?:?]
	at java.util.concurrent.CompletableFuture.postFire(CompletableFuture.java:614) ~[?:?]
	at java.util.concurrent.CompletableFuture$UniAccept.tryFire(CompletableFuture.java:726) ~[?:?]
	at java.util.concurrent.CompletableFuture$Completion.run(CompletableFuture.java:482) ~[?:?]
	at net.minecraft.server.packs.resources.SimpleReloadInstance.m_143940_(SimpleReloadInstance.java:69) ~[server-1.18.2-20220404.173914-srg.jar%23116!/:?]
	at net.minecraft.util.thread.BlockableEventLoop.execute(BlockableEventLoop.java:103) ~[server-1.18.2-20220404.173914-srg.jar%23116!/:?]
	at net.minecraft.server.packs.resources.SimpleReloadInstance.m_10834_(SimpleReloadInstance.java:68) ~[server-1.18.2-20220404.173914-srg.jar%23116!/:?]
	at java.util.concurrent.CompletableFuture$UniCompletion.claim(CompletableFuture.java:572) ~[?:?]
	at java.util.concurrent.CompletableFuture$UniAccept.tryFire(CompletableFuture.java:714) ~[?:?]
	at java.util.concurrent.CompletableFuture.postComplete(CompletableFuture.java:510) ~[?:?]
	at java.util.concurrent.CompletableFuture.postFire(CompletableFuture.java:614) ~[?:?]
	at java.util.concurrent.CompletableFuture$UniAccept.tryFire(CompletableFuture.java:726) ~[?:?]
	at java.util.concurrent.CompletableFuture$Completion.run(CompletableFuture.java:482) ~[?:?]
	at net.minecraft.server.packs.resources.SimpleReloadInstance.m_143940_(SimpleReloadInstance.java:69) ~[server-1.18.2-20220404.173914-srg.jar%23116!/:?]
	at net.minecraft.util.thread.BlockableEventLoop.execute(BlockableEventLoop.java:103) ~[server-1.18.2-20220404.173914-srg.jar%23116!/:?]
	at net.minecraft.server.packs.resources.SimpleReloadInstance.m_10834_(SimpleReloadInstance.java:68) ~[server-1.18.2-20220404.173914-srg.jar%23116!/:?]
	at java.util.concurrent.CompletableFuture$UniCompletion.claim(CompletableFuture.java:572) ~[?:?]
	at java.util.concurrent.CompletableFuture$UniAccept.tryFire(CompletableFuture.java:714) ~[?:?]
	at java.util.concurrent.CompletableFuture.postComplete(CompletableFuture.java:510) ~[?:?]
	at java.util.concurrent.CompletableFuture.complete(CompletableFuture.java:2179) ~[?:?]
	at net.minecraft.server.packs.resources.SimpleReloadInstance$1.m_10855_(SimpleReloadInstance.java:51) ~[server-1.18.2-20220404.173914-srg.jar%23116!/:?]
	at net.minecraft.util.thread.BlockableEventLoop.execute(BlockableEventLoop.java:103) ~[server-1.18.2-20220404.173914-srg.jar%23116!/:?]
	at net.minecraft.server.packs.resources.SimpleReloadInstance$1.m_6769_(SimpleReloadInstance.java:48) ~[server-1.18.2-20220404.173914-srg.jar%23116!/:?]
	at java.util.concurrent.CompletableFuture$UniCompose.tryFire(CompletableFuture.java:1150) [?:?]
	at java.util.concurrent.CompletableFuture.postComplete(CompletableFuture.java:510) [?:?]
	at java.util.concurrent.CompletableFuture$AsyncSupply.run(CompletableFuture.java:1773) [?:?]
	at java.util.concurrent.CompletableFuture$AsyncSupply.exec(CompletableFuture.java:1760) [?:?]
	at java.util.concurrent.ForkJoinTask.doExec(ForkJoinTask.java:387) [?:?]
	at java.util.concurrent.ForkJoinPool$WorkQueue.topLevelExec(ForkJoinPool.java:1312) [?:?]
	at java.util.concurrent.ForkJoinPool.scan(ForkJoinPool.java:1843) [?:?]
	at java.util.concurrent.ForkJoinPool.runWorker(ForkJoinPool.java:1808) [?:?]
	at java.util.concurrent.ForkJoinWorkerThread.run(ForkJoinWorkerThread.java:188) [?:?]
2025-03-09 02:31:14,584 [1;31mERROR[m [m[Worker-Main-14][m [mn.m.w.i.c.RecipeManager.m_5787_(77)[m: Parsing error loading recipe alternacraft:fossil_grinder_simple
com.google.gson.JsonSyntaxException: Invalid or unsupported recipe type 'alternacraft:fossil_grinder'
	at net.minecraft.world.item.crafting.RecipeManager.lambda$fromJson$10(RecipeManager.java:200) ~[server-1.18.2-20220404.173914-srg.jar%23116!/:?]
	at java.util.Optional.orElseThrow(Optional.java:403) ~[?:?]
	at net.minecraft.world.item.crafting.RecipeManager.fromJson(RecipeManager.java:199) ~[server-1.18.2-20220404.173914-srg.jar%23116!/:?]
	at net.minecraft.world.item.crafting.RecipeManager.m_5787_(RecipeManager.java:67) ~[server-1.18.2-20220404.173914-srg.jar%23116!/:?]
	at net.minecraft.world.item.crafting.RecipeManager.m_5787_(RecipeManager.java:33) ~[server-1.18.2-20220404.173914-srg.jar%23116!/:?]
	at net.minecraft.server.packs.resources.SimplePreparableReloadListener.m_10789_(SimplePreparableReloadListener.java:13) ~[server-1.18.2-20220404.173914-srg.jar%23116!/:?]
	at java.util.concurrent.CompletableFuture$UniAccept.tryFire(CompletableFuture.java:718) ~[?:?]
	at java.util.concurrent.CompletableFuture$Completion.run(CompletableFuture.java:482) ~[?:?]
	at net.minecraft.server.packs.resources.SimpleReloadInstance.m_143940_(SimpleReloadInstance.java:69) ~[server-1.18.2-20220404.173914-srg.jar%23116!/:?]
	at net.minecraft.util.thread.BlockableEventLoop.execute(BlockableEventLoop.java:103) ~[server-1.18.2-20220404.173914-srg.jar%23116!/:?]
	at net.minecraft.server.packs.resources.SimpleReloadInstance.m_10834_(SimpleReloadInstance.java:68) ~[server-1.18.2-20220404.173914-srg.jar%23116!/:?]
	at java.util.concurrent.CompletableFuture$UniCompletion.claim(CompletableFuture.java:572) ~[?:?]
	at java.util.concurrent.CompletableFuture$UniAccept.tryFire(CompletableFuture.java:714) ~[?:?]
	at java.util.concurrent.CompletableFuture.postComplete(CompletableFuture.java:510) ~[?:?]
	at java.util.concurrent.CompletableFuture.postFire(CompletableFuture.java:614) ~[?:?]
	at java.util.concurrent.CompletableFuture$UniAccept.tryFire(CompletableFuture.java:726) ~[?:?]
	at java.util.concurrent.CompletableFuture$Completion.run(CompletableFuture.java:482) ~[?:?]
	at net.minecraft.server.packs.resources.SimpleReloadInstance.m_143940_(SimpleReloadInstance.java:69) ~[server-1.18.2-20220404.173914-srg.jar%23116!/:?]
	at net.minecraft.util.thread.BlockableEventLoop.execute(BlockableEventLoop.java:103) ~[server-1.18.2-20220404.173914-srg.jar%23116!/:?]
	at net.minecraft.server.packs.resources.SimpleReloadInstance.m_10834_(SimpleReloadInstance.java:68) ~[server-1.18.2-20220404.173914-srg.jar%23116!/:?]
	at java.util.concurrent.CompletableFuture$UniCompletion.claim(CompletableFuture.java:572) ~[?:?]
	at java.util.concurrent.CompletableFuture$UniAccept.tryFire(CompletableFuture.java:714) ~[?:?]
	at java.util.concurrent.CompletableFuture.postComplete(CompletableFuture.java:510) ~[?:?]
	at java.util.concurrent.CompletableFuture.postFire(CompletableFuture.java:614) ~[?:?]
	at java.util.concurrent.CompletableFuture$UniAccept.tryFire(CompletableFuture.java:726) ~[?:?]
	at java.util.concurrent.CompletableFuture$Completion.run(CompletableFuture.java:482) ~[?:?]
	at net.minecraft.server.packs.resources.SimpleReloadInstance.m_143940_(SimpleReloadInstance.java:69) ~[server-1.18.2-20220404.173914-srg.jar%23116!/:?]
	at net.minecraft.util.thread.BlockableEventLoop.execute(BlockableEventLoop.java:103) ~[server-1.18.2-20220404.173914-srg.jar%23116!/:?]
	at net.minecraft.server.packs.resources.SimpleReloadInstance.m_10834_(SimpleReloadInstance.java:68) ~[server-1.18.2-20220404.173914-srg.jar%23116!/:?]
	at java.util.concurrent.CompletableFuture$UniCompletion.claim(CompletableFuture.java:572) ~[?:?]
	at java.util.concurrent.CompletableFuture$UniAccept.tryFire(CompletableFuture.java:714) ~[?:?]
	at java.util.concurrent.CompletableFuture.postComplete(CompletableFuture.java:510) ~[?:?]
	at java.util.concurrent.CompletableFuture.complete(CompletableFuture.java:2179) ~[?:?]
	at net.minecraft.server.packs.resources.SimpleReloadInstance$1.m_10855_(SimpleReloadInstance.java:51) ~[server-1.18.2-20220404.173914-srg.jar%23116!/:?]
	at net.minecraft.util.thread.BlockableEventLoop.execute(BlockableEventLoop.java:103) ~[server-1.18.2-20220404.173914-srg.jar%23116!/:?]
	at net.minecraft.server.packs.resources.SimpleReloadInstance$1.m_6769_(SimpleReloadInstance.java:48) ~[server-1.18.2-20220404.173914-srg.jar%23116!/:?]
	at java.util.concurrent.CompletableFuture$UniCompose.tryFire(CompletableFuture.java:1150) [?:?]
	at java.util.concurrent.CompletableFuture.postComplete(CompletableFuture.java:510) [?:?]
	at java.util.concurrent.CompletableFuture$AsyncSupply.run(CompletableFuture.java:1773) [?:?]
	at java.util.concurrent.CompletableFuture$AsyncSupply.exec(CompletableFuture.java:1760) [?:?]
	at java.util.concurrent.ForkJoinTask.doExec(ForkJoinTask.java:387) [?:?]
	at java.util.concurrent.ForkJoinPool$WorkQueue.topLevelExec(ForkJoinPool.java:1312) [?:?]
	at java.util.concurrent.ForkJoinPool.scan(ForkJoinPool.java:1843) [?:?]
	at java.util.concurrent.ForkJoinPool.runWorker(ForkJoinPool.java:1808) [?:?]
	at java.util.concurrent.ForkJoinWorkerThread.run(ForkJoinWorkerThread.java:188) [?:?]
2025-03-09 02:31:14,593 [1;31mERROR[m [m[Worker-Main-14][m [mn.m.w.i.c.RecipeManager.m_5787_(77)[m: Parsing error loading recipe tac:legendary_material
com.google.gson.JsonSyntaxException: Missing type, expected to find a string
	at net.minecraft.util.GsonHelper.m_13906_(GsonHelper.java:112) ~[server-1.18.2-20220404.173914-srg.jar%23116!/:?]
	at net.minecraft.world.item.crafting.RecipeManager.fromJson(RecipeManager.java:198) ~[server-1.18.2-20220404.173914-srg.jar%23116!/:?]
	at net.minecraft.world.item.crafting.RecipeManager.m_5787_(RecipeManager.java:67) ~[server-1.18.2-20220404.173914-srg.jar%23116!/:?]
	at net.minecraft.world.item.crafting.RecipeManager.m_5787_(RecipeManager.java:33) ~[server-1.18.2-20220404.173914-srg.jar%23116!/:?]
	at net.minecraft.server.packs.resources.SimplePreparableReloadListener.m_10789_(SimplePreparableReloadListener.java:13) ~[server-1.18.2-20220404.173914-srg.jar%23116!/:?]
	at java.util.concurrent.CompletableFuture$UniAccept.tryFire(CompletableFuture.java:718) ~[?:?]
	at java.util.concurrent.CompletableFuture$Completion.run(CompletableFuture.java:482) ~[?:?]
	at net.minecraft.server.packs.resources.SimpleReloadInstance.m_143940_(SimpleReloadInstance.java:69) ~[server-1.18.2-20220404.173914-srg.jar%23116!/:?]
	at net.minecraft.util.thread.BlockableEventLoop.execute(BlockableEventLoop.java:103) ~[server-1.18.2-20220404.173914-srg.jar%23116!/:?]
	at net.minecraft.server.packs.resources.SimpleReloadInstance.m_10834_(SimpleReloadInstance.java:68) ~[server-1.18.2-20220404.173914-srg.jar%23116!/:?]
	at java.util.concurrent.CompletableFuture$UniCompletion.claim(CompletableFuture.java:572) ~[?:?]
	at java.util.concurrent.CompletableFuture$UniAccept.tryFire(CompletableFuture.java:714) ~[?:?]
	at java.util.concurrent.CompletableFuture.postComplete(CompletableFuture.java:510) ~[?:?]
	at java.util.concurrent.CompletableFuture.postFire(CompletableFuture.java:614) ~[?:?]
	at java.util.concurrent.CompletableFuture$UniAccept.tryFire(CompletableFuture.java:726) ~[?:?]
	at java.util.concurrent.CompletableFuture$Completion.run(CompletableFuture.java:482) ~[?:?]
	at net.minecraft.server.packs.resources.SimpleReloadInstance.m_143940_(SimpleReloadInstance.java:69) ~[server-1.18.2-20220404.173914-srg.jar%23116!/:?]
	at net.minecraft.util.thread.BlockableEventLoop.execute(BlockableEventLoop.java:103) ~[server-1.18.2-20220404.173914-srg.jar%23116!/:?]
	at net.minecraft.server.packs.resources.SimpleReloadInstance.m_10834_(SimpleReloadInstance.java:68) ~[server-1.18.2-20220404.173914-srg.jar%23116!/:?]
	at java.util.concurrent.CompletableFuture$UniCompletion.claim(CompletableFuture.java:572) ~[?:?]
	at java.util.concurrent.CompletableFuture$UniAccept.tryFire(CompletableFuture.java:714) ~[?:?]
	at java.util.concurrent.CompletableFuture.postComplete(CompletableFuture.java:510) ~[?:?]
	at java.util.concurrent.CompletableFuture.postFire(CompletableFuture.java:614) ~[?:?]
	at java.util.concurrent.CompletableFuture$UniAccept.tryFire(CompletableFuture.java:726) ~[?:?]
	at java.util.concurrent.CompletableFuture$Completion.run(CompletableFuture.java:482) ~[?:?]
	at net.minecraft.server.packs.resources.SimpleReloadInstance.m_143940_(SimpleReloadInstance.java:69) ~[server-1.18.2-20220404.173914-srg.jar%23116!/:?]
	at net.minecraft.util.thread.BlockableEventLoop.execute(BlockableEventLoop.java:103) ~[server-1.18.2-20220404.173914-srg.jar%23116!/:?]
	at net.minecraft.server.packs.resources.SimpleReloadInstance.m_10834_(SimpleReloadInstance.java:68) ~[server-1.18.2-20220404.173914-srg.jar%23116!/:?]
	at java.util.concurrent.CompletableFuture$UniCompletion.claim(CompletableFuture.java:572) ~[?:?]
	at java.util.concurrent.CompletableFuture$UniAccept.tryFire(CompletableFuture.java:714) ~[?:?]
	at java.util.concurrent.CompletableFuture.postComplete(CompletableFuture.java:510) ~[?:?]
	at java.util.concurrent.CompletableFuture.complete(CompletableFuture.java:2179) ~[?:?]
	at net.minecraft.server.packs.resources.SimpleReloadInstance$1.m_10855_(SimpleReloadInstance.java:51) ~[server-1.18.2-20220404.173914-srg.jar%23116!/:?]
	at net.minecraft.util.thread.BlockableEventLoop.execute(BlockableEventLoop.java:103) ~[server-1.18.2-20220404.173914-srg.jar%23116!/:?]
	at net.minecraft.server.packs.resources.SimpleReloadInstance$1.m_6769_(SimpleReloadInstance.java:48) ~[server-1.18.2-20220404.173914-srg.jar%23116!/:?]
	at java.util.concurrent.CompletableFuture$UniCompose.tryFire(CompletableFuture.java:1150) [?:?]
	at java.util.concurrent.CompletableFuture.postComplete(CompletableFuture.java:510) [?:?]
	at java.util.concurrent.CompletableFuture$AsyncSupply.run(CompletableFuture.java:1773) [?:?]
	at java.util.concurrent.CompletableFuture$AsyncSupply.exec(CompletableFuture.java:1760) [?:?]
	at java.util.concurrent.ForkJoinTask.doExec(ForkJoinTask.java:387) [?:?]
	at java.util.concurrent.ForkJoinPool$WorkQueue.topLevelExec(ForkJoinPool.java:1312) [?:?]
	at java.util.concurrent.ForkJoinPool.scan(ForkJoinPool.java:1843) [?:?]
	at java.util.concurrent.ForkJoinPool.runWorker(ForkJoinPool.java:1808) [?:?]
	at java.util.concurrent.ForkJoinWorkerThread.run(ForkJoinWorkerThread.java:188) [?:?]
2025-03-09 02:31:14,606 [1;31mERROR[m [m[Worker-Main-14][m [mn.m.w.i.c.RecipeManager.m_5787_(77)[m: Parsing error loading recipe useless_sword:message_in_a_sword_recipe
com.google.gson.JsonSyntaxException: Unknown item 'aquaculture:message_in_a_bottle'
	at net.minecraft.world.item.crafting.ShapedRecipe.m_151280_(ShapedRecipe.java:343) ~[server-1.18.2-20220404.173914-srg.jar%23116!/:?]
	at java.util.Optional.orElseThrow(Optional.java:403) ~[?:?]
	at net.minecraft.world.item.crafting.ShapedRecipe.m_151278_(ShapedRecipe.java:342) ~[server-1.18.2-20220404.173914-srg.jar%23116!/:?]
	at net.minecraft.world.item.crafting.Ingredient.m_43919_(Ingredient.java:233) ~[server-1.18.2-20220404.173914-srg.jar%23116!/:?]
	at net.minecraftforge.common.crafting.VanillaIngredientSerializer.parse(VanillaIngredientSerializer.java:27) ~[forge-1.18.2-40.2.21-universal.jar%23121!/:?]
	at net.minecraftforge.common.crafting.CraftingHelper.getIngredient(CraftingHelper.java:143) ~[forge-1.18.2-40.2.21-universal.jar%23121!/:?]
	at net.minecraft.world.item.crafting.Ingredient.m_43917_(Ingredient.java:208) ~[server-1.18.2-20220404.173914-srg.jar%23116!/:?]
	at net.minecraft.world.item.crafting.ShapedRecipe.m_44210_(ShapedRecipe.java:329) ~[server-1.18.2-20220404.173914-srg.jar%23116!/:?]
	at net.minecraft.world.item.crafting.ShapedRecipe$Serializer.m_6729_(ShapedRecipe.java:356) ~[server-1.18.2-20220404.173914-srg.jar%23116!/:?]
	at net.minecraft.world.item.crafting.ShapedRecipe$Serializer.m_6729_(ShapedRecipe.java:352) ~[server-1.18.2-20220404.173914-srg.jar%23116!/:?]
	at net.minecraftforge.common.extensions.IForgeRecipeSerializer.fromJson(IForgeRecipeSerializer.java:23) ~[forge-1.18.2-40.2.21-universal.jar%23121!/:?]
	at net.minecraft.world.item.crafting.RecipeManager.fromJson(RecipeManager.java:201) ~[server-1.18.2-20220404.173914-srg.jar%23116!/:?]
	at net.minecraft.world.item.crafting.RecipeManager.m_5787_(RecipeManager.java:67) ~[server-1.18.2-20220404.173914-srg.jar%23116!/:?]
	at net.minecraft.world.item.crafting.RecipeManager.m_5787_(RecipeManager.java:33) ~[server-1.18.2-20220404.173914-srg.jar%23116!/:?]
	at net.minecraft.server.packs.resources.SimplePreparableReloadListener.m_10789_(SimplePreparableReloadListener.java:13) ~[server-1.18.2-20220404.173914-srg.jar%23116!/:?]
	at java.util.concurrent.CompletableFuture$UniAccept.tryFire(CompletableFuture.java:718) ~[?:?]
	at java.util.concurrent.CompletableFuture$Completion.run(CompletableFuture.java:482) ~[?:?]
	at net.minecraft.server.packs.resources.SimpleReloadInstance.m_143940_(SimpleReloadInstance.java:69) ~[server-1.18.2-20220404.173914-srg.jar%23116!/:?]
	at net.minecraft.util.thread.BlockableEventLoop.execute(BlockableEventLoop.java:103) ~[server-1.18.2-20220404.173914-srg.jar%23116!/:?]
	at net.minecraft.server.packs.resources.SimpleReloadInstance.m_10834_(SimpleReloadInstance.java:68) ~[server-1.18.2-20220404.173914-srg.jar%23116!/:?]
	at java.util.concurrent.CompletableFuture$UniCompletion.claim(CompletableFuture.java:572) ~[?:?]
	at java.util.concurrent.CompletableFuture$UniAccept.tryFire(CompletableFuture.java:714) ~[?:?]
	at java.util.concurrent.CompletableFuture.postComplete(CompletableFuture.java:510) ~[?:?]
	at java.util.concurrent.CompletableFuture.postFire(CompletableFuture.java:614) ~[?:?]
	at java.util.concurrent.CompletableFuture$UniAccept.tryFire(CompletableFuture.java:726) ~[?:?]
	at java.util.concurrent.CompletableFuture$Completion.run(CompletableFuture.java:482) ~[?:?]
	at net.minecraft.server.packs.resources.SimpleReloadInstance.m_143940_(SimpleReloadInstance.java:69) ~[server-1.18.2-20220404.173914-srg.jar%23116!/:?]
	at net.minecraft.util.thread.BlockableEventLoop.execute(BlockableEventLoop.java:103) ~[server-1.18.2-20220404.173914-srg.jar%23116!/:?]
	at net.minecraft.server.packs.resources.SimpleReloadInstance.m_10834_(SimpleReloadInstance.java:68) ~[server-1.18.2-20220404.173914-srg.jar%23116!/:?]
	at java.util.concurrent.CompletableFuture$UniCompletion.claim(CompletableFuture.java:572) ~[?:?]
	at java.util.concurrent.CompletableFuture$UniAccept.tryFire(CompletableFuture.java:714) ~[?:?]
	at java.util.concurrent.CompletableFuture.postComplete(CompletableFuture.java:510) ~[?:?]
	at java.util.concurrent.CompletableFuture.postFire(CompletableFuture.java:614) ~[?:?]
	at java.util.concurrent.CompletableFuture$UniAccept.tryFire(CompletableFuture.java:726) ~[?:?]
	at java.util.concurrent.CompletableFuture$Completion.run(CompletableFuture.java:482) ~[?:?]
	at net.minecraft.server.packs.resources.SimpleReloadInstance.m_143940_(SimpleReloadInstance.java:69) ~[server-1.18.2-20220404.173914-srg.jar%23116!/:?]
	at net.minecraft.util.thread.BlockableEventLoop.execute(BlockableEventLoop.java:103) ~[server-1.18.2-20220404.173914-srg.jar%23116!/:?]
	at net.minecraft.server.packs.resources.SimpleReloadInstance.m_10834_(SimpleReloadInstance.java:68) ~[server-1.18.2-20220404.173914-srg.jar%23116!/:?]
	at java.util.concurrent.CompletableFuture$UniCompletion.claim(CompletableFuture.java:572) ~[?:?]
	at java.util.concurrent.CompletableFuture$UniAccept.tryFire(CompletableFuture.java:714) ~[?:?]
	at java.util.concurrent.CompletableFuture.postComplete(CompletableFuture.java:510) ~[?:?]
	at java.util.concurrent.CompletableFuture.complete(CompletableFuture.java:2179) ~[?:?]
	at net.minecraft.server.packs.resources.SimpleReloadInstance$1.m_10855_(SimpleReloadInstance.java:51) ~[server-1.18.2-20220404.173914-srg.jar%23116!/:?]
	at net.minecraft.util.thread.BlockableEventLoop.execute(BlockableEventLoop.java:103) ~[server-1.18.2-20220404.173914-srg.jar%23116!/:?]
	at net.minecraft.server.packs.resources.SimpleReloadInstance$1.m_6769_(SimpleReloadInstance.java:48) ~[server-1.18.2-20220404.173914-srg.jar%23116!/:?]
	at java.util.concurrent.CompletableFuture$UniCompose.tryFire(CompletableFuture.java:1150) [?:?]
	at java.util.concurrent.CompletableFuture.postComplete(CompletableFuture.java:510) [?:?]
	at java.util.concurrent.CompletableFuture$AsyncSupply.run(CompletableFuture.java:1773) [?:?]
	at java.util.concurrent.CompletableFuture$AsyncSupply.exec(CompletableFuture.java:1760) [?:?]
	at java.util.concurrent.ForkJoinTask.doExec(ForkJoinTask.java:387) [?:?]
	at java.util.concurrent.ForkJoinPool$WorkQueue.topLevelExec(ForkJoinPool.java:1312) [?:?]
	at java.util.concurrent.ForkJoinPool.scan(ForkJoinPool.java:1843) [?:?]
	at java.util.concurrent.ForkJoinPool.runWorker(ForkJoinPool.java:1808) [?:?]
	at java.util.concurrent.ForkJoinWorkerThread.run(ForkJoinWorkerThread.java:188) [?:?]
2025-03-09 02:31:14,632 [1;31mERROR[m [m[Worker-Main-14][m [mn.m.w.i.c.RecipeManager.m_5787_(77)[m: Parsing error loading recipe useless_sword:copper_jigsaw_slicer_recipe
com.google.gson.JsonSyntaxException: Unknown item 'create:mechanical_saw'
	at net.minecraft.world.item.crafting.ShapedRecipe.m_151280_(ShapedRecipe.java:343) ~[server-1.18.2-20220404.173914-srg.jar%23116!/:?]
	at java.util.Optional.orElseThrow(Optional.java:403) ~[?:?]
	at net.minecraft.world.item.crafting.ShapedRecipe.m_151278_(ShapedRecipe.java:342) ~[server-1.18.2-20220404.173914-srg.jar%23116!/:?]
	at net.minecraft.world.item.crafting.Ingredient.m_43919_(Ingredient.java:233) ~[server-1.18.2-20220404.173914-srg.jar%23116!/:?]
	at net.minecraftforge.common.crafting.VanillaIngredientSerializer.parse(VanillaIngredientSerializer.java:27) ~[forge-1.18.2-40.2.21-universal.jar%23121!/:?]
	at net.minecraftforge.common.crafting.CraftingHelper.getIngredient(CraftingHelper.java:143) ~[forge-1.18.2-40.2.21-universal.jar%23121!/:?]
	at net.minecraft.world.item.crafting.Ingredient.m_43917_(Ingredient.java:208) ~[server-1.18.2-20220404.173914-srg.jar%23116!/:?]
	at net.minecraft.world.item.crafting.ShapedRecipe.m_44210_(ShapedRecipe.java:329) ~[server-1.18.2-20220404.173914-srg.jar%23116!/:?]
	at net.minecraft.world.item.crafting.ShapedRecipe$Serializer.m_6729_(ShapedRecipe.java:356) ~[server-1.18.2-20220404.173914-srg.jar%23116!/:?]
	at net.minecraft.world.item.crafting.ShapedRecipe$Serializer.m_6729_(ShapedRecipe.java:352) ~[server-1.18.2-20220404.173914-srg.jar%23116!/:?]
	at net.minecraftforge.common.extensions.IForgeRecipeSerializer.fromJson(IForgeRecipeSerializer.java:23) ~[forge-1.18.2-40.2.21-universal.jar%23121!/:?]
	at net.minecraft.world.item.crafting.RecipeManager.fromJson(RecipeManager.java:201) ~[server-1.18.2-20220404.173914-srg.jar%23116!/:?]
	at net.minecraft.world.item.crafting.RecipeManager.m_5787_(RecipeManager.java:67) ~[server-1.18.2-20220404.173914-srg.jar%23116!/:?]
	at net.minecraft.world.item.crafting.RecipeManager.m_5787_(RecipeManager.java:33) ~[server-1.18.2-20220404.173914-srg.jar%23116!/:?]
	at net.minecraft.server.packs.resources.SimplePreparableReloadListener.m_10789_(SimplePreparableReloadListener.java:13) ~[server-1.18.2-20220404.173914-srg.jar%23116!/:?]
	at java.util.concurrent.CompletableFuture$UniAccept.tryFire(CompletableFuture.java:718) ~[?:?]
	at java.util.concurrent.CompletableFuture$Completion.run(CompletableFuture.java:482) ~[?:?]
	at net.minecraft.server.packs.resources.SimpleReloadInstance.m_143940_(SimpleReloadInstance.java:69) ~[server-1.18.2-20220404.173914-srg.jar%23116!/:?]
	at net.minecraft.util.thread.BlockableEventLoop.execute(BlockableEventLoop.java:103) ~[server-1.18.2-20220404.173914-srg.jar%23116!/:?]
	at net.minecraft.server.packs.resources.SimpleReloadInstance.m_10834_(SimpleReloadInstance.java:68) ~[server-1.18.2-20220404.173914-srg.jar%23116!/:?]
	at java.util.concurrent.CompletableFuture$UniCompletion.claim(CompletableFuture.java:572) ~[?:?]
	at java.util.concurrent.CompletableFuture$UniAccept.tryFire(CompletableFuture.java:714) ~[?:?]
	at java.util.concurrent.CompletableFuture.postComplete(CompletableFuture.java:510) ~[?:?]
	at java.util.concurrent.CompletableFuture.postFire(CompletableFuture.java:614) ~[?:?]
	at java.util.concurrent.CompletableFuture$UniAccept.tryFire(CompletableFuture.java:726) ~[?:?]
	at java.util.concurrent.CompletableFuture$Completion.run(CompletableFuture.java:482) ~[?:?]
	at net.minecraft.server.packs.resources.SimpleReloadInstance.m_143940_(SimpleReloadInstance.java:69) ~[server-1.18.2-20220404.173914-srg.jar%23116!/:?]
	at net.minecraft.util.thread.BlockableEventLoop.execute(BlockableEventLoop.java:103) ~[server-1.18.2-20220404.173914-srg.jar%23116!/:?]
	at net.minecraft.server.packs.resources.SimpleReloadInstance.m_10834_(SimpleReloadInstance.java:68) ~[server-1.18.2-20220404.173914-srg.jar%23116!/:?]
	at java.util.concurrent.CompletableFuture$UniCompletion.claim(CompletableFuture.java:572) ~[?:?]
	at java.util.concurrent.CompletableFuture$UniAccept.tryFire(CompletableFuture.java:714) ~[?:?]
	at java.util.concurrent.CompletableFuture.postComplete(CompletableFuture.java:510) ~[?:?]
	at java.util.concurrent.CompletableFuture.postFire(CompletableFuture.java:614) ~[?:?]
	at java.util.concurrent.CompletableFuture$UniAccept.tryFire(CompletableFuture.java:726) ~[?:?]
	at java.util.concurrent.CompletableFuture$Completion.run(CompletableFuture.java:482) ~[?:?]
	at net.minecraft.server.packs.resources.SimpleReloadInstance.m_143940_(SimpleReloadInstance.java:69) ~[server-1.18.2-20220404.173914-srg.jar%23116!/:?]
	at net.minecraft.util.thread.BlockableEventLoop.execute(BlockableEventLoop.java:103) ~[server-1.18.2-20220404.173914-srg.jar%23116!/:?]
	at net.minecraft.server.packs.resources.SimpleReloadInstance.m_10834_(SimpleReloadInstance.java:68) ~[server-1.18.2-20220404.173914-srg.jar%23116!/:?]
	at java.util.concurrent.CompletableFuture$UniCompletion.claim(CompletableFuture.java:572) ~[?:?]
	at java.util.concurrent.CompletableFuture$UniAccept.tryFire(CompletableFuture.java:714) ~[?:?]
	at java.util.concurrent.CompletableFuture.postComplete(CompletableFuture.java:510) ~[?:?]
	at java.util.concurrent.CompletableFuture.complete(CompletableFuture.java:2179) ~[?:?]
	at net.minecraft.server.packs.resources.SimpleReloadInstance$1.m_10855_(SimpleReloadInstance.java:51) ~[server-1.18.2-20220404.173914-srg.jar%23116!/:?]
	at net.minecraft.util.thread.BlockableEventLoop.execute(BlockableEventLoop.java:103) ~[server-1.18.2-20220404.173914-srg.jar%23116!/:?]
	at net.minecraft.server.packs.resources.SimpleReloadInstance$1.m_6769_(SimpleReloadInstance.java:48) ~[server-1.18.2-20220404.173914-srg.jar%23116!/:?]
	at java.util.concurrent.CompletableFuture$UniCompose.tryFire(CompletableFuture.java:1150) [?:?]
	at java.util.concurrent.CompletableFuture.postComplete(CompletableFuture.java:510) [?:?]
	at java.util.concurrent.CompletableFuture$AsyncSupply.run(CompletableFuture.java:1773) [?:?]
	at java.util.concurrent.CompletableFuture$AsyncSupply.exec(CompletableFuture.java:1760) [?:?]
	at java.util.concurrent.ForkJoinTask.doExec(ForkJoinTask.java:387) [?:?]
	at java.util.concurrent.ForkJoinPool$WorkQueue.topLevelExec(ForkJoinPool.java:1312) [?:?]
	at java.util.concurrent.ForkJoinPool.scan(ForkJoinPool.java:1843) [?:?]
	at java.util.concurrent.ForkJoinPool.runWorker(ForkJoinPool.java:1808) [?:?]
	at java.util.concurrent.ForkJoinWorkerThread.run(ForkJoinWorkerThread.java:188) [?:?]
2025-03-09 02:31:14,640 [1;31mERROR[m [m[Worker-Main-14][m [mn.m.w.i.c.RecipeManager.m_5787_(77)[m: Parsing error loading recipe rpgsmw:pmb
com.google.gson.JsonSyntaxException: Invalid item: minecraft:air
	at net.minecraft.world.item.crafting.ShapedRecipe.m_151278_(ShapedRecipe.java:346) ~[server-1.18.2-20220404.173914-srg.jar%23116!/:?]
	at net.minecraft.world.item.crafting.Ingredient.m_43919_(Ingredient.java:233) ~[server-1.18.2-20220404.173914-srg.jar%23116!/:?]
	at net.minecraftforge.common.crafting.VanillaIngredientSerializer.parse(VanillaIngredientSerializer.java:27) ~[forge-1.18.2-40.2.21-universal.jar%23121!/:?]
	at net.minecraftforge.common.crafting.CraftingHelper.getIngredient(CraftingHelper.java:143) ~[forge-1.18.2-40.2.21-universal.jar%23121!/:?]
	at net.minecraft.world.item.crafting.Ingredient.m_43917_(Ingredient.java:208) ~[server-1.18.2-20220404.173914-srg.jar%23116!/:?]
	at net.minecraft.world.item.crafting.ShapedRecipe.m_44210_(ShapedRecipe.java:329) ~[server-1.18.2-20220404.173914-srg.jar%23116!/:?]
	at net.minecraft.world.item.crafting.ShapedRecipe$Serializer.m_6729_(ShapedRecipe.java:356) ~[server-1.18.2-20220404.173914-srg.jar%23116!/:?]
	at net.minecraft.world.item.crafting.ShapedRecipe$Serializer.m_6729_(ShapedRecipe.java:352) ~[server-1.18.2-20220404.173914-srg.jar%23116!/:?]
	at net.minecraftforge.common.extensions.IForgeRecipeSerializer.fromJson(IForgeRecipeSerializer.java:23) ~[forge-1.18.2-40.2.21-universal.jar%23121!/:?]
	at net.minecraft.world.item.crafting.RecipeManager.fromJson(RecipeManager.java:201) ~[server-1.18.2-20220404.173914-srg.jar%23116!/:?]
	at net.minecraft.world.item.crafting.RecipeManager.m_5787_(RecipeManager.java:67) ~[server-1.18.2-20220404.173914-srg.jar%23116!/:?]
	at net.minecraft.world.item.crafting.RecipeManager.m_5787_(RecipeManager.java:33) ~[server-1.18.2-20220404.173914-srg.jar%23116!/:?]
	at net.minecraft.server.packs.resources.SimplePreparableReloadListener.m_10789_(SimplePreparableReloadListener.java:13) ~[server-1.18.2-20220404.173914-srg.jar%23116!/:?]
	at java.util.concurrent.CompletableFuture$UniAccept.tryFire(CompletableFuture.java:718) ~[?:?]
	at java.util.concurrent.CompletableFuture$Completion.run(CompletableFuture.java:482) ~[?:?]
	at net.minecraft.server.packs.resources.SimpleReloadInstance.m_143940_(SimpleReloadInstance.java:69) ~[server-1.18.2-20220404.173914-srg.jar%23116!/:?]
	at net.minecraft.util.thread.BlockableEventLoop.execute(BlockableEventLoop.java:103) ~[server-1.18.2-20220404.173914-srg.jar%23116!/:?]
	at net.minecraft.server.packs.resources.SimpleReloadInstance.m_10834_(SimpleReloadInstance.java:68) ~[server-1.18.2-20220404.173914-srg.jar%23116!/:?]
	at java.util.concurrent.CompletableFuture$UniCompletion.claim(CompletableFuture.java:572) ~[?:?]
	at java.util.concurrent.CompletableFuture$UniAccept.tryFire(CompletableFuture.java:714) ~[?:?]
	at java.util.concurrent.CompletableFuture.postComplete(CompletableFuture.java:510) ~[?:?]
	at java.util.concurrent.CompletableFuture.postFire(CompletableFuture.java:614) ~[?:?]
	at java.util.concurrent.CompletableFuture$UniAccept.tryFire(CompletableFuture.java:726) ~[?:?]
	at java.util.concurrent.CompletableFuture$Completion.run(CompletableFuture.java:482) ~[?:?]
	at net.minecraft.server.packs.resources.SimpleReloadInstance.m_143940_(SimpleReloadInstance.java:69) ~[server-1.18.2-20220404.173914-srg.jar%23116!/:?]
	at net.minecraft.util.thread.BlockableEventLoop.execute(BlockableEventLoop.java:103) ~[server-1.18.2-20220404.173914-srg.jar%23116!/:?]
	at net.minecraft.server.packs.resources.SimpleReloadInstance.m_10834_(SimpleReloadInstance.java:68) ~[server-1.18.2-20220404.173914-srg.jar%23116!/:?]
	at java.util.concurrent.CompletableFuture$UniCompletion.claim(CompletableFuture.java:572) ~[?:?]
	at java.util.concurrent.CompletableFuture$UniAccept.tryFire(CompletableFuture.java:714) ~[?:?]
	at java.util.concurrent.CompletableFuture.postComplete(CompletableFuture.java:510) ~[?:?]
	at java.util.concurrent.CompletableFuture.postFire(CompletableFuture.java:614) ~[?:?]
	at java.util.concurrent.CompletableFuture$UniAccept.tryFire(CompletableFuture.java:726) ~[?:?]
	at java.util.concurrent.CompletableFuture$Completion.run(CompletableFuture.java:482) ~[?:?]
	at net.minecraft.server.packs.resources.SimpleReloadInstance.m_143940_(SimpleReloadInstance.java:69) ~[server-1.18.2-20220404.173914-srg.jar%23116!/:?]
	at net.minecraft.util.thread.BlockableEventLoop.execute(BlockableEventLoop.java:103) ~[server-1.18.2-20220404.173914-srg.jar%23116!/:?]
	at net.minecraft.server.packs.resources.SimpleReloadInstance.m_10834_(SimpleReloadInstance.java:68) ~[server-1.18.2-20220404.173914-srg.jar%23116!/:?]
	at java.util.concurrent.CompletableFuture$UniCompletion.claim(CompletableFuture.java:572) ~[?:?]
	at java.util.concurrent.CompletableFuture$UniAccept.tryFire(CompletableFuture.java:714) ~[?:?]
	at java.util.concurrent.CompletableFuture.postComplete(CompletableFuture.java:510) ~[?:?]
	at java.util.concurrent.CompletableFuture.complete(CompletableFuture.java:2179) ~[?:?]
	at net.minecraft.server.packs.resources.SimpleReloadInstance$1.m_10855_(SimpleReloadInstance.java:51) ~[server-1.18.2-20220404.173914-srg.jar%23116!/:?]
	at net.minecraft.util.thread.BlockableEventLoop.execute(BlockableEventLoop.java:103) ~[server-1.18.2-20220404.173914-srg.jar%23116!/:?]
	at net.minecraft.server.packs.resources.SimpleReloadInstance$1.m_6769_(SimpleReloadInstance.java:48) ~[server-1.18.2-20220404.173914-srg.jar%23116!/:?]
	at java.util.concurrent.CompletableFuture$UniCompose.tryFire(CompletableFuture.java:1150) [?:?]
	at java.util.concurrent.CompletableFuture.postComplete(CompletableFuture.java:510) [?:?]
	at java.util.concurrent.CompletableFuture$AsyncSupply.run(CompletableFuture.java:1773) [?:?]
	at java.util.concurrent.CompletableFuture$AsyncSupply.exec(CompletableFuture.java:1760) [?:?]
	at java.util.concurrent.ForkJoinTask.doExec(ForkJoinTask.java:387) [?:?]
	at java.util.concurrent.ForkJoinPool$WorkQueue.topLevelExec(ForkJoinPool.java:1312) [?:?]
	at java.util.concurrent.ForkJoinPool.scan(ForkJoinPool.java:1843) [?:?]
	at java.util.concurrent.ForkJoinPool.runWorker(ForkJoinPool.java:1808) [?:?]
	at java.util.concurrent.ForkJoinWorkerThread.run(ForkJoinWorkerThread.java:188) [?:?]
2025-03-09 02:31:14,910 [1;31mERROR[m [m[Worker-Main-14][m [mn.m.w.i.c.RecipeManager.m_5787_(77)[m: Parsing error loading recipe tac:rare_material
com.google.gson.JsonSyntaxException: Missing type, expected to find a string
	at net.minecraft.util.GsonHelper.m_13906_(GsonHelper.java:112) ~[server-1.18.2-20220404.173914-srg.jar%23116!/:?]
	at net.minecraft.world.item.crafting.RecipeManager.fromJson(RecipeManager.java:198) ~[server-1.18.2-20220404.173914-srg.jar%23116!/:?]
	at net.minecraft.world.item.crafting.RecipeManager.m_5787_(RecipeManager.java:67) ~[server-1.18.2-20220404.173914-srg.jar%23116!/:?]
	at net.minecraft.world.item.crafting.RecipeManager.m_5787_(RecipeManager.java:33) ~[server-1.18.2-20220404.173914-srg.jar%23116!/:?]
	at net.minecraft.server.packs.resources.SimplePreparableReloadListener.m_10789_(SimplePreparableReloadListener.java:13) ~[server-1.18.2-20220404.173914-srg.jar%23116!/:?]
	at java.util.concurrent.CompletableFuture$UniAccept.tryFire(CompletableFuture.java:718) ~[?:?]
	at java.util.concurrent.CompletableFuture$Completion.run(CompletableFuture.java:482) ~[?:?]
	at net.minecraft.server.packs.resources.SimpleReloadInstance.m_143940_(SimpleReloadInstance.java:69) ~[server-1.18.2-20220404.173914-srg.jar%23116!/:?]
	at net.minecraft.util.thread.BlockableEventLoop.execute(BlockableEventLoop.java:103) ~[server-1.18.2-20220404.173914-srg.jar%23116!/:?]
	at net.minecraft.server.packs.resources.SimpleReloadInstance.m_10834_(SimpleReloadInstance.java:68) ~[server-1.18.2-20220404.173914-srg.jar%23116!/:?]
	at java.util.concurrent.CompletableFuture$UniCompletion.claim(CompletableFuture.java:572) ~[?:?]
	at java.util.concurrent.CompletableFuture$UniAccept.tryFire(CompletableFuture.java:714) ~[?:?]
	at java.util.concurrent.CompletableFuture.postComplete(CompletableFuture.java:510) ~[?:?]
	at java.util.concurrent.CompletableFuture.postFire(CompletableFuture.java:614) ~[?:?]
	at java.util.concurrent.CompletableFuture$UniAccept.tryFire(CompletableFuture.java:726) ~[?:?]
	at java.util.concurrent.CompletableFuture$Completion.run(CompletableFuture.java:482) ~[?:?]
	at net.minecraft.server.packs.resources.SimpleReloadInstance.m_143940_(SimpleReloadInstance.java:69) ~[server-1.18.2-20220404.173914-srg.jar%23116!/:?]
	at net.minecraft.util.thread.BlockableEventLoop.execute(BlockableEventLoop.java:103) ~[server-1.18.2-20220404.173914-srg.jar%23116!/:?]
	at net.minecraft.server.packs.resources.SimpleReloadInstance.m_10834_(SimpleReloadInstance.java:68) ~[server-1.18.2-20220404.173914-srg.jar%23116!/:?]
	at java.util.concurrent.CompletableFuture$UniCompletion.claim(CompletableFuture.java:572) ~[?:?]
	at java.util.concurrent.CompletableFuture$UniAccept.tryFire(CompletableFuture.java:714) ~[?:?]
	at java.util.concurrent.CompletableFuture.postComplete(CompletableFuture.java:510) ~[?:?]
	at java.util.concurrent.CompletableFuture.postFire(CompletableFuture.java:614) ~[?:?]
	at java.util.concurrent.CompletableFuture$UniAccept.tryFire(CompletableFuture.java:726) ~[?:?]
	at java.util.concurrent.CompletableFuture$Completion.run(CompletableFuture.java:482) ~[?:?]
	at net.minecraft.server.packs.resources.SimpleReloadInstance.m_143940_(SimpleReloadInstance.java:69) ~[server-1.18.2-20220404.173914-srg.jar%23116!/:?]
	at net.minecraft.util.thread.BlockableEventLoop.execute(BlockableEventLoop.java:103) ~[server-1.18.2-20220404.173914-srg.jar%23116!/:?]
	at net.minecraft.server.packs.resources.SimpleReloadInstance.m_10834_(SimpleReloadInstance.java:68) ~[server-1.18.2-20220404.173914-srg.jar%23116!/:?]
	at java.util.concurrent.CompletableFuture$UniCompletion.claim(CompletableFuture.java:572) ~[?:?]
	at java.util.concurrent.CompletableFuture$UniAccept.tryFire(CompletableFuture.java:714) ~[?:?]
	at java.util.concurrent.CompletableFuture.postComplete(CompletableFuture.java:510) ~[?:?]
	at java.util.concurrent.CompletableFuture.complete(CompletableFuture.java:2179) ~[?:?]
	at net.minecraft.server.packs.resources.SimpleReloadInstance$1.m_10855_(SimpleReloadInstance.java:51) ~[server-1.18.2-20220404.173914-srg.jar%23116!/:?]
	at net.minecraft.util.thread.BlockableEventLoop.execute(BlockableEventLoop.java:103) ~[server-1.18.2-20220404.173914-srg.jar%23116!/:?]
	at net.minecraft.server.packs.resources.SimpleReloadInstance$1.m_6769_(SimpleReloadInstance.java:48) ~[server-1.18.2-20220404.173914-srg.jar%23116!/:?]
	at java.util.concurrent.CompletableFuture$UniCompose.tryFire(CompletableFuture.java:1150) [?:?]
	at java.util.concurrent.CompletableFuture.postComplete(CompletableFuture.java:510) [?:?]
	at java.util.concurrent.CompletableFuture$AsyncSupply.run(CompletableFuture.java:1773) [?:?]
	at java.util.concurrent.CompletableFuture$AsyncSupply.exec(CompletableFuture.java:1760) [?:?]
	at java.util.concurrent.ForkJoinTask.doExec(ForkJoinTask.java:387) [?:?]
	at java.util.concurrent.ForkJoinPool$WorkQueue.topLevelExec(ForkJoinPool.java:1312) [?:?]
	at java.util.concurrent.ForkJoinPool.scan(ForkJoinPool.java:1843) [?:?]
	at java.util.concurrent.ForkJoinPool.runWorker(ForkJoinPool.java:1808) [?:?]
	at java.util.concurrent.ForkJoinWorkerThread.run(ForkJoinWorkerThread.java:188) [?:?]
2025-03-09 02:31:14,968 [32mINFO [m [m[Worker-Main-14][m [mn.m.w.i.c.RecipeManager.m_5787_(85)[m: Loaded 50 recipes
2025-03-09 02:31:14,977 [32mINFO [m [m[Worker-Main-14][m [mn.m.w.i.c.RecipeManager.m_5787_(109)[m: Skipping loading recipe ironchest:upgrades/copper_to_iron_chest_upgrade as it's serializer returned null
2025-03-09 02:31:15,046 [32mINFO [m [m[Worker-Main-14][m [mn.m.w.i.c.RecipeManager.m_5787_(109)[m: Skipping loading recipe ironchest:upgrades/wood_to_copper_chest_upgrade as it's serializer returned null
2025-03-09 02:31:15,146 [32mINFO [m [m[Worker-Main-14][m [mn.m.w.i.c.RecipeManager.m_5787_(109)[m: Skipping loading recipe ironchest:chests/vanilla_copper_chest as it's serializer returned null
2025-03-09 02:31:15,220 [32mINFO [m [m[Worker-Main-14][m [mn.m.w.i.c.RecipeManager.m_5787_(109)[m: Skipping loading recipe ironchest:chests/copper_iron_chest as it's serializer returned null
2025-03-09 02:31:15,916 [1;31mERROR[m [m[Worker-Main-14][m [mn.m.w.l.s.l.LootTables.lambda$apply$0(58)[m: Couldn't parse loot table alternacraft:blocks/slitstone_titanium_ore
com.google.gson.JsonSyntaxException: Expected name to be an item, was unknown string 'alternacraft:titanium'
	at net.minecraft.util.GsonHelper.m_13866_(GsonHelper.java:130) ~[server-1.18.2-20220404.173914-srg.jar%23116!/:?]
	at java.util.Optional.orElseThrow(Optional.java:403) ~[?:?]
	at net.minecraft.util.GsonHelper.m_13874_(GsonHelper.java:130) ~[server-1.18.2-20220404.173914-srg.jar%23116!/:?]
	at net.minecraft.util.GsonHelper.m_13909_(GsonHelper.java:138) ~[server-1.18.2-20220404.173914-srg.jar%23116!/:?]
	at net.minecraft.world.level.storage.loot.entries.LootItem$Serializer.m_7267_(LootItem.java:55) ~[server-1.18.2-20220404.173914-srg.jar%23116!/:?]
	at net.minecraft.world.level.storage.loot.entries.LootItem$Serializer.m_7267_(LootItem.java:40) ~[server-1.18.2-20220404.173914-srg.jar%23116!/:?]
	at net.minecraft.world.level.storage.loot.entries.LootPoolSingletonContainer$Serializer.m_5921_(LootPoolSingletonContainer.java:151) ~[server-1.18.2-20220404.173914-srg.jar%23116!/:?]
	at net.minecraft.world.level.storage.loot.entries.LootPoolSingletonContainer$Serializer.m_5921_(LootPoolSingletonContainer.java:129) ~[server-1.18.2-20220404.173914-srg.jar%23116!/:?]
	at net.minecraft.world.level.storage.loot.entries.LootPoolEntryContainer$Serializer.m_7561_(LootPoolEntryContainer.java:86) ~[server-1.18.2-20220404.173914-srg.jar%23116!/:?]
	at net.minecraft.world.level.storage.loot.entries.LootPoolEntryContainer$Serializer.m_7561_(LootPoolEntryContainer.java:74) ~[server-1.18.2-20220404.173914-srg.jar%23116!/:?]
	at net.minecraft.world.level.storage.loot.GsonAdapterFactory$JsonAdapter.deserialize(GsonAdapterFactory.java:102) ~[server-1.18.2-20220404.173914-srg.jar%23116!/:?]
	at com.google.gson.internal.bind.TreeTypeAdapter.read(TreeTypeAdapter.java:69) ~[gson-2.8.9.jar%2338!/:?]
	at com.google.gson.internal.bind.TypeAdapterRuntimeTypeWrapper.read(TypeAdapterRuntimeTypeWrapper.java:41) ~[gson-2.8.9.jar%2338!/:?]
	at com.google.gson.internal.bind.ArrayTypeAdapter.read(ArrayTypeAdapter.java:72) ~[gson-2.8.9.jar%2338!/:?]
	at com.google.gson.Gson.fromJson(Gson.java:963) ~[gson-2.8.9.jar%2338!/:?]
	at com.google.gson.Gson.fromJson(Gson.java:1034) ~[gson-2.8.9.jar%2338!/:?]
	at com.google.gson.internal.bind.TreeTypeAdapter$GsonContextImpl.deserialize(TreeTypeAdapter.java:162) ~[gson-2.8.9.jar%2338!/:?]
	at net.minecraft.util.GsonHelper.m_13808_(GsonHelper.java:448) ~[server-1.18.2-20220404.173914-srg.jar%23116!/:?]
	at net.minecraft.util.GsonHelper.m_13836_(GsonHelper.java:456) ~[server-1.18.2-20220404.173914-srg.jar%23116!/:?]
	at net.minecraft.world.level.storage.loot.entries.CompositeEntryBase$1.m_5921_(CompositeEntryBase.java:61) ~[server-1.18.2-20220404.173914-srg.jar%23116!/:?]
	at net.minecraft.world.level.storage.loot.entries.CompositeEntryBase$1.m_5921_(CompositeEntryBase.java:53) ~[server-1.18.2-20220404.173914-srg.jar%23116!/:?]
	at net.minecraft.world.level.storage.loot.entries.LootPoolEntryContainer$Serializer.m_7561_(LootPoolEntryContainer.java:86) ~[server-1.18.2-20220404.173914-srg.jar%23116!/:?]
	at net.minecraft.world.level.storage.loot.entries.LootPoolEntryContainer$Serializer.m_7561_(LootPoolEntryContainer.java:74) ~[server-1.18.2-20220404.173914-srg.jar%23116!/:?]
	at net.minecraft.world.level.storage.loot.GsonAdapterFactory$JsonAdapter.deserialize(GsonAdapterFactory.java:102) ~[server-1.18.2-20220404.173914-srg.jar%23116!/:?]
	at com.google.gson.internal.bind.TreeTypeAdapter.read(TreeTypeAdapter.java:69) ~[gson-2.8.9.jar%2338!/:?]
	at com.google.gson.internal.bind.TypeAdapterRuntimeTypeWrapper.read(TypeAdapterRuntimeTypeWrapper.java:41) ~[gson-2.8.9.jar%2338!/:?]
	at com.google.gson.internal.bind.ArrayTypeAdapter.read(ArrayTypeAdapter.java:72) ~[gson-2.8.9.jar%2338!/:?]
	at com.google.gson.Gson.fromJson(Gson.java:963) ~[gson-2.8.9.jar%2338!/:?]
	at com.google.gson.Gson.fromJson(Gson.java:1034) ~[gson-2.8.9.jar%2338!/:?]
	at com.google.gson.internal.bind.TreeTypeAdapter$GsonContextImpl.deserialize(TreeTypeAdapter.java:162) ~[gson-2.8.9.jar%2338!/:?]
	at net.minecraft.util.GsonHelper.m_13808_(GsonHelper.java:448) ~[server-1.18.2-20220404.173914-srg.jar%23116!/:?]
	at net.minecraft.util.GsonHelper.m_13836_(GsonHelper.java:456) ~[server-1.18.2-20220404.173914-srg.jar%23116!/:?]
	at net.minecraft.world.level.storage.loot.LootPool$Serializer.deserialize(LootPool.java:190) ~[server-1.18.2-20220404.173914-srg.jar%23116!/:?]
	at net.minecraft.world.level.storage.loot.LootPool$Serializer.deserialize(LootPool.java:187) ~[server-1.18.2-20220404.173914-srg.jar%23116!/:?]
	at com.google.gson.internal.bind.TreeTypeAdapter.read(TreeTypeAdapter.java:69) ~[gson-2.8.9.jar%2338!/:?]
	at com.google.gson.internal.bind.TypeAdapterRuntimeTypeWrapper.read(TypeAdapterRuntimeTypeWrapper.java:41) ~[gson-2.8.9.jar%2338!/:?]
	at com.google.gson.internal.bind.ArrayTypeAdapter.read(ArrayTypeAdapter.java:72) ~[gson-2.8.9.jar%2338!/:?]
	at com.google.gson.Gson.fromJson(Gson.java:963) ~[gson-2.8.9.jar%2338!/:?]
	at com.google.gson.Gson.fromJson(Gson.java:1034) ~[gson-2.8.9.jar%2338!/:?]
	at com.google.gson.internal.bind.TreeTypeAdapter$GsonContextImpl.deserialize(TreeTypeAdapter.java:162) ~[gson-2.8.9.jar%2338!/:?]
	at net.minecraft.util.GsonHelper.m_13808_(GsonHelper.java:448) ~[server-1.18.2-20220404.173914-srg.jar%23116!/:?]
	at net.minecraft.util.GsonHelper.m_13845_(GsonHelper.java:466) ~[server-1.18.2-20220404.173914-srg.jar%23116!/:?]
	at net.minecraft.world.level.storage.loot.LootTable$Serializer.deserialize(LootTable.java:273) ~[server-1.18.2-20220404.173914-srg.jar%23116!/:?]
	at net.minecraft.world.level.storage.loot.LootTable$Serializer.deserialize(LootTable.java:270) ~[server-1.18.2-20220404.173914-srg.jar%23116!/:?]
	at com.google.gson.internal.bind.TreeTypeAdapter.read(TreeTypeAdapter.java:69) ~[gson-2.8.9.jar%2338!/:?]
	at com.google.gson.Gson.fromJson(Gson.java:963) ~[gson-2.8.9.jar%2338!/:?]
	at com.google.gson.Gson.fromJson(Gson.java:1034) ~[gson-2.8.9.jar%2338!/:?]
	at com.google.gson.Gson.fromJson(Gson.java:1006) ~[gson-2.8.9.jar%2338!/:?]
	at net.minecraftforge.common.ForgeHooks.loadLootTable(ForgeHooks.java:888) ~[forge-1.18.2-40.2.21-universal.jar%23121!/:?]
	at net.minecraft.world.level.storage.loot.LootTables.lambda$apply$0(LootTables.java:55) ~[server-1.18.2-20220404.173914-srg.jar%23116!/:?]
	at java.util.HashMap.forEach(HashMap.java:1429) ~[?:?]
	at net.minecraft.world.level.storage.loot.LootTables.m_5787_(LootTables.java:53) ~[server-1.18.2-20220404.173914-srg.jar%23116!/:?]
	at net.minecraft.world.level.storage.loot.LootTables.m_5787_(LootTables.java:18) ~[server-1.18.2-20220404.173914-srg.jar%23116!/:?]
	at net.minecraft.server.packs.resources.SimplePreparableReloadListener.m_10789_(SimplePreparableReloadListener.java:13) ~[server-1.18.2-20220404.173914-srg.jar%23116!/:?]
	at java.util.concurrent.CompletableFuture$UniAccept.tryFire(CompletableFuture.java:718) ~[?:?]
	at java.util.concurrent.CompletableFuture$Completion.run(CompletableFuture.java:482) ~[?:?]
	at net.minecraft.server.packs.resources.SimpleReloadInstance.m_143940_(SimpleReloadInstance.java:69) ~[server-1.18.2-20220404.173914-srg.jar%23116!/:?]
	at net.minecraft.util.thread.BlockableEventLoop.execute(BlockableEventLoop.java:103) ~[server-1.18.2-20220404.173914-srg.jar%23116!/:?]
	at net.minecraft.server.packs.resources.SimpleReloadInstance.m_10834_(SimpleReloadInstance.java:68) ~[server-1.18.2-20220404.173914-srg.jar%23116!/:?]
	at java.util.concurrent.CompletableFuture$UniCompletion.claim(CompletableFuture.java:572) ~[?:?]
	at java.util.concurrent.CompletableFuture$UniAccept.tryFire(CompletableFuture.java:714) ~[?:?]
	at java.util.concurrent.CompletableFuture.postComplete(CompletableFuture.java:510) ~[?:?]
	at java.util.concurrent.CompletableFuture.postFire(CompletableFuture.java:614) ~[?:?]
	at java.util.concurrent.CompletableFuture$UniAccept.tryFire(CompletableFuture.java:726) ~[?:?]
	at java.util.concurrent.CompletableFuture$Completion.run(CompletableFuture.java:482) ~[?:?]
	at net.minecraft.server.packs.resources.SimpleReloadInstance.m_143940_(SimpleReloadInstance.java:69) ~[server-1.18.2-20220404.173914-srg.jar%23116!/:?]
	at net.minecraft.util.thread.BlockableEventLoop.execute(BlockableEventLoop.java:103) ~[server-1.18.2-20220404.173914-srg.jar%23116!/:?]
	at net.minecraft.server.packs.resources.SimpleReloadInstance.m_10834_(SimpleReloadInstance.java:68) ~[server-1.18.2-20220404.173914-srg.jar%23116!/:?]
	at java.util.concurrent.CompletableFuture$UniCompletion.claim(CompletableFuture.java:572) ~[?:?]
	at java.util.concurrent.CompletableFuture$UniAccept.tryFire(CompletableFuture.java:714) ~[?:?]
	at java.util.concurrent.CompletableFuture.postComplete(CompletableFuture.java:510) ~[?:?]
	at java.util.concurrent.CompletableFuture.postFire(CompletableFuture.java:614) ~[?:?]
	at java.util.concurrent.CompletableFuture$UniAccept.tryFire(CompletableFuture.java:726) ~[?:?]
	at java.util.concurrent.CompletableFuture$Completion.run(CompletableFuture.java:482) ~[?:?]
	at net.minecraft.server.packs.resources.SimpleReloadInstance.m_143940_(SimpleReloadInstance.java:69) ~[server-1.18.2-20220404.173914-srg.jar%23116!/:?]
	at net.minecraft.util.thread.BlockableEventLoop.execute(BlockableEventLoop.java:103) ~[server-1.18.2-20220404.173914-srg.jar%23116!/:?]
	at net.minecraft.server.packs.resources.SimpleReloadInstance.m_10834_(SimpleReloadInstance.java:68) ~[server-1.18.2-20220404.173914-srg.jar%23116!/:?]
	at java.util.concurrent.CompletableFuture$UniCompletion.claim(CompletableFuture.java:572) ~[?:?]
	at java.util.concurrent.CompletableFuture$UniAccept.tryFire(CompletableFuture.java:714) ~[?:?]
	at java.util.concurrent.CompletableFuture.postComplete(CompletableFuture.java:510) ~[?:?]
	at java.util.concurrent.CompletableFuture.postFire(CompletableFuture.java:614) ~[?:?]
	at java.util.concurrent.CompletableFuture$UniAccept.tryFire(CompletableFuture.java:726) ~[?:?]
	at java.util.concurrent.CompletableFuture$Completion.run(CompletableFuture.java:482) ~[?:?]
	at net.minecraft.server.packs.resources.SimpleReloadInstance.m_143940_(SimpleReloadInstance.java:69) ~[server-1.18.2-20220404.173914-srg.jar%23116!/:?]
	at net.minecraft.util.thread.BlockableEventLoop.execute(BlockableEventLoop.java:103) ~[server-1.18.2-20220404.173914-srg.jar%23116!/:?]
	at net.minecraft.server.packs.resources.SimpleReloadInstance.m_10834_(SimpleReloadInstance.java:68) ~[server-1.18.2-20220404.173914-srg.jar%23116!/:?]
	at java.util.concurrent.CompletableFuture$UniCompletion.claim(CompletableFuture.java:572) ~[?:?]
	at java.util.concurrent.CompletableFuture$UniAccept.tryFire(CompletableFuture.java:714) ~[?:?]
	at java.util.concurrent.CompletableFuture.postComplete(CompletableFuture.java:510) ~[?:?]
	at java.util.concurrent.CompletableFuture.complete(CompletableFuture.java:2179) ~[?:?]
	at net.minecraft.server.packs.resources.SimpleReloadInstance$1.m_10855_(SimpleReloadInstance.java:51) ~[server-1.18.2-20220404.173914-srg.jar%23116!/:?]
	at net.minecraft.util.thread.BlockableEventLoop.execute(BlockableEventLoop.java:103) ~[server-1.18.2-20220404.173914-srg.jar%23116!/:?]
	at net.minecraft.server.packs.resources.SimpleReloadInstance$1.m_6769_(SimpleReloadInstance.java:48) ~[server-1.18.2-20220404.173914-srg.jar%23116!/:?]
	at java.util.concurrent.CompletableFuture$UniCompose.tryFire(CompletableFuture.java:1150) [?:?]
	at java.util.concurrent.CompletableFuture.postComplete(CompletableFuture.java:510) [?:?]
	at java.util.concurrent.CompletableFuture$AsyncSupply.run(CompletableFuture.java:1773) [?:?]
	at java.util.concurrent.CompletableFuture$AsyncSupply.exec(CompletableFuture.java:1760) [?:?]
	at java.util.concurrent.ForkJoinTask.doExec(ForkJoinTask.java:387) [?:?]
	at java.util.concurrent.ForkJoinPool$WorkQueue.topLevelExec(ForkJoinPool.java:1312) [?:?]
	at java.util.concurrent.ForkJoinPool.scan(ForkJoinPool.java:1843) [?:?]
	at java.util.concurrent.ForkJoinPool.runWorker(ForkJoinPool.java:1808) [?:?]
	at java.util.concurrent.ForkJoinWorkerThread.run(ForkJoinWorkerThread.java:188) [?:?]
2025-03-09 02:31:16,212 [1;31mERROR[m [m[Worker-Main-14][m [mn.m.w.l.s.l.LootTables.lambda$apply$0(58)[m: Couldn't parse loot table alternacraft:blocks/deepslate_titanium_ore
com.google.gson.JsonSyntaxException: Expected name to be an item, was unknown string 'alternacraft:titanium'
	at net.minecraft.util.GsonHelper.m_13866_(GsonHelper.java:130) ~[server-1.18.2-20220404.173914-srg.jar%23116!/:?]
	at java.util.Optional.orElseThrow(Optional.java:403) ~[?:?]
	at net.minecraft.util.GsonHelper.m_13874_(GsonHelper.java:130) ~[server-1.18.2-20220404.173914-srg.jar%23116!/:?]
	at net.minecraft.util.GsonHelper.m_13909_(GsonHelper.java:138) ~[server-1.18.2-20220404.173914-srg.jar%23116!/:?]
	at net.minecraft.world.level.storage.loot.entries.LootItem$Serializer.m_7267_(LootItem.java:55) ~[server-1.18.2-20220404.173914-srg.jar%23116!/:?]
	at net.minecraft.world.level.storage.loot.entries.LootItem$Serializer.m_7267_(LootItem.java:40) ~[server-1.18.2-20220404.173914-srg.jar%23116!/:?]
	at net.minecraft.world.level.storage.loot.entries.LootPoolSingletonContainer$Serializer.m_5921_(LootPoolSingletonContainer.java:151) ~[server-1.18.2-20220404.173914-srg.jar%23116!/:?]
	at net.minecraft.world.level.storage.loot.entries.LootPoolSingletonContainer$Serializer.m_5921_(LootPoolSingletonContainer.java:129) ~[server-1.18.2-20220404.173914-srg.jar%23116!/:?]
	at net.minecraft.world.level.storage.loot.entries.LootPoolEntryContainer$Serializer.m_7561_(LootPoolEntryContainer.java:86) ~[server-1.18.2-20220404.173914-srg.jar%23116!/:?]
	at net.minecraft.world.level.storage.loot.entries.LootPoolEntryContainer$Serializer.m_7561_(LootPoolEntryContainer.java:74) ~[server-1.18.2-20220404.173914-srg.jar%23116!/:?]
	at net.minecraft.world.level.storage.loot.GsonAdapterFactory$JsonAdapter.deserialize(GsonAdapterFactory.java:102) ~[server-1.18.2-20220404.173914-srg.jar%23116!/:?]
	at com.google.gson.internal.bind.TreeTypeAdapter.read(TreeTypeAdapter.java:69) ~[gson-2.8.9.jar%2338!/:?]
	at com.google.gson.internal.bind.TypeAdapterRuntimeTypeWrapper.read(TypeAdapterRuntimeTypeWrapper.java:41) ~[gson-2.8.9.jar%2338!/:?]
	at com.google.gson.internal.bind.ArrayTypeAdapter.read(ArrayTypeAdapter.java:72) ~[gson-2.8.9.jar%2338!/:?]
	at com.google.gson.Gson.fromJson(Gson.java:963) ~[gson-2.8.9.jar%2338!/:?]
	at com.google.gson.Gson.fromJson(Gson.java:1034) ~[gson-2.8.9.jar%2338!/:?]
	at com.google.gson.internal.bind.TreeTypeAdapter$GsonContextImpl.deserialize(TreeTypeAdapter.java:162) ~[gson-2.8.9.jar%2338!/:?]
	at net.minecraft.util.GsonHelper.m_13808_(GsonHelper.java:448) ~[server-1.18.2-20220404.173914-srg.jar%23116!/:?]
	at net.minecraft.util.GsonHelper.m_13836_(GsonHelper.java:456) ~[server-1.18.2-20220404.173914-srg.jar%23116!/:?]
	at net.minecraft.world.level.storage.loot.entries.CompositeEntryBase$1.m_5921_(CompositeEntryBase.java:61) ~[server-1.18.2-20220404.173914-srg.jar%23116!/:?]
	at net.minecraft.world.level.storage.loot.entries.CompositeEntryBase$1.m_5921_(CompositeEntryBase.java:53) ~[server-1.18.2-20220404.173914-srg.jar%23116!/:?]
	at net.minecraft.world.level.storage.loot.entries.LootPoolEntryContainer$Serializer.m_7561_(LootPoolEntryContainer.java:86) ~[server-1.18.2-20220404.173914-srg.jar%23116!/:?]
	at net.minecraft.world.level.storage.loot.entries.LootPoolEntryContainer$Serializer.m_7561_(LootPoolEntryContainer.java:74) ~[server-1.18.2-20220404.173914-srg.jar%23116!/:?]
	at net.minecraft.world.level.storage.loot.GsonAdapterFactory$JsonAdapter.deserialize(GsonAdapterFactory.java:102) ~[server-1.18.2-20220404.173914-srg.jar%23116!/:?]
	at com.google.gson.internal.bind.TreeTypeAdapter.read(TreeTypeAdapter.java:69) ~[gson-2.8.9.jar%2338!/:?]
	at com.google.gson.internal.bind.TypeAdapterRuntimeTypeWrapper.read(TypeAdapterRuntimeTypeWrapper.java:41) ~[gson-2.8.9.jar%2338!/:?]
	at com.google.gson.internal.bind.ArrayTypeAdapter.read(ArrayTypeAdapter.java:72) ~[gson-2.8.9.jar%2338!/:?]
	at com.google.gson.Gson.fromJson(Gson.java:963) ~[gson-2.8.9.jar%2338!/:?]
	at com.google.gson.Gson.fromJson(Gson.java:1034) ~[gson-2.8.9.jar%2338!/:?]
	at com.google.gson.internal.bind.TreeTypeAdapter$GsonContextImpl.deserialize(TreeTypeAdapter.java:162) ~[gson-2.8.9.jar%2338!/:?]
	at net.minecraft.util.GsonHelper.m_13808_(GsonHelper.java:448) ~[server-1.18.2-20220404.173914-srg.jar%23116!/:?]
	at net.minecraft.util.GsonHelper.m_13836_(GsonHelper.java:456) ~[server-1.18.2-20220404.173914-srg.jar%23116!/:?]
	at net.minecraft.world.level.storage.loot.LootPool$Serializer.deserialize(LootPool.java:190) ~[server-1.18.2-20220404.173914-srg.jar%23116!/:?]
	at net.minecraft.world.level.storage.loot.LootPool$Serializer.deserialize(LootPool.java:187) ~[server-1.18.2-20220404.173914-srg.jar%23116!/:?]
	at com.google.gson.internal.bind.TreeTypeAdapter.read(TreeTypeAdapter.java:69) ~[gson-2.8.9.jar%2338!/:?]
	at com.google.gson.internal.bind.TypeAdapterRuntimeTypeWrapper.read(TypeAdapterRuntimeTypeWrapper.java:41) ~[gson-2.8.9.jar%2338!/:?]
	at com.google.gson.internal.bind.ArrayTypeAdapter.read(ArrayTypeAdapter.java:72) ~[gson-2.8.9.jar%2338!/:?]
	at com.google.gson.Gson.fromJson(Gson.java:963) ~[gson-2.8.9.jar%2338!/:?]
	at com.google.gson.Gson.fromJson(Gson.java:1034) ~[gson-2.8.9.jar%2338!/:?]
	at com.google.gson.internal.bind.TreeTypeAdapter$GsonContextImpl.deserialize(TreeTypeAdapter.java:162) ~[gson-2.8.9.jar%2338!/:?]
	at net.minecraft.util.GsonHelper.m_13808_(GsonHelper.java:448) ~[server-1.18.2-20220404.173914-srg.jar%23116!/:?]
	at net.minecraft.util.GsonHelper.m_13845_(GsonHelper.java:466) ~[server-1.18.2-20220404.173914-srg.jar%23116!/:?]
	at net.minecraft.world.level.storage.loot.LootTable$Serializer.deserialize(LootTable.java:273) ~[server-1.18.2-20220404.173914-srg.jar%23116!/:?]
	at net.minecraft.world.level.storage.loot.LootTable$Serializer.deserialize(LootTable.java:270) ~[server-1.18.2-20220404.173914-srg.jar%23116!/:?]
	at com.google.gson.internal.bind.TreeTypeAdapter.read(TreeTypeAdapter.java:69) ~[gson-2.8.9.jar%2338!/:?]
	at com.google.gson.Gson.fromJson(Gson.java:963) ~[gson-2.8.9.jar%2338!/:?]
	at com.google.gson.Gson.fromJson(Gson.java:1034) ~[gson-2.8.9.jar%2338!/:?]
	at com.google.gson.Gson.fromJson(Gson.java:1006) ~[gson-2.8.9.jar%2338!/:?]
	at net.minecraftforge.common.ForgeHooks.loadLootTable(ForgeHooks.java:888) ~[forge-1.18.2-40.2.21-universal.jar%23121!/:?]
	at net.minecraft.world.level.storage.loot.LootTables.lambda$apply$0(LootTables.java:55) ~[server-1.18.2-20220404.173914-srg.jar%23116!/:?]
	at java.util.HashMap.forEach(HashMap.java:1429) ~[?:?]
	at net.minecraft.world.level.storage.loot.LootTables.m_5787_(LootTables.java:53) ~[server-1.18.2-20220404.173914-srg.jar%23116!/:?]
	at net.minecraft.world.level.storage.loot.LootTables.m_5787_(LootTables.java:18) ~[server-1.18.2-20220404.173914-srg.jar%23116!/:?]
	at net.minecraft.server.packs.resources.SimplePreparableReloadListener.m_10789_(SimplePreparableReloadListener.java:13) ~[server-1.18.2-20220404.173914-srg.jar%23116!/:?]
	at java.util.concurrent.CompletableFuture$UniAccept.tryFire(CompletableFuture.java:718) ~[?:?]
	at java.util.concurrent.CompletableFuture$Completion.run(CompletableFuture.java:482) ~[?:?]
	at net.minecraft.server.packs.resources.SimpleReloadInstance.m_143940_(SimpleReloadInstance.java:69) ~[server-1.18.2-20220404.173914-srg.jar%23116!/:?]
	at net.minecraft.util.thread.BlockableEventLoop.execute(BlockableEventLoop.java:103) ~[server-1.18.2-20220404.173914-srg.jar%23116!/:?]
	at net.minecraft.server.packs.resources.SimpleReloadInstance.m_10834_(SimpleReloadInstance.java:68) ~[server-1.18.2-20220404.173914-srg.jar%23116!/:?]
	at java.util.concurrent.CompletableFuture$UniCompletion.claim(CompletableFuture.java:572) ~[?:?]
	at java.util.concurrent.CompletableFuture$UniAccept.tryFire(CompletableFuture.java:714) ~[?:?]
	at java.util.concurrent.CompletableFuture.postComplete(CompletableFuture.java:510) ~[?:?]
	at java.util.concurrent.CompletableFuture.postFire(CompletableFuture.java:614) ~[?:?]
	at java.util.concurrent.CompletableFuture$UniAccept.tryFire(CompletableFuture.java:726) ~[?:?]
	at java.util.concurrent.CompletableFuture$Completion.run(CompletableFuture.java:482) ~[?:?]
	at net.minecraft.server.packs.resources.SimpleReloadInstance.m_143940_(SimpleReloadInstance.java:69) ~[server-1.18.2-20220404.173914-srg.jar%23116!/:?]
	at net.minecraft.util.thread.BlockableEventLoop.execute(BlockableEventLoop.java:103) ~[server-1.18.2-20220404.173914-srg.jar%23116!/:?]
	at net.minecraft.server.packs.resources.SimpleReloadInstance.m_10834_(SimpleReloadInstance.java:68) ~[server-1.18.2-20220404.173914-srg.jar%23116!/:?]
	at java.util.concurrent.CompletableFuture$UniCompletion.claim(CompletableFuture.java:572) ~[?:?]
	at java.util.concurrent.CompletableFuture$UniAccept.tryFire(CompletableFuture.java:714) ~[?:?]
	at java.util.concurrent.CompletableFuture.postComplete(CompletableFuture.java:510) ~[?:?]
	at java.util.concurrent.CompletableFuture.postFire(CompletableFuture.java:614) ~[?:?]
	at java.util.concurrent.CompletableFuture$UniAccept.tryFire(CompletableFuture.java:726) ~[?:?]
	at java.util.concurrent.CompletableFuture$Completion.run(CompletableFuture.java:482) ~[?:?]
	at net.minecraft.server.packs.resources.SimpleReloadInstance.m_143940_(SimpleReloadInstance.java:69) ~[server-1.18.2-20220404.173914-srg.jar%23116!/:?]
	at net.minecraft.util.thread.BlockableEventLoop.execute(BlockableEventLoop.java:103) ~[server-1.18.2-20220404.173914-srg.jar%23116!/:?]
	at net.minecraft.server.packs.resources.SimpleReloadInstance.m_10834_(SimpleReloadInstance.java:68) ~[server-1.18.2-20220404.173914-srg.jar%23116!/:?]
	at java.util.concurrent.CompletableFuture$UniCompletion.claim(CompletableFuture.java:572) ~[?:?]
	at java.util.concurrent.CompletableFuture$UniAccept.tryFire(CompletableFuture.java:714) ~[?:?]
	at java.util.concurrent.CompletableFuture.postComplete(CompletableFuture.java:510) ~[?:?]
	at java.util.concurrent.CompletableFuture.postFire(CompletableFuture.java:614) ~[?:?]
	at java.util.concurrent.CompletableFuture$UniAccept.tryFire(CompletableFuture.java:726) ~[?:?]
	at java.util.concurrent.CompletableFuture$Completion.run(CompletableFuture.java:482) ~[?:?]
	at net.minecraft.server.packs.resources.SimpleReloadInstance.m_143940_(SimpleReloadInstance.java:69) ~[server-1.18.2-20220404.173914-srg.jar%23116!/:?]
	at net.minecraft.util.thread.BlockableEventLoop.execute(BlockableEventLoop.java:103) ~[server-1.18.2-20220404.173914-srg.jar%23116!/:?]
	at net.minecraft.server.packs.resources.SimpleReloadInstance.m_10834_(SimpleReloadInstance.java:68) ~[server-1.18.2-20220404.173914-srg.jar%23116!/:?]
	at java.util.concurrent.CompletableFuture$UniCompletion.claim(CompletableFuture.java:572) ~[?:?]
	at java.util.concurrent.CompletableFuture$UniAccept.tryFire(CompletableFuture.java:714) ~[?:?]
	at java.util.concurrent.CompletableFuture.postComplete(CompletableFuture.java:510) ~[?:?]
	at java.util.concurrent.CompletableFuture.complete(CompletableFuture.java:2179) ~[?:?]
	at net.minecraft.server.packs.resources.SimpleReloadInstance$1.m_10855_(SimpleReloadInstance.java:51) ~[server-1.18.2-20220404.173914-srg.jar%23116!/:?]
	at net.minecraft.util.thread.BlockableEventLoop.execute(BlockableEventLoop.java:103) ~[server-1.18.2-20220404.173914-srg.jar%23116!/:?]
	at net.minecraft.server.packs.resources.SimpleReloadInstance$1.m_6769_(SimpleReloadInstance.java:48) ~[server-1.18.2-20220404.173914-srg.jar%23116!/:?]
	at java.util.concurrent.CompletableFuture$UniCompose.tryFire(CompletableFuture.java:1150) [?:?]
	at java.util.concurrent.CompletableFuture.postComplete(CompletableFuture.java:510) [?:?]
	at java.util.concurrent.CompletableFuture$AsyncSupply.run(CompletableFuture.java:1773) [?:?]
	at java.util.concurrent.CompletableFuture$AsyncSupply.exec(CompletableFuture.java:1760) [?:?]
	at java.util.concurrent.ForkJoinTask.doExec(ForkJoinTask.java:387) [?:?]
	at java.util.concurrent.ForkJoinPool$WorkQueue.topLevelExec(ForkJoinPool.java:1312) [?:?]
	at java.util.concurrent.ForkJoinPool.scan(ForkJoinPool.java:1843) [?:?]
	at java.util.concurrent.ForkJoinPool.runWorker(ForkJoinPool.java:1808) [?:?]
	at java.util.concurrent.ForkJoinWorkerThread.run(ForkJoinWorkerThread.java:188) [?:?]
2025-03-09 02:31:16,259 [1;31mERROR[m [m[Worker-Main-14][m [mn.m.w.l.s.l.LootTables.lambda$apply$0(58)[m: Couldn't parse loot table alternacraft:blocks/slitstone_copper_ore
com.google.gson.JsonSyntaxException: Expected name to be an item, was unknown string 'minecraft:copper'
	at net.minecraft.util.GsonHelper.m_13866_(GsonHelper.java:130) ~[server-1.18.2-20220404.173914-srg.jar%23116!/:?]
	at java.util.Optional.orElseThrow(Optional.java:403) ~[?:?]
	at net.minecraft.util.GsonHelper.m_13874_(GsonHelper.java:130) ~[server-1.18.2-20220404.173914-srg.jar%23116!/:?]
	at net.minecraft.util.GsonHelper.m_13909_(GsonHelper.java:138) ~[server-1.18.2-20220404.173914-srg.jar%23116!/:?]
	at net.minecraft.world.level.storage.loot.entries.LootItem$Serializer.m_7267_(LootItem.java:55) ~[server-1.18.2-20220404.173914-srg.jar%23116!/:?]
	at net.minecraft.world.level.storage.loot.entries.LootItem$Serializer.m_7267_(LootItem.java:40) ~[server-1.18.2-20220404.173914-srg.jar%23116!/:?]
	at net.minecraft.world.level.storage.loot.entries.LootPoolSingletonContainer$Serializer.m_5921_(LootPoolSingletonContainer.java:151) ~[server-1.18.2-20220404.173914-srg.jar%23116!/:?]
	at net.minecraft.world.level.storage.loot.entries.LootPoolSingletonContainer$Serializer.m_5921_(LootPoolSingletonContainer.java:129) ~[server-1.18.2-20220404.173914-srg.jar%23116!/:?]
	at net.minecraft.world.level.storage.loot.entries.LootPoolEntryContainer$Serializer.m_7561_(LootPoolEntryContainer.java:86) ~[server-1.18.2-20220404.173914-srg.jar%23116!/:?]
	at net.minecraft.world.level.storage.loot.entries.LootPoolEntryContainer$Serializer.m_7561_(LootPoolEntryContainer.java:74) ~[server-1.18.2-20220404.173914-srg.jar%23116!/:?]
	at net.minecraft.world.level.storage.loot.GsonAdapterFactory$JsonAdapter.deserialize(GsonAdapterFactory.java:102) ~[server-1.18.2-20220404.173914-srg.jar%23116!/:?]
	at com.google.gson.internal.bind.TreeTypeAdapter.read(TreeTypeAdapter.java:69) ~[gson-2.8.9.jar%2338!/:?]
	at com.google.gson.internal.bind.TypeAdapterRuntimeTypeWrapper.read(TypeAdapterRuntimeTypeWrapper.java:41) ~[gson-2.8.9.jar%2338!/:?]
	at com.google.gson.internal.bind.ArrayTypeAdapter.read(ArrayTypeAdapter.java:72) ~[gson-2.8.9.jar%2338!/:?]
	at com.google.gson.Gson.fromJson(Gson.java:963) ~[gson-2.8.9.jar%2338!/:?]
	at com.google.gson.Gson.fromJson(Gson.java:1034) ~[gson-2.8.9.jar%2338!/:?]
	at com.google.gson.internal.bind.TreeTypeAdapter$GsonContextImpl.deserialize(TreeTypeAdapter.java:162) ~[gson-2.8.9.jar%2338!/:?]
	at net.minecraft.util.GsonHelper.m_13808_(GsonHelper.java:448) ~[server-1.18.2-20220404.173914-srg.jar%23116!/:?]
	at net.minecraft.util.GsonHelper.m_13836_(GsonHelper.java:456) ~[server-1.18.2-20220404.173914-srg.jar%23116!/:?]
	at net.minecraft.world.level.storage.loot.entries.CompositeEntryBase$1.m_5921_(CompositeEntryBase.java:61) ~[server-1.18.2-20220404.173914-srg.jar%23116!/:?]
	at net.minecraft.world.level.storage.loot.entries.CompositeEntryBase$1.m_5921_(CompositeEntryBase.java:53) ~[server-1.18.2-20220404.173914-srg.jar%23116!/:?]
	at net.minecraft.world.level.storage.loot.entries.LootPoolEntryContainer$Serializer.m_7561_(LootPoolEntryContainer.java:86) ~[server-1.18.2-20220404.173914-srg.jar%23116!/:?]
	at net.minecraft.world.level.storage.loot.entries.LootPoolEntryContainer$Serializer.m_7561_(LootPoolEntryContainer.java:74) ~[server-1.18.2-20220404.173914-srg.jar%23116!/:?]
	at net.minecraft.world.level.storage.loot.GsonAdapterFactory$JsonAdapter.deserialize(GsonAdapterFactory.java:102) ~[server-1.18.2-20220404.173914-srg.jar%23116!/:?]
	at com.google.gson.internal.bind.TreeTypeAdapter.read(TreeTypeAdapter.java:69) ~[gson-2.8.9.jar%2338!/:?]
	at com.google.gson.internal.bind.TypeAdapterRuntimeTypeWrapper.read(TypeAdapterRuntimeTypeWrapper.java:41) ~[gson-2.8.9.jar%2338!/:?]
	at com.google.gson.internal.bind.ArrayTypeAdapter.read(ArrayTypeAdapter.java:72) ~[gson-2.8.9.jar%2338!/:?]
	at com.google.gson.Gson.fromJson(Gson.java:963) ~[gson-2.8.9.jar%2338!/:?]
	at com.google.gson.Gson.fromJson(Gson.java:1034) ~[gson-2.8.9.jar%2338!/:?]
	at com.google.gson.internal.bind.TreeTypeAdapter$GsonContextImpl.deserialize(TreeTypeAdapter.java:162) ~[gson-2.8.9.jar%2338!/:?]
	at net.minecraft.util.GsonHelper.m_13808_(GsonHelper.java:448) ~[server-1.18.2-20220404.173914-srg.jar%23116!/:?]
	at net.minecraft.util.GsonHelper.m_13836_(GsonHelper.java:456) ~[server-1.18.2-20220404.173914-srg.jar%23116!/:?]
	at net.minecraft.world.level.storage.loot.LootPool$Serializer.deserialize(LootPool.java:190) ~[server-1.18.2-20220404.173914-srg.jar%23116!/:?]
	at net.minecraft.world.level.storage.loot.LootPool$Serializer.deserialize(LootPool.java:187) ~[server-1.18.2-20220404.173914-srg.jar%23116!/:?]
	at com.google.gson.internal.bind.TreeTypeAdapter.read(TreeTypeAdapter.java:69) ~[gson-2.8.9.jar%2338!/:?]
	at com.google.gson.internal.bind.TypeAdapterRuntimeTypeWrapper.read(TypeAdapterRuntimeTypeWrapper.java:41) ~[gson-2.8.9.jar%2338!/:?]
	at com.google.gson.internal.bind.ArrayTypeAdapter.read(ArrayTypeAdapter.java:72) ~[gson-2.8.9.jar%2338!/:?]
	at com.google.gson.Gson.fromJson(Gson.java:963) ~[gson-2.8.9.jar%2338!/:?]
	at com.google.gson.Gson.fromJson(Gson.java:1034) ~[gson-2.8.9.jar%2338!/:?]
	at com.google.gson.internal.bind.TreeTypeAdapter$GsonContextImpl.deserialize(TreeTypeAdapter.java:162) ~[gson-2.8.9.jar%2338!/:?]
	at net.minecraft.util.GsonHelper.m_13808_(GsonHelper.java:448) ~[server-1.18.2-20220404.173914-srg.jar%23116!/:?]
	at net.minecraft.util.GsonHelper.m_13845_(GsonHelper.java:466) ~[server-1.18.2-20220404.173914-srg.jar%23116!/:?]
	at net.minecraft.world.level.storage.loot.LootTable$Serializer.deserialize(LootTable.java:273) ~[server-1.18.2-20220404.173914-srg.jar%23116!/:?]
	at net.minecraft.world.level.storage.loot.LootTable$Serializer.deserialize(LootTable.java:270) ~[server-1.18.2-20220404.173914-srg.jar%23116!/:?]
	at com.google.gson.internal.bind.TreeTypeAdapter.read(TreeTypeAdapter.java:69) ~[gson-2.8.9.jar%2338!/:?]
	at com.google.gson.Gson.fromJson(Gson.java:963) ~[gson-2.8.9.jar%2338!/:?]
	at com.google.gson.Gson.fromJson(Gson.java:1034) ~[gson-2.8.9.jar%2338!/:?]
	at com.google.gson.Gson.fromJson(Gson.java:1006) ~[gson-2.8.9.jar%2338!/:?]
	at net.minecraftforge.common.ForgeHooks.loadLootTable(ForgeHooks.java:888) ~[forge-1.18.2-40.2.21-universal.jar%23121!/:?]
	at net.minecraft.world.level.storage.loot.LootTables.lambda$apply$0(LootTables.java:55) ~[server-1.18.2-20220404.173914-srg.jar%23116!/:?]
	at java.util.HashMap.forEach(HashMap.java:1429) ~[?:?]
	at net.minecraft.world.level.storage.loot.LootTables.m_5787_(LootTables.java:53) ~[server-1.18.2-20220404.173914-srg.jar%23116!/:?]
	at net.minecraft.world.level.storage.loot.LootTables.m_5787_(LootTables.java:18) ~[server-1.18.2-20220404.173914-srg.jar%23116!/:?]
	at net.minecraft.server.packs.resources.SimplePreparableReloadListener.m_10789_(SimplePreparableReloadListener.java:13) ~[server-1.18.2-20220404.173914-srg.jar%23116!/:?]
	at java.util.concurrent.CompletableFuture$UniAccept.tryFire(CompletableFuture.java:718) ~[?:?]
	at java.util.concurrent.CompletableFuture$Completion.run(CompletableFuture.java:482) ~[?:?]
	at net.minecraft.server.packs.resources.SimpleReloadInstance.m_143940_(SimpleReloadInstance.java:69) ~[server-1.18.2-20220404.173914-srg.jar%23116!/:?]
	at net.minecraft.util.thread.BlockableEventLoop.execute(BlockableEventLoop.java:103) ~[server-1.18.2-20220404.173914-srg.jar%23116!/:?]
	at net.minecraft.server.packs.resources.SimpleReloadInstance.m_10834_(SimpleReloadInstance.java:68) ~[server-1.18.2-20220404.173914-srg.jar%23116!/:?]
	at java.util.concurrent.CompletableFuture$UniCompletion.claim(CompletableFuture.java:572) ~[?:?]
	at java.util.concurrent.CompletableFuture$UniAccept.tryFire(CompletableFuture.java:714) ~[?:?]
	at java.util.concurrent.CompletableFuture.postComplete(CompletableFuture.java:510) ~[?:?]
	at java.util.concurrent.CompletableFuture.postFire(CompletableFuture.java:614) ~[?:?]
	at java.util.concurrent.CompletableFuture$UniAccept.tryFire(CompletableFuture.java:726) ~[?:?]
	at java.util.concurrent.CompletableFuture$Completion.run(CompletableFuture.java:482) ~[?:?]
	at net.minecraft.server.packs.resources.SimpleReloadInstance.m_143940_(SimpleReloadInstance.java:69) ~[server-1.18.2-20220404.173914-srg.jar%23116!/:?]
	at net.minecraft.util.thread.BlockableEventLoop.execute(BlockableEventLoop.java:103) ~[server-1.18.2-20220404.173914-srg.jar%23116!/:?]
	at net.minecraft.server.packs.resources.SimpleReloadInstance.m_10834_(SimpleReloadInstance.java:68) ~[server-1.18.2-20220404.173914-srg.jar%23116!/:?]
	at java.util.concurrent.CompletableFuture$UniCompletion.claim(CompletableFuture.java:572) ~[?:?]
	at java.util.concurrent.CompletableFuture$UniAccept.tryFire(CompletableFuture.java:714) ~[?:?]
	at java.util.concurrent.CompletableFuture.postComplete(CompletableFuture.java:510) ~[?:?]
	at java.util.concurrent.CompletableFuture.postFire(CompletableFuture.java:614) ~[?:?]
	at java.util.concurrent.CompletableFuture$UniAccept.tryFire(CompletableFuture.java:726) ~[?:?]
	at java.util.concurrent.CompletableFuture$Completion.run(CompletableFuture.java:482) ~[?:?]
	at net.minecraft.server.packs.resources.SimpleReloadInstance.m_143940_(SimpleReloadInstance.java:69) ~[server-1.18.2-20220404.173914-srg.jar%23116!/:?]
	at net.minecraft.util.thread.BlockableEventLoop.execute(BlockableEventLoop.java:103) ~[server-1.18.2-20220404.173914-srg.jar%23116!/:?]
	at net.minecraft.server.packs.resources.SimpleReloadInstance.m_10834_(SimpleReloadInstance.java:68) ~[server-1.18.2-20220404.173914-srg.jar%23116!/:?]
	at java.util.concurrent.CompletableFuture$UniCompletion.claim(CompletableFuture.java:572) ~[?:?]
	at java.util.concurrent.CompletableFuture$UniAccept.tryFire(CompletableFuture.java:714) ~[?:?]
	at java.util.concurrent.CompletableFuture.postComplete(CompletableFuture.java:510) ~[?:?]
	at java.util.concurrent.CompletableFuture.postFire(CompletableFuture.java:614) ~[?:?]
	at java.util.concurrent.CompletableFuture$UniAccept.tryFire(CompletableFuture.java:726) ~[?:?]
	at java.util.concurrent.CompletableFuture$Completion.run(CompletableFuture.java:482) ~[?:?]
	at net.minecraft.server.packs.resources.SimpleReloadInstance.m_143940_(SimpleReloadInstance.java:69) ~[server-1.18.2-20220404.173914-srg.jar%23116!/:?]
	at net.minecraft.util.thread.BlockableEventLoop.execute(BlockableEventLoop.java:103) ~[server-1.18.2-20220404.173914-srg.jar%23116!/:?]
	at net.minecraft.server.packs.resources.SimpleReloadInstance.m_10834_(SimpleReloadInstance.java:68) ~[server-1.18.2-20220404.173914-srg.jar%23116!/:?]
	at java.util.concurrent.CompletableFuture$UniCompletion.claim(CompletableFuture.java:572) ~[?:?]
	at java.util.concurrent.CompletableFuture$UniAccept.tryFire(CompletableFuture.java:714) ~[?:?]
	at java.util.concurrent.CompletableFuture.postComplete(CompletableFuture.java:510) ~[?:?]
	at java.util.concurrent.CompletableFuture.complete(CompletableFuture.java:2179) ~[?:?]
	at net.minecraft.server.packs.resources.SimpleReloadInstance$1.m_10855_(SimpleReloadInstance.java:51) ~[server-1.18.2-20220404.173914-srg.jar%23116!/:?]
	at net.minecraft.util.thread.BlockableEventLoop.execute(BlockableEventLoop.java:103) ~[server-1.18.2-20220404.173914-srg.jar%23116!/:?]
	at net.minecraft.server.packs.resources.SimpleReloadInstance$1.m_6769_(SimpleReloadInstance.java:48) ~[server-1.18.2-20220404.173914-srg.jar%23116!/:?]
	at java.util.concurrent.CompletableFuture$UniCompose.tryFire(CompletableFuture.java:1150) [?:?]
	at java.util.concurrent.CompletableFuture.postComplete(CompletableFuture.java:510) [?:?]
	at java.util.concurrent.CompletableFuture$AsyncSupply.run(CompletableFuture.java:1773) [?:?]
	at java.util.concurrent.CompletableFuture$AsyncSupply.exec(CompletableFuture.java:1760) [?:?]
	at java.util.concurrent.ForkJoinTask.doExec(ForkJoinTask.java:387) [?:?]
	at java.util.concurrent.ForkJoinPool$WorkQueue.topLevelExec(ForkJoinPool.java:1312) [?:?]
	at java.util.concurrent.ForkJoinPool.scan(ForkJoinPool.java:1843) [?:?]
	at java.util.concurrent.ForkJoinPool.runWorker(ForkJoinPool.java:1808) [?:?]
	at java.util.concurrent.ForkJoinWorkerThread.run(ForkJoinWorkerThread.java:188) [?:?]
2025-03-09 02:31:16,332 [1;31mERROR[m [m[Worker-Main-14][m [mn.m.w.l.s.l.LootTables.lambda$apply$0(58)[m: Couldn't parse loot table rpgsmw:blocks/ancient_alchemestry_tower
com.google.gson.JsonSyntaxException: Expected name to be an item, was unknown string 'rpgsmw:deleted_mod_element'
	at net.minecraft.util.GsonHelper.m_13866_(GsonHelper.java:130) ~[server-1.18.2-20220404.173914-srg.jar%23116!/:?]
	at java.util.Optional.orElseThrow(Optional.java:403) ~[?:?]
	at net.minecraft.util.GsonHelper.m_13874_(GsonHelper.java:130) ~[server-1.18.2-20220404.173914-srg.jar%23116!/:?]
	at net.minecraft.util.GsonHelper.m_13909_(GsonHelper.java:138) ~[server-1.18.2-20220404.173914-srg.jar%23116!/:?]
	at net.minecraft.world.level.storage.loot.entries.LootItem$Serializer.m_7267_(LootItem.java:55) ~[server-1.18.2-20220404.173914-srg.jar%23116!/:?]
	at net.minecraft.world.level.storage.loot.entries.LootItem$Serializer.m_7267_(LootItem.java:40) ~[server-1.18.2-20220404.173914-srg.jar%23116!/:?]
	at net.minecraft.world.level.storage.loot.entries.LootPoolSingletonContainer$Serializer.m_5921_(LootPoolSingletonContainer.java:151) ~[server-1.18.2-20220404.173914-srg.jar%23116!/:?]
	at net.minecraft.world.level.storage.loot.entries.LootPoolSingletonContainer$Serializer.m_5921_(LootPoolSingletonContainer.java:129) ~[server-1.18.2-20220404.173914-srg.jar%23116!/:?]
	at net.minecraft.world.level.storage.loot.entries.LootPoolEntryContainer$Serializer.m_7561_(LootPoolEntryContainer.java:86) ~[server-1.18.2-20220404.173914-srg.jar%23116!/:?]
	at net.minecraft.world.level.storage.loot.entries.LootPoolEntryContainer$Serializer.m_7561_(LootPoolEntryContainer.java:74) ~[server-1.18.2-20220404.173914-srg.jar%23116!/:?]
	at net.minecraft.world.level.storage.loot.GsonAdapterFactory$JsonAdapter.deserialize(GsonAdapterFactory.java:102) ~[server-1.18.2-20220404.173914-srg.jar%23116!/:?]
	at com.google.gson.internal.bind.TreeTypeAdapter.read(TreeTypeAdapter.java:69) ~[gson-2.8.9.jar%2338!/:?]
	at com.google.gson.internal.bind.TypeAdapterRuntimeTypeWrapper.read(TypeAdapterRuntimeTypeWrapper.java:41) ~[gson-2.8.9.jar%2338!/:?]
	at com.google.gson.internal.bind.ArrayTypeAdapter.read(ArrayTypeAdapter.java:72) ~[gson-2.8.9.jar%2338!/:?]
	at com.google.gson.Gson.fromJson(Gson.java:963) ~[gson-2.8.9.jar%2338!/:?]
	at com.google.gson.Gson.fromJson(Gson.java:1034) ~[gson-2.8.9.jar%2338!/:?]
	at com.google.gson.internal.bind.TreeTypeAdapter$GsonContextImpl.deserialize(TreeTypeAdapter.java:162) ~[gson-2.8.9.jar%2338!/:?]
	at net.minecraft.util.GsonHelper.m_13808_(GsonHelper.java:448) ~[server-1.18.2-20220404.173914-srg.jar%23116!/:?]
	at net.minecraft.util.GsonHelper.m_13836_(GsonHelper.java:456) ~[server-1.18.2-20220404.173914-srg.jar%23116!/:?]
	at net.minecraft.world.level.storage.loot.LootPool$Serializer.deserialize(LootPool.java:190) ~[server-1.18.2-20220404.173914-srg.jar%23116!/:?]
	at net.minecraft.world.level.storage.loot.LootPool$Serializer.deserialize(LootPool.java:187) ~[server-1.18.2-20220404.173914-srg.jar%23116!/:?]
	at com.google.gson.internal.bind.TreeTypeAdapter.read(TreeTypeAdapter.java:69) ~[gson-2.8.9.jar%2338!/:?]
	at com.google.gson.internal.bind.TypeAdapterRuntimeTypeWrapper.read(TypeAdapterRuntimeTypeWrapper.java:41) ~[gson-2.8.9.jar%2338!/:?]
	at com.google.gson.internal.bind.ArrayTypeAdapter.read(ArrayTypeAdapter.java:72) ~[gson-2.8.9.jar%2338!/:?]
	at com.google.gson.Gson.fromJson(Gson.java:963) ~[gson-2.8.9.jar%2338!/:?]
	at com.google.gson.Gson.fromJson(Gson.java:1034) ~[gson-2.8.9.jar%2338!/:?]
	at com.google.gson.internal.bind.TreeTypeAdapter$GsonContextImpl.deserialize(TreeTypeAdapter.java:162) ~[gson-2.8.9.jar%2338!/:?]
	at net.minecraft.util.GsonHelper.m_13808_(GsonHelper.java:448) ~[server-1.18.2-20220404.173914-srg.jar%23116!/:?]
	at net.minecraft.util.GsonHelper.m_13845_(GsonHelper.java:466) ~[server-1.18.2-20220404.173914-srg.jar%23116!/:?]
	at net.minecraft.world.level.storage.loot.LootTable$Serializer.deserialize(LootTable.java:273) ~[server-1.18.2-20220404.173914-srg.jar%23116!/:?]
	at net.minecraft.world.level.storage.loot.LootTable$Serializer.deserialize(LootTable.java:270) ~[server-1.18.2-20220404.173914-srg.jar%23116!/:?]
	at com.google.gson.internal.bind.TreeTypeAdapter.read(TreeTypeAdapter.java:69) ~[gson-2.8.9.jar%2338!/:?]
	at com.google.gson.Gson.fromJson(Gson.java:963) ~[gson-2.8.9.jar%2338!/:?]
	at com.google.gson.Gson.fromJson(Gson.java:1034) ~[gson-2.8.9.jar%2338!/:?]
	at com.google.gson.Gson.fromJson(Gson.java:1006) ~[gson-2.8.9.jar%2338!/:?]
	at net.minecraftforge.common.ForgeHooks.loadLootTable(ForgeHooks.java:888) ~[forge-1.18.2-40.2.21-universal.jar%23121!/:?]
	at net.minecraft.world.level.storage.loot.LootTables.lambda$apply$0(LootTables.java:55) ~[server-1.18.2-20220404.173914-srg.jar%23116!/:?]
	at java.util.HashMap.forEach(HashMap.java:1429) ~[?:?]
	at net.minecraft.world.level.storage.loot.LootTables.m_5787_(LootTables.java:53) ~[server-1.18.2-20220404.173914-srg.jar%23116!/:?]
	at net.minecraft.world.level.storage.loot.LootTables.m_5787_(LootTables.java:18) ~[server-1.18.2-20220404.173914-srg.jar%23116!/:?]
	at net.minecraft.server.packs.resources.SimplePreparableReloadListener.m_10789_(SimplePreparableReloadListener.java:13) ~[server-1.18.2-20220404.173914-srg.jar%23116!/:?]
	at java.util.concurrent.CompletableFuture$UniAccept.tryFire(CompletableFuture.java:718) ~[?:?]
	at java.util.concurrent.CompletableFuture$Completion.run(CompletableFuture.java:482) ~[?:?]
	at net.minecraft.server.packs.resources.SimpleReloadInstance.m_143940_(SimpleReloadInstance.java:69) ~[server-1.18.2-20220404.173914-srg.jar%23116!/:?]
	at net.minecraft.util.thread.BlockableEventLoop.execute(BlockableEventLoop.java:103) ~[server-1.18.2-20220404.173914-srg.jar%23116!/:?]
	at net.minecraft.server.packs.resources.SimpleReloadInstance.m_10834_(SimpleReloadInstance.java:68) ~[server-1.18.2-20220404.173914-srg.jar%23116!/:?]
	at java.util.concurrent.CompletableFuture$UniCompletion.claim(CompletableFuture.java:572) ~[?:?]
	at java.util.concurrent.CompletableFuture$UniAccept.tryFire(CompletableFuture.java:714) ~[?:?]
	at java.util.concurrent.CompletableFuture.postComplete(CompletableFuture.java:510) ~[?:?]
	at java.util.concurrent.CompletableFuture.postFire(CompletableFuture.java:614) ~[?:?]
	at java.util.concurrent.CompletableFuture$UniAccept.tryFire(CompletableFuture.java:726) ~[?:?]
	at java.util.concurrent.CompletableFuture$Completion.run(CompletableFuture.java:482) ~[?:?]
	at net.minecraft.server.packs.resources.SimpleReloadInstance.m_143940_(SimpleReloadInstance.java:69) ~[server-1.18.2-20220404.173914-srg.jar%23116!/:?]
	at net.minecraft.util.thread.BlockableEventLoop.execute(BlockableEventLoop.java:103) ~[server-1.18.2-20220404.173914-srg.jar%23116!/:?]
	at net.minecraft.server.packs.resources.SimpleReloadInstance.m_10834_(SimpleReloadInstance.java:68) ~[server-1.18.2-20220404.173914-srg.jar%23116!/:?]
	at java.util.concurrent.CompletableFuture$UniCompletion.claim(CompletableFuture.java:572) ~[?:?]
	at java.util.concurrent.CompletableFuture$UniAccept.tryFire(CompletableFuture.java:714) ~[?:?]
	at java.util.concurrent.CompletableFuture.postComplete(CompletableFuture.java:510) ~[?:?]
	at java.util.concurrent.CompletableFuture.postFire(CompletableFuture.java:614) ~[?:?]
	at java.util.concurrent.CompletableFuture$UniAccept.tryFire(CompletableFuture.java:726) ~[?:?]
	at java.util.concurrent.CompletableFuture$Completion.run(CompletableFuture.java:482) ~[?:?]
	at net.minecraft.server.packs.resources.SimpleReloadInstance.m_143940_(SimpleReloadInstance.java:69) ~[server-1.18.2-20220404.173914-srg.jar%23116!/:?]
	at net.minecraft.util.thread.BlockableEventLoop.execute(BlockableEventLoop.java:103) ~[server-1.18.2-20220404.173914-srg.jar%23116!/:?]
	at net.minecraft.server.packs.resources.SimpleReloadInstance.m_10834_(SimpleReloadInstance.java:68) ~[server-1.18.2-20220404.173914-srg.jar%23116!/:?]
	at java.util.concurrent.CompletableFuture$UniCompletion.claim(CompletableFuture.java:572) ~[?:?]
	at java.util.concurrent.CompletableFuture$UniAccept.tryFire(CompletableFuture.java:714) ~[?:?]
	at java.util.concurrent.CompletableFuture.postComplete(CompletableFuture.java:510) ~[?:?]
	at java.util.concurrent.CompletableFuture.postFire(CompletableFuture.java:614) ~[?:?]
	at java.util.concurrent.CompletableFuture$UniAccept.tryFire(CompletableFuture.java:726) ~[?:?]
	at java.util.concurrent.CompletableFuture$Completion.run(CompletableFuture.java:482) ~[?:?]
	at net.minecraft.server.packs.resources.SimpleReloadInstance.m_143940_(SimpleReloadInstance.java:69) ~[server-1.18.2-20220404.173914-srg.jar%23116!/:?]
	at net.minecraft.util.thread.BlockableEventLoop.execute(BlockableEventLoop.java:103) ~[server-1.18.2-20220404.173914-srg.jar%23116!/:?]
	at net.minecraft.server.packs.resources.SimpleReloadInstance.m_10834_(SimpleReloadInstance.java:68) ~[server-1.18.2-20220404.173914-srg.jar%23116!/:?]
	at java.util.concurrent.CompletableFuture$UniCompletion.claim(CompletableFuture.java:572) ~[?:?]
	at java.util.concurrent.CompletableFuture$UniAccept.tryFire(CompletableFuture.java:714) ~[?:?]
	at java.util.concurrent.CompletableFuture.postComplete(CompletableFuture.java:510) ~[?:?]
	at java.util.concurrent.CompletableFuture.complete(CompletableFuture.java:2179) ~[?:?]
	at net.minecraft.server.packs.resources.SimpleReloadInstance$1.m_10855_(SimpleReloadInstance.java:51) ~[server-1.18.2-20220404.173914-srg.jar%23116!/:?]
	at net.minecraft.util.thread.BlockableEventLoop.execute(BlockableEventLoop.java:103) ~[server-1.18.2-20220404.173914-srg.jar%23116!/:?]
	at net.minecraft.server.packs.resources.SimpleReloadInstance$1.m_6769_(SimpleReloadInstance.java:48) ~[server-1.18.2-20220404.173914-srg.jar%23116!/:?]
	at java.util.concurrent.CompletableFuture$UniCompose.tryFire(CompletableFuture.java:1150) [?:?]
	at java.util.concurrent.CompletableFuture.postComplete(CompletableFuture.java:510) [?:?]
	at java.util.concurrent.CompletableFuture$AsyncSupply.run(CompletableFuture.java:1773) [?:?]
	at java.util.concurrent.CompletableFuture$AsyncSupply.exec(CompletableFuture.java:1760) [?:?]
	at java.util.concurrent.ForkJoinTask.doExec(ForkJoinTask.java:387) [?:?]
	at java.util.concurrent.ForkJoinPool$WorkQueue.topLevelExec(ForkJoinPool.java:1312) [?:?]
	at java.util.concurrent.ForkJoinPool.scan(ForkJoinPool.java:1843) [?:?]
	at java.util.concurrent.ForkJoinPool.runWorker(ForkJoinPool.java:1808) [?:?]
	at java.util.concurrent.ForkJoinWorkerThread.run(ForkJoinWorkerThread.java:188) [?:?]
2025-03-09 02:31:16,471 [1;31mERROR[m [m[Worker-Main-14][m [mn.m.w.l.s.l.LootTables.lambda$apply$0(58)[m: Couldn't parse loot table alternacraft:blocks/shale_copper_ore
com.google.gson.JsonSyntaxException: Expected name to be an item, was unknown string 'minecraft:copper'
	at net.minecraft.util.GsonHelper.m_13866_(GsonHelper.java:130) ~[server-1.18.2-20220404.173914-srg.jar%23116!/:?]
	at java.util.Optional.orElseThrow(Optional.java:403) ~[?:?]
	at net.minecraft.util.GsonHelper.m_13874_(GsonHelper.java:130) ~[server-1.18.2-20220404.173914-srg.jar%23116!/:?]
	at net.minecraft.util.GsonHelper.m_13909_(GsonHelper.java:138) ~[server-1.18.2-20220404.173914-srg.jar%23116!/:?]
	at net.minecraft.world.level.storage.loot.entries.LootItem$Serializer.m_7267_(LootItem.java:55) ~[server-1.18.2-20220404.173914-srg.jar%23116!/:?]
	at net.minecraft.world.level.storage.loot.entries.LootItem$Serializer.m_7267_(LootItem.java:40) ~[server-1.18.2-20220404.173914-srg.jar%23116!/:?]
	at net.minecraft.world.level.storage.loot.entries.LootPoolSingletonContainer$Serializer.m_5921_(LootPoolSingletonContainer.java:151) ~[server-1.18.2-20220404.173914-srg.jar%23116!/:?]
	at net.minecraft.world.level.storage.loot.entries.LootPoolSingletonContainer$Serializer.m_5921_(LootPoolSingletonContainer.java:129) ~[server-1.18.2-20220404.173914-srg.jar%23116!/:?]
	at net.minecraft.world.level.storage.loot.entries.LootPoolEntryContainer$Serializer.m_7561_(LootPoolEntryContainer.java:86) ~[server-1.18.2-20220404.173914-srg.jar%23116!/:?]
	at net.minecraft.world.level.storage.loot.entries.LootPoolEntryContainer$Serializer.m_7561_(LootPoolEntryContainer.java:74) ~[server-1.18.2-20220404.173914-srg.jar%23116!/:?]
	at net.minecraft.world.level.storage.loot.GsonAdapterFactory$JsonAdapter.deserialize(GsonAdapterFactory.java:102) ~[server-1.18.2-20220404.173914-srg.jar%23116!/:?]
	at com.google.gson.internal.bind.TreeTypeAdapter.read(TreeTypeAdapter.java:69) ~[gson-2.8.9.jar%2338!/:?]
	at com.google.gson.internal.bind.TypeAdapterRuntimeTypeWrapper.read(TypeAdapterRuntimeTypeWrapper.java:41) ~[gson-2.8.9.jar%2338!/:?]
	at com.google.gson.internal.bind.ArrayTypeAdapter.read(ArrayTypeAdapter.java:72) ~[gson-2.8.9.jar%2338!/:?]
	at com.google.gson.Gson.fromJson(Gson.java:963) ~[gson-2.8.9.jar%2338!/:?]
	at com.google.gson.Gson.fromJson(Gson.java:1034) ~[gson-2.8.9.jar%2338!/:?]
	at com.google.gson.internal.bind.TreeTypeAdapter$GsonContextImpl.deserialize(TreeTypeAdapter.java:162) ~[gson-2.8.9.jar%2338!/:?]
	at net.minecraft.util.GsonHelper.m_13808_(GsonHelper.java:448) ~[server-1.18.2-20220404.173914-srg.jar%23116!/:?]
	at net.minecraft.util.GsonHelper.m_13836_(GsonHelper.java:456) ~[server-1.18.2-20220404.173914-srg.jar%23116!/:?]
	at net.minecraft.world.level.storage.loot.entries.CompositeEntryBase$1.m_5921_(CompositeEntryBase.java:61) ~[server-1.18.2-20220404.173914-srg.jar%23116!/:?]
	at net.minecraft.world.level.storage.loot.entries.CompositeEntryBase$1.m_5921_(CompositeEntryBase.java:53) ~[server-1.18.2-20220404.173914-srg.jar%23116!/:?]
	at net.minecraft.world.level.storage.loot.entries.LootPoolEntryContainer$Serializer.m_7561_(LootPoolEntryContainer.java:86) ~[server-1.18.2-20220404.173914-srg.jar%23116!/:?]
	at net.minecraft.world.level.storage.loot.entries.LootPoolEntryContainer$Serializer.m_7561_(LootPoolEntryContainer.java:74) ~[server-1.18.2-20220404.173914-srg.jar%23116!/:?]
	at net.minecraft.world.level.storage.loot.GsonAdapterFactory$JsonAdapter.deserialize(GsonAdapterFactory.java:102) ~[server-1.18.2-20220404.173914-srg.jar%23116!/:?]
	at com.google.gson.internal.bind.TreeTypeAdapter.read(TreeTypeAdapter.java:69) ~[gson-2.8.9.jar%2338!/:?]
	at com.google.gson.internal.bind.TypeAdapterRuntimeTypeWrapper.read(TypeAdapterRuntimeTypeWrapper.java:41) ~[gson-2.8.9.jar%2338!/:?]
	at com.google.gson.internal.bind.ArrayTypeAdapter.read(ArrayTypeAdapter.java:72) ~[gson-2.8.9.jar%2338!/:?]
	at com.google.gson.Gson.fromJson(Gson.java:963) ~[gson-2.8.9.jar%2338!/:?]
	at com.google.gson.Gson.fromJson(Gson.java:1034) ~[gson-2.8.9.jar%2338!/:?]
	at com.google.gson.internal.bind.TreeTypeAdapter$GsonContextImpl.deserialize(TreeTypeAdapter.java:162) ~[gson-2.8.9.jar%2338!/:?]
	at net.minecraft.util.GsonHelper.m_13808_(GsonHelper.java:448) ~[server-1.18.2-20220404.173914-srg.jar%23116!/:?]
	at net.minecraft.util.GsonHelper.m_13836_(GsonHelper.java:456) ~[server-1.18.2-20220404.173914-srg.jar%23116!/:?]
	at net.minecraft.world.level.storage.loot.LootPool$Serializer.deserialize(LootPool.java:190) ~[server-1.18.2-20220404.173914-srg.jar%23116!/:?]
	at net.minecraft.world.level.storage.loot.LootPool$Serializer.deserialize(LootPool.java:187) ~[server-1.18.2-20220404.173914-srg.jar%23116!/:?]
	at com.google.gson.internal.bind.TreeTypeAdapter.read(TreeTypeAdapter.java:69) ~[gson-2.8.9.jar%2338!/:?]
	at com.google.gson.internal.bind.TypeAdapterRuntimeTypeWrapper.read(TypeAdapterRuntimeTypeWrapper.java:41) ~[gson-2.8.9.jar%2338!/:?]
	at com.google.gson.internal.bind.ArrayTypeAdapter.read(ArrayTypeAdapter.java:72) ~[gson-2.8.9.jar%2338!/:?]
	at com.google.gson.Gson.fromJson(Gson.java:963) ~[gson-2.8.9.jar%2338!/:?]
	at com.google.gson.Gson.fromJson(Gson.java:1034) ~[gson-2.8.9.jar%2338!/:?]
	at com.google.gson.internal.bind.TreeTypeAdapter$GsonContextImpl.deserialize(TreeTypeAdapter.java:162) ~[gson-2.8.9.jar%2338!/:?]
	at net.minecraft.util.GsonHelper.m_13808_(GsonHelper.java:448) ~[server-1.18.2-20220404.173914-srg.jar%23116!/:?]
	at net.minecraft.util.GsonHelper.m_13845_(GsonHelper.java:466) ~[server-1.18.2-20220404.173914-srg.jar%23116!/:?]
	at net.minecraft.world.level.storage.loot.LootTable$Serializer.deserialize(LootTable.java:273) ~[server-1.18.2-20220404.173914-srg.jar%23116!/:?]
	at net.minecraft.world.level.storage.loot.LootTable$Serializer.deserialize(LootTable.java:270) ~[server-1.18.2-20220404.173914-srg.jar%23116!/:?]
	at com.google.gson.internal.bind.TreeTypeAdapter.read(TreeTypeAdapter.java:69) ~[gson-2.8.9.jar%2338!/:?]
	at com.google.gson.Gson.fromJson(Gson.java:963) ~[gson-2.8.9.jar%2338!/:?]
	at com.google.gson.Gson.fromJson(Gson.java:1034) ~[gson-2.8.9.jar%2338!/:?]
	at com.google.gson.Gson.fromJson(Gson.java:1006) ~[gson-2.8.9.jar%2338!/:?]
	at net.minecraftforge.common.ForgeHooks.loadLootTable(ForgeHooks.java:888) ~[forge-1.18.2-40.2.21-universal.jar%23121!/:?]
	at net.minecraft.world.level.storage.loot.LootTables.lambda$apply$0(LootTables.java:55) ~[server-1.18.2-20220404.173914-srg.jar%23116!/:?]
	at java.util.HashMap.forEach(HashMap.java:1429) ~[?:?]
	at net.minecraft.world.level.storage.loot.LootTables.m_5787_(LootTables.java:53) ~[server-1.18.2-20220404.173914-srg.jar%23116!/:?]
	at net.minecraft.world.level.storage.loot.LootTables.m_5787_(LootTables.java:18) ~[server-1.18.2-20220404.173914-srg.jar%23116!/:?]
	at net.minecraft.server.packs.resources.SimplePreparableReloadListener.m_10789_(SimplePreparableReloadListener.java:13) ~[server-1.18.2-20220404.173914-srg.jar%23116!/:?]
	at java.util.concurrent.CompletableFuture$UniAccept.tryFire(CompletableFuture.java:718) ~[?:?]
	at java.util.concurrent.CompletableFuture$Completion.run(CompletableFuture.java:482) ~[?:?]
	at net.minecraft.server.packs.resources.SimpleReloadInstance.m_143940_(SimpleReloadInstance.java:69) ~[server-1.18.2-20220404.173914-srg.jar%23116!/:?]
	at net.minecraft.util.thread.BlockableEventLoop.execute(BlockableEventLoop.java:103) ~[server-1.18.2-20220404.173914-srg.jar%23116!/:?]
	at net.minecraft.server.packs.resources.SimpleReloadInstance.m_10834_(SimpleReloadInstance.java:68) ~[server-1.18.2-20220404.173914-srg.jar%23116!/:?]
	at java.util.concurrent.CompletableFuture$UniCompletion.claim(CompletableFuture.java:572) ~[?:?]
	at java.util.concurrent.CompletableFuture$UniAccept.tryFire(CompletableFuture.java:714) ~[?:?]
	at java.util.concurrent.CompletableFuture.postComplete(CompletableFuture.java:510) ~[?:?]
	at java.util.concurrent.CompletableFuture.postFire(CompletableFuture.java:614) ~[?:?]
	at java.util.concurrent.CompletableFuture$UniAccept.tryFire(CompletableFuture.java:726) ~[?:?]
	at java.util.concurrent.CompletableFuture$Completion.run(CompletableFuture.java:482) ~[?:?]
	at net.minecraft.server.packs.resources.SimpleReloadInstance.m_143940_(SimpleReloadInstance.java:69) ~[server-1.18.2-20220404.173914-srg.jar%23116!/:?]
	at net.minecraft.util.thread.BlockableEventLoop.execute(BlockableEventLoop.java:103) ~[server-1.18.2-20220404.173914-srg.jar%23116!/:?]
	at net.minecraft.server.packs.resources.SimpleReloadInstance.m_10834_(SimpleReloadInstance.java:68) ~[server-1.18.2-20220404.173914-srg.jar%23116!/:?]
	at java.util.concurrent.CompletableFuture$UniCompletion.claim(CompletableFuture.java:572) ~[?:?]
	at java.util.concurrent.CompletableFuture$UniAccept.tryFire(CompletableFuture.java:714) ~[?:?]
	at java.util.concurrent.CompletableFuture.postComplete(CompletableFuture.java:510) ~[?:?]
	at java.util.concurrent.CompletableFuture.postFire(CompletableFuture.java:614) ~[?:?]
	at java.util.concurrent.CompletableFuture$UniAccept.tryFire(CompletableFuture.java:726) ~[?:?]
	at java.util.concurrent.CompletableFuture$Completion.run(CompletableFuture.java:482) ~[?:?]
	at net.minecraft.server.packs.resources.SimpleReloadInstance.m_143940_(SimpleReloadInstance.java:69) ~[server-1.18.2-20220404.173914-srg.jar%23116!/:?]
	at net.minecraft.util.thread.BlockableEventLoop.execute(BlockableEventLoop.java:103) ~[server-1.18.2-20220404.173914-srg.jar%23116!/:?]
	at net.minecraft.server.packs.resources.SimpleReloadInstance.m_10834_(SimpleReloadInstance.java:68) ~[server-1.18.2-20220404.173914-srg.jar%23116!/:?]
	at java.util.concurrent.CompletableFuture$UniCompletion.claim(CompletableFuture.java:572) ~[?:?]
	at java.util.concurrent.CompletableFuture$UniAccept.tryFire(CompletableFuture.java:714) ~[?:?]
	at java.util.concurrent.CompletableFuture.postComplete(CompletableFuture.java:510) ~[?:?]
	at java.util.concurrent.CompletableFuture.postFire(CompletableFuture.java:614) ~[?:?]
	at java.util.concurrent.CompletableFuture$UniAccept.tryFire(CompletableFuture.java:726) ~[?:?]
	at java.util.concurrent.CompletableFuture$Completion.run(CompletableFuture.java:482) ~[?:?]
	at net.minecraft.server.packs.resources.SimpleReloadInstance.m_143940_(SimpleReloadInstance.java:69) ~[server-1.18.2-20220404.173914-srg.jar%23116!/:?]
	at net.minecraft.util.thread.BlockableEventLoop.execute(BlockableEventLoop.java:103) ~[server-1.18.2-20220404.173914-srg.jar%23116!/:?]
	at net.minecraft.server.packs.resources.SimpleReloadInstance.m_10834_(SimpleReloadInstance.java:68) ~[server-1.18.2-20220404.173914-srg.jar%23116!/:?]
	at java.util.concurrent.CompletableFuture$UniCompletion.claim(CompletableFuture.java:572) ~[?:?]
	at java.util.concurrent.CompletableFuture$UniAccept.tryFire(CompletableFuture.java:714) ~[?:?]
	at java.util.concurrent.CompletableFuture.postComplete(CompletableFuture.java:510) ~[?:?]
	at java.util.concurrent.CompletableFuture.complete(CompletableFuture.java:2179) ~[?:?]
	at net.minecraft.server.packs.resources.SimpleReloadInstance$1.m_10855_(SimpleReloadInstance.java:51) ~[server-1.18.2-20220404.173914-srg.jar%23116!/:?]
	at net.minecraft.util.thread.BlockableEventLoop.execute(BlockableEventLoop.java:103) ~[server-1.18.2-20220404.173914-srg.jar%23116!/:?]
	at net.minecraft.server.packs.resources.SimpleReloadInstance$1.m_6769_(SimpleReloadInstance.java:48) ~[server-1.18.2-20220404.173914-srg.jar%23116!/:?]
	at java.util.concurrent.CompletableFuture$UniCompose.tryFire(CompletableFuture.java:1150) [?:?]
	at java.util.concurrent.CompletableFuture.postComplete(CompletableFuture.java:510) [?:?]
	at java.util.concurrent.CompletableFuture$AsyncSupply.run(CompletableFuture.java:1773) [?:?]
	at java.util.concurrent.CompletableFuture$AsyncSupply.exec(CompletableFuture.java:1760) [?:?]
	at java.util.concurrent.ForkJoinTask.doExec(ForkJoinTask.java:387) [?:?]
	at java.util.concurrent.ForkJoinPool$WorkQueue.topLevelExec(ForkJoinPool.java:1312) [?:?]
	at java.util.concurrent.ForkJoinPool.scan(ForkJoinPool.java:1843) [?:?]
	at java.util.concurrent.ForkJoinPool.runWorker(ForkJoinPool.java:1808) [?:?]
	at java.util.concurrent.ForkJoinWorkerThread.run(ForkJoinWorkerThread.java:188) [?:?]
2025-03-09 02:31:16,481 [1;31mERROR[m [m[Worker-Main-14][m [mn.m.w.l.s.l.LootTables.lambda$apply$0(58)[m: Couldn't parse loot table alternacraft:blocks/mudstone_titanium_ore
com.google.gson.JsonSyntaxException: Expected name to be an item, was unknown string 'alternacraft:titanium'
	at net.minecraft.util.GsonHelper.m_13866_(GsonHelper.java:130) ~[server-1.18.2-20220404.173914-srg.jar%23116!/:?]
	at java.util.Optional.orElseThrow(Optional.java:403) ~[?:?]
	at net.minecraft.util.GsonHelper.m_13874_(GsonHelper.java:130) ~[server-1.18.2-20220404.173914-srg.jar%23116!/:?]
	at net.minecraft.util.GsonHelper.m_13909_(GsonHelper.java:138) ~[server-1.18.2-20220404.173914-srg.jar%23116!/:?]
	at net.minecraft.world.level.storage.loot.entries.LootItem$Serializer.m_7267_(LootItem.java:55) ~[server-1.18.2-20220404.173914-srg.jar%23116!/:?]
	at net.minecraft.world.level.storage.loot.entries.LootItem$Serializer.m_7267_(LootItem.java:40) ~[server-1.18.2-20220404.173914-srg.jar%23116!/:?]
	at net.minecraft.world.level.storage.loot.entries.LootPoolSingletonContainer$Serializer.m_5921_(LootPoolSingletonContainer.java:151) ~[server-1.18.2-20220404.173914-srg.jar%23116!/:?]
	at net.minecraft.world.level.storage.loot.entries.LootPoolSingletonContainer$Serializer.m_5921_(LootPoolSingletonContainer.java:129) ~[server-1.18.2-20220404.173914-srg.jar%23116!/:?]
	at net.minecraft.world.level.storage.loot.entries.LootPoolEntryContainer$Serializer.m_7561_(LootPoolEntryContainer.java:86) ~[server-1.18.2-20220404.173914-srg.jar%23116!/:?]
	at net.minecraft.world.level.storage.loot.entries.LootPoolEntryContainer$Serializer.m_7561_(LootPoolEntryContainer.java:74) ~[server-1.18.2-20220404.173914-srg.jar%23116!/:?]
	at net.minecraft.world.level.storage.loot.GsonAdapterFactory$JsonAdapter.deserialize(GsonAdapterFactory.java:102) ~[server-1.18.2-20220404.173914-srg.jar%23116!/:?]
	at com.google.gson.internal.bind.TreeTypeAdapter.read(TreeTypeAdapter.java:69) ~[gson-2.8.9.jar%2338!/:?]
	at com.google.gson.internal.bind.TypeAdapterRuntimeTypeWrapper.read(TypeAdapterRuntimeTypeWrapper.java:41) ~[gson-2.8.9.jar%2338!/:?]
	at com.google.gson.internal.bind.ArrayTypeAdapter.read(ArrayTypeAdapter.java:72) ~[gson-2.8.9.jar%2338!/:?]
	at com.google.gson.Gson.fromJson(Gson.java:963) ~[gson-2.8.9.jar%2338!/:?]
	at com.google.gson.Gson.fromJson(Gson.java:1034) ~[gson-2.8.9.jar%2338!/:?]
	at com.google.gson.internal.bind.TreeTypeAdapter$GsonContextImpl.deserialize(TreeTypeAdapter.java:162) ~[gson-2.8.9.jar%2338!/:?]
	at net.minecraft.util.GsonHelper.m_13808_(GsonHelper.java:448) ~[server-1.18.2-20220404.173914-srg.jar%23116!/:?]
	at net.minecraft.util.GsonHelper.m_13836_(GsonHelper.java:456) ~[server-1.18.2-20220404.173914-srg.jar%23116!/:?]
	at net.minecraft.world.level.storage.loot.entries.CompositeEntryBase$1.m_5921_(CompositeEntryBase.java:61) ~[server-1.18.2-20220404.173914-srg.jar%23116!/:?]
	at net.minecraft.world.level.storage.loot.entries.CompositeEntryBase$1.m_5921_(CompositeEntryBase.java:53) ~[server-1.18.2-20220404.173914-srg.jar%23116!/:?]
	at net.minecraft.world.level.storage.loot.entries.LootPoolEntryContainer$Serializer.m_7561_(LootPoolEntryContainer.java:86) ~[server-1.18.2-20220404.173914-srg.jar%23116!/:?]
	at net.minecraft.world.level.storage.loot.entries.LootPoolEntryContainer$Serializer.m_7561_(LootPoolEntryContainer.java:74) ~[server-1.18.2-20220404.173914-srg.jar%23116!/:?]
	at net.minecraft.world.level.storage.loot.GsonAdapterFactory$JsonAdapter.deserialize(GsonAdapterFactory.java:102) ~[server-1.18.2-20220404.173914-srg.jar%23116!/:?]
	at com.google.gson.internal.bind.TreeTypeAdapter.read(TreeTypeAdapter.java:69) ~[gson-2.8.9.jar%2338!/:?]
	at com.google.gson.internal.bind.TypeAdapterRuntimeTypeWrapper.read(TypeAdapterRuntimeTypeWrapper.java:41) ~[gson-2.8.9.jar%2338!/:?]
	at com.google.gson.internal.bind.ArrayTypeAdapter.read(ArrayTypeAdapter.java:72) ~[gson-2.8.9.jar%2338!/:?]
	at com.google.gson.Gson.fromJson(Gson.java:963) ~[gson-2.8.9.jar%2338!/:?]
	at com.google.gson.Gson.fromJson(Gson.java:1034) ~[gson-2.8.9.jar%2338!/:?]
	at com.google.gson.internal.bind.TreeTypeAdapter$GsonContextImpl.deserialize(TreeTypeAdapter.java:162) ~[gson-2.8.9.jar%2338!/:?]
	at net.minecraft.util.GsonHelper.m_13808_(GsonHelper.java:448) ~[server-1.18.2-20220404.173914-srg.jar%23116!/:?]
	at net.minecraft.util.GsonHelper.m_13836_(GsonHelper.java:456) ~[server-1.18.2-20220404.173914-srg.jar%23116!/:?]
	at net.minecraft.world.level.storage.loot.LootPool$Serializer.deserialize(LootPool.java:190) ~[server-1.18.2-20220404.173914-srg.jar%23116!/:?]
	at net.minecraft.world.level.storage.loot.LootPool$Serializer.deserialize(LootPool.java:187) ~[server-1.18.2-20220404.173914-srg.jar%23116!/:?]
	at com.google.gson.internal.bind.TreeTypeAdapter.read(TreeTypeAdapter.java:69) ~[gson-2.8.9.jar%2338!/:?]
	at com.google.gson.internal.bind.TypeAdapterRuntimeTypeWrapper.read(TypeAdapterRuntimeTypeWrapper.java:41) ~[gson-2.8.9.jar%2338!/:?]
	at com.google.gson.internal.bind.ArrayTypeAdapter.read(ArrayTypeAdapter.java:72) ~[gson-2.8.9.jar%2338!/:?]
	at com.google.gson.Gson.fromJson(Gson.java:963) ~[gson-2.8.9.jar%2338!/:?]
	at com.google.gson.Gson.fromJson(Gson.java:1034) ~[gson-2.8.9.jar%2338!/:?]
	at com.google.gson.internal.bind.TreeTypeAdapter$GsonContextImpl.deserialize(TreeTypeAdapter.java:162) ~[gson-2.8.9.jar%2338!/:?]
	at net.minecraft.util.GsonHelper.m_13808_(GsonHelper.java:448) ~[server-1.18.2-20220404.173914-srg.jar%23116!/:?]
	at net.minecraft.util.GsonHelper.m_13845_(GsonHelper.java:466) ~[server-1.18.2-20220404.173914-srg.jar%23116!/:?]
	at net.minecraft.world.level.storage.loot.LootTable$Serializer.deserialize(LootTable.java:273) ~[server-1.18.2-20220404.173914-srg.jar%23116!/:?]
	at net.minecraft.world.level.storage.loot.LootTable$Serializer.deserialize(LootTable.java:270) ~[server-1.18.2-20220404.173914-srg.jar%23116!/:?]
	at com.google.gson.internal.bind.TreeTypeAdapter.read(TreeTypeAdapter.java:69) ~[gson-2.8.9.jar%2338!/:?]
	at com.google.gson.Gson.fromJson(Gson.java:963) ~[gson-2.8.9.jar%2338!/:?]
	at com.google.gson.Gson.fromJson(Gson.java:1034) ~[gson-2.8.9.jar%2338!/:?]
	at com.google.gson.Gson.fromJson(Gson.java:1006) ~[gson-2.8.9.jar%2338!/:?]
	at net.minecraftforge.common.ForgeHooks.loadLootTable(ForgeHooks.java:888) ~[forge-1.18.2-40.2.21-universal.jar%23121!/:?]
	at net.minecraft.world.level.storage.loot.LootTables.lambda$apply$0(LootTables.java:55) ~[server-1.18.2-20220404.173914-srg.jar%23116!/:?]
	at java.util.HashMap.forEach(HashMap.java:1429) ~[?:?]
	at net.minecraft.world.level.storage.loot.LootTables.m_5787_(LootTables.java:53) ~[server-1.18.2-20220404.173914-srg.jar%23116!/:?]
	at net.minecraft.world.level.storage.loot.LootTables.m_5787_(LootTables.java:18) ~[server-1.18.2-20220404.173914-srg.jar%23116!/:?]
	at net.minecraft.server.packs.resources.SimplePreparableReloadListener.m_10789_(SimplePreparableReloadListener.java:13) ~[server-1.18.2-20220404.173914-srg.jar%23116!/:?]
	at java.util.concurrent.CompletableFuture$UniAccept.tryFire(CompletableFuture.java:718) ~[?:?]
	at java.util.concurrent.CompletableFuture$Completion.run(CompletableFuture.java:482) ~[?:?]
	at net.minecraft.server.packs.resources.SimpleReloadInstance.m_143940_(SimpleReloadInstance.java:69) ~[server-1.18.2-20220404.173914-srg.jar%23116!/:?]
	at net.minecraft.util.thread.BlockableEventLoop.execute(BlockableEventLoop.java:103) ~[server-1.18.2-20220404.173914-srg.jar%23116!/:?]
	at net.minecraft.server.packs.resources.SimpleReloadInstance.m_10834_(SimpleReloadInstance.java:68) ~[server-1.18.2-20220404.173914-srg.jar%23116!/:?]
	at java.util.concurrent.CompletableFuture$UniCompletion.claim(CompletableFuture.java:572) ~[?:?]
	at java.util.concurrent.CompletableFuture$UniAccept.tryFire(CompletableFuture.java:714) ~[?:?]
	at java.util.concurrent.CompletableFuture.postComplete(CompletableFuture.java:510) ~[?:?]
	at java.util.concurrent.CompletableFuture.postFire(CompletableFuture.java:614) ~[?:?]
	at java.util.concurrent.CompletableFuture$UniAccept.tryFire(CompletableFuture.java:726) ~[?:?]
	at java.util.concurrent.CompletableFuture$Completion.run(CompletableFuture.java:482) ~[?:?]
	at net.minecraft.server.packs.resources.SimpleReloadInstance.m_143940_(SimpleReloadInstance.java:69) ~[server-1.18.2-20220404.173914-srg.jar%23116!/:?]
	at net.minecraft.util.thread.BlockableEventLoop.execute(BlockableEventLoop.java:103) ~[server-1.18.2-20220404.173914-srg.jar%23116!/:?]
	at net.minecraft.server.packs.resources.SimpleReloadInstance.m_10834_(SimpleReloadInstance.java:68) ~[server-1.18.2-20220404.173914-srg.jar%23116!/:?]
	at java.util.concurrent.CompletableFuture$UniCompletion.claim(CompletableFuture.java:572) ~[?:?]
	at java.util.concurrent.CompletableFuture$UniAccept.tryFire(CompletableFuture.java:714) ~[?:?]
	at java.util.concurrent.CompletableFuture.postComplete(CompletableFuture.java:510) ~[?:?]
	at java.util.concurrent.CompletableFuture.postFire(CompletableFuture.java:614) ~[?:?]
	at java.util.concurrent.CompletableFuture$UniAccept.tryFire(CompletableFuture.java:726) ~[?:?]
	at java.util.concurrent.CompletableFuture$Completion.run(CompletableFuture.java:482) ~[?:?]
	at net.minecraft.server.packs.resources.SimpleReloadInstance.m_143940_(SimpleReloadInstance.java:69) ~[server-1.18.2-20220404.173914-srg.jar%23116!/:?]
	at net.minecraft.util.thread.BlockableEventLoop.execute(BlockableEventLoop.java:103) ~[server-1.18.2-20220404.173914-srg.jar%23116!/:?]
	at net.minecraft.server.packs.resources.SimpleReloadInstance.m_10834_(SimpleReloadInstance.java:68) ~[server-1.18.2-20220404.173914-srg.jar%23116!/:?]
	at java.util.concurrent.CompletableFuture$UniCompletion.claim(CompletableFuture.java:572) ~[?:?]
	at java.util.concurrent.CompletableFuture$UniAccept.tryFire(CompletableFuture.java:714) ~[?:?]
	at java.util.concurrent.CompletableFuture.postComplete(CompletableFuture.java:510) ~[?:?]
	at java.util.concurrent.CompletableFuture.postFire(CompletableFuture.java:614) ~[?:?]
	at java.util.concurrent.CompletableFuture$UniAccept.tryFire(CompletableFuture.java:726) ~[?:?]
	at java.util.concurrent.CompletableFuture$Completion.run(CompletableFuture.java:482) ~[?:?]
	at net.minecraft.server.packs.resources.SimpleReloadInstance.m_143940_(SimpleReloadInstance.java:69) ~[server-1.18.2-20220404.173914-srg.jar%23116!/:?]
	at net.minecraft.util.thread.BlockableEventLoop.execute(BlockableEventLoop.java:103) ~[server-1.18.2-20220404.173914-srg.jar%23116!/:?]
	at net.minecraft.server.packs.resources.SimpleReloadInstance.m_10834_(SimpleReloadInstance.java:68) ~[server-1.18.2-20220404.173914-srg.jar%23116!/:?]
	at java.util.concurrent.CompletableFuture$UniCompletion.claim(CompletableFuture.java:572) ~[?:?]
	at java.util.concurrent.CompletableFuture$UniAccept.tryFire(CompletableFuture.java:714) ~[?:?]
	at java.util.concurrent.CompletableFuture.postComplete(CompletableFuture.java:510) ~[?:?]
	at java.util.concurrent.CompletableFuture.complete(CompletableFuture.java:2179) ~[?:?]
	at net.minecraft.server.packs.resources.SimpleReloadInstance$1.m_10855_(SimpleReloadInstance.java:51) ~[server-1.18.2-20220404.173914-srg.jar%23116!/:?]
	at net.minecraft.util.thread.BlockableEventLoop.execute(BlockableEventLoop.java:103) ~[server-1.18.2-20220404.173914-srg.jar%23116!/:?]
	at net.minecraft.server.packs.resources.SimpleReloadInstance$1.m_6769_(SimpleReloadInstance.java:48) ~[server-1.18.2-20220404.173914-srg.jar%23116!/:?]
	at java.util.concurrent.CompletableFuture$UniCompose.tryFire(CompletableFuture.java:1150) [?:?]
	at java.util.concurrent.CompletableFuture.postComplete(CompletableFuture.java:510) [?:?]
	at java.util.concurrent.CompletableFuture$AsyncSupply.run(CompletableFuture.java:1773) [?:?]
	at java.util.concurrent.CompletableFuture$AsyncSupply.exec(CompletableFuture.java:1760) [?:?]
	at java.util.concurrent.ForkJoinTask.doExec(ForkJoinTask.java:387) [?:?]
	at java.util.concurrent.ForkJoinPool$WorkQueue.topLevelExec(ForkJoinPool.java:1312) [?:?]
	at java.util.concurrent.ForkJoinPool.scan(ForkJoinPool.java:1843) [?:?]
	at java.util.concurrent.ForkJoinPool.runWorker(ForkJoinPool.java:1808) [?:?]
	at java.util.concurrent.ForkJoinWorkerThread.run(ForkJoinWorkerThread.java:188) [?:?]
2025-03-09 02:31:16,692 [1;31mERROR[m [m[Worker-Main-14][m [mn.m.w.l.s.l.LootTables.lambda$apply$0(58)[m: Couldn't parse loot table alternacraft:blocks/titanium_ore
com.google.gson.JsonSyntaxException: Expected name to be an item, was unknown string 'alternacraft:titanium'
	at net.minecraft.util.GsonHelper.m_13866_(GsonHelper.java:130) ~[server-1.18.2-20220404.173914-srg.jar%23116!/:?]
	at java.util.Optional.orElseThrow(Optional.java:403) ~[?:?]
	at net.minecraft.util.GsonHelper.m_13874_(GsonHelper.java:130) ~[server-1.18.2-20220404.173914-srg.jar%23116!/:?]
	at net.minecraft.util.GsonHelper.m_13909_(GsonHelper.java:138) ~[server-1.18.2-20220404.173914-srg.jar%23116!/:?]
	at net.minecraft.world.level.storage.loot.entries.LootItem$Serializer.m_7267_(LootItem.java:55) ~[server-1.18.2-20220404.173914-srg.jar%23116!/:?]
	at net.minecraft.world.level.storage.loot.entries.LootItem$Serializer.m_7267_(LootItem.java:40) ~[server-1.18.2-20220404.173914-srg.jar%23116!/:?]
	at net.minecraft.world.level.storage.loot.entries.LootPoolSingletonContainer$Serializer.m_5921_(LootPoolSingletonContainer.java:151) ~[server-1.18.2-20220404.173914-srg.jar%23116!/:?]
	at net.minecraft.world.level.storage.loot.entries.LootPoolSingletonContainer$Serializer.m_5921_(LootPoolSingletonContainer.java:129) ~[server-1.18.2-20220404.173914-srg.jar%23116!/:?]
	at net.minecraft.world.level.storage.loot.entries.LootPoolEntryContainer$Serializer.m_7561_(LootPoolEntryContainer.java:86) ~[server-1.18.2-20220404.173914-srg.jar%23116!/:?]
	at net.minecraft.world.level.storage.loot.entries.LootPoolEntryContainer$Serializer.m_7561_(LootPoolEntryContainer.java:74) ~[server-1.18.2-20220404.173914-srg.jar%23116!/:?]
	at net.minecraft.world.level.storage.loot.GsonAdapterFactory$JsonAdapter.deserialize(GsonAdapterFactory.java:102) ~[server-1.18.2-20220404.173914-srg.jar%23116!/:?]
	at com.google.gson.internal.bind.TreeTypeAdapter.read(TreeTypeAdapter.java:69) ~[gson-2.8.9.jar%2338!/:?]
	at com.google.gson.internal.bind.TypeAdapterRuntimeTypeWrapper.read(TypeAdapterRuntimeTypeWrapper.java:41) ~[gson-2.8.9.jar%2338!/:?]
	at com.google.gson.internal.bind.ArrayTypeAdapter.read(ArrayTypeAdapter.java:72) ~[gson-2.8.9.jar%2338!/:?]
	at com.google.gson.Gson.fromJson(Gson.java:963) ~[gson-2.8.9.jar%2338!/:?]
	at com.google.gson.Gson.fromJson(Gson.java:1034) ~[gson-2.8.9.jar%2338!/:?]
	at com.google.gson.internal.bind.TreeTypeAdapter$GsonContextImpl.deserialize(TreeTypeAdapter.java:162) ~[gson-2.8.9.jar%2338!/:?]
	at net.minecraft.util.GsonHelper.m_13808_(GsonHelper.java:448) ~[server-1.18.2-20220404.173914-srg.jar%23116!/:?]
	at net.minecraft.util.GsonHelper.m_13836_(GsonHelper.java:456) ~[server-1.18.2-20220404.173914-srg.jar%23116!/:?]
	at net.minecraft.world.level.storage.loot.entries.CompositeEntryBase$1.m_5921_(CompositeEntryBase.java:61) ~[server-1.18.2-20220404.173914-srg.jar%23116!/:?]
	at net.minecraft.world.level.storage.loot.entries.CompositeEntryBase$1.m_5921_(CompositeEntryBase.java:53) ~[server-1.18.2-20220404.173914-srg.jar%23116!/:?]
	at net.minecraft.world.level.storage.loot.entries.LootPoolEntryContainer$Serializer.m_7561_(LootPoolEntryContainer.java:86) ~[server-1.18.2-20220404.173914-srg.jar%23116!/:?]
	at net.minecraft.world.level.storage.loot.entries.LootPoolEntryContainer$Serializer.m_7561_(LootPoolEntryContainer.java:74) ~[server-1.18.2-20220404.173914-srg.jar%23116!/:?]
	at net.minecraft.world.level.storage.loot.GsonAdapterFactory$JsonAdapter.deserialize(GsonAdapterFactory.java:102) ~[server-1.18.2-20220404.173914-srg.jar%23116!/:?]
	at com.google.gson.internal.bind.TreeTypeAdapter.read(TreeTypeAdapter.java:69) ~[gson-2.8.9.jar%2338!/:?]
	at com.google.gson.internal.bind.TypeAdapterRuntimeTypeWrapper.read(TypeAdapterRuntimeTypeWrapper.java:41) ~[gson-2.8.9.jar%2338!/:?]
	at com.google.gson.internal.bind.ArrayTypeAdapter.read(ArrayTypeAdapter.java:72) ~[gson-2.8.9.jar%2338!/:?]
	at com.google.gson.Gson.fromJson(Gson.java:963) ~[gson-2.8.9.jar%2338!/:?]
	at com.google.gson.Gson.fromJson(Gson.java:1034) ~[gson-2.8.9.jar%2338!/:?]
	at com.google.gson.internal.bind.TreeTypeAdapter$GsonContextImpl.deserialize(TreeTypeAdapter.java:162) ~[gson-2.8.9.jar%2338!/:?]
	at net.minecraft.util.GsonHelper.m_13808_(GsonHelper.java:448) ~[server-1.18.2-20220404.173914-srg.jar%23116!/:?]
	at net.minecraft.util.GsonHelper.m_13836_(GsonHelper.java:456) ~[server-1.18.2-20220404.173914-srg.jar%23116!/:?]
	at net.minecraft.world.level.storage.loot.LootPool$Serializer.deserialize(LootPool.java:190) ~[server-1.18.2-20220404.173914-srg.jar%23116!/:?]
	at net.minecraft.world.level.storage.loot.LootPool$Serializer.deserialize(LootPool.java:187) ~[server-1.18.2-20220404.173914-srg.jar%23116!/:?]
	at com.google.gson.internal.bind.TreeTypeAdapter.read(TreeTypeAdapter.java:69) ~[gson-2.8.9.jar%2338!/:?]
	at com.google.gson.internal.bind.TypeAdapterRuntimeTypeWrapper.read(TypeAdapterRuntimeTypeWrapper.java:41) ~[gson-2.8.9.jar%2338!/:?]
	at com.google.gson.internal.bind.ArrayTypeAdapter.read(ArrayTypeAdapter.java:72) ~[gson-2.8.9.jar%2338!/:?]
	at com.google.gson.Gson.fromJson(Gson.java:963) ~[gson-2.8.9.jar%2338!/:?]
	at com.google.gson.Gson.fromJson(Gson.java:1034) ~[gson-2.8.9.jar%2338!/:?]
	at com.google.gson.internal.bind.TreeTypeAdapter$GsonContextImpl.deserialize(TreeTypeAdapter.java:162) ~[gson-2.8.9.jar%2338!/:?]
	at net.minecraft.util.GsonHelper.m_13808_(GsonHelper.java:448) ~[server-1.18.2-20220404.173914-srg.jar%23116!/:?]
	at net.minecraft.util.GsonHelper.m_13845_(GsonHelper.java:466) ~[server-1.18.2-20220404.173914-srg.jar%23116!/:?]
	at net.minecraft.world.level.storage.loot.LootTable$Serializer.deserialize(LootTable.java:273) ~[server-1.18.2-20220404.173914-srg.jar%23116!/:?]
	at net.minecraft.world.level.storage.loot.LootTable$Serializer.deserialize(LootTable.java:270) ~[server-1.18.2-20220404.173914-srg.jar%23116!/:?]
	at com.google.gson.internal.bind.TreeTypeAdapter.read(TreeTypeAdapter.java:69) ~[gson-2.8.9.jar%2338!/:?]
	at com.google.gson.Gson.fromJson(Gson.java:963) ~[gson-2.8.9.jar%2338!/:?]
	at com.google.gson.Gson.fromJson(Gson.java:1034) ~[gson-2.8.9.jar%2338!/:?]
	at com.google.gson.Gson.fromJson(Gson.java:1006) ~[gson-2.8.9.jar%2338!/:?]
	at net.minecraftforge.common.ForgeHooks.loadLootTable(ForgeHooks.java:888) ~[forge-1.18.2-40.2.21-universal.jar%23121!/:?]
	at net.minecraft.world.level.storage.loot.LootTables.lambda$apply$0(LootTables.java:55) ~[server-1.18.2-20220404.173914-srg.jar%23116!/:?]
	at java.util.HashMap.forEach(HashMap.java:1429) ~[?:?]
	at net.minecraft.world.level.storage.loot.LootTables.m_5787_(LootTables.java:53) ~[server-1.18.2-20220404.173914-srg.jar%23116!/:?]
	at net.minecraft.world.level.storage.loot.LootTables.m_5787_(LootTables.java:18) ~[server-1.18.2-20220404.173914-srg.jar%23116!/:?]
	at net.minecraft.server.packs.resources.SimplePreparableReloadListener.m_10789_(SimplePreparableReloadListener.java:13) ~[server-1.18.2-20220404.173914-srg.jar%23116!/:?]
	at java.util.concurrent.CompletableFuture$UniAccept.tryFire(CompletableFuture.java:718) ~[?:?]
	at java.util.concurrent.CompletableFuture$Completion.run(CompletableFuture.java:482) ~[?:?]
	at net.minecraft.server.packs.resources.SimpleReloadInstance.m_143940_(SimpleReloadInstance.java:69) ~[server-1.18.2-20220404.173914-srg.jar%23116!/:?]
	at net.minecraft.util.thread.BlockableEventLoop.execute(BlockableEventLoop.java:103) ~[server-1.18.2-20220404.173914-srg.jar%23116!/:?]
	at net.minecraft.server.packs.resources.SimpleReloadInstance.m_10834_(SimpleReloadInstance.java:68) ~[server-1.18.2-20220404.173914-srg.jar%23116!/:?]
	at java.util.concurrent.CompletableFuture$UniCompletion.claim(CompletableFuture.java:572) ~[?:?]
	at java.util.concurrent.CompletableFuture$UniAccept.tryFire(CompletableFuture.java:714) ~[?:?]
	at java.util.concurrent.CompletableFuture.postComplete(CompletableFuture.java:510) ~[?:?]
	at java.util.concurrent.CompletableFuture.postFire(CompletableFuture.java:614) ~[?:?]
	at java.util.concurrent.CompletableFuture$UniAccept.tryFire(CompletableFuture.java:726) ~[?:?]
	at java.util.concurrent.CompletableFuture$Completion.run(CompletableFuture.java:482) ~[?:?]
	at net.minecraft.server.packs.resources.SimpleReloadInstance.m_143940_(SimpleReloadInstance.java:69) ~[server-1.18.2-20220404.173914-srg.jar%23116!/:?]
	at net.minecraft.util.thread.BlockableEventLoop.execute(BlockableEventLoop.java:103) ~[server-1.18.2-20220404.173914-srg.jar%23116!/:?]
	at net.minecraft.server.packs.resources.SimpleReloadInstance.m_10834_(SimpleReloadInstance.java:68) ~[server-1.18.2-20220404.173914-srg.jar%23116!/:?]
	at java.util.concurrent.CompletableFuture$UniCompletion.claim(CompletableFuture.java:572) ~[?:?]
	at java.util.concurrent.CompletableFuture$UniAccept.tryFire(CompletableFuture.java:714) ~[?:?]
	at java.util.concurrent.CompletableFuture.postComplete(CompletableFuture.java:510) ~[?:?]
	at java.util.concurrent.CompletableFuture.postFire(CompletableFuture.java:614) ~[?:?]
	at java.util.concurrent.CompletableFuture$UniAccept.tryFire(CompletableFuture.java:726) ~[?:?]
	at java.util.concurrent.CompletableFuture$Completion.run(CompletableFuture.java:482) ~[?:?]
	at net.minecraft.server.packs.resources.SimpleReloadInstance.m_143940_(SimpleReloadInstance.java:69) ~[server-1.18.2-20220404.173914-srg.jar%23116!/:?]
	at net.minecraft.util.thread.BlockableEventLoop.execute(BlockableEventLoop.java:103) ~[server-1.18.2-20220404.173914-srg.jar%23116!/:?]
	at net.minecraft.server.packs.resources.SimpleReloadInstance.m_10834_(SimpleReloadInstance.java:68) ~[server-1.18.2-20220404.173914-srg.jar%23116!/:?]
	at java.util.concurrent.CompletableFuture$UniCompletion.claim(CompletableFuture.java:572) ~[?:?]
	at java.util.concurrent.CompletableFuture$UniAccept.tryFire(CompletableFuture.java:714) ~[?:?]
	at java.util.concurrent.CompletableFuture.postComplete(CompletableFuture.java:510) ~[?:?]
	at java.util.concurrent.CompletableFuture.postFire(CompletableFuture.java:614) ~[?:?]
	at java.util.concurrent.CompletableFuture$UniAccept.tryFire(CompletableFuture.java:726) ~[?:?]
	at java.util.concurrent.CompletableFuture$Completion.run(CompletableFuture.java:482) ~[?:?]
	at net.minecraft.server.packs.resources.SimpleReloadInstance.m_143940_(SimpleReloadInstance.java:69) ~[server-1.18.2-20220404.173914-srg.jar%23116!/:?]
	at net.minecraft.util.thread.BlockableEventLoop.execute(BlockableEventLoop.java:103) ~[server-1.18.2-20220404.173914-srg.jar%23116!/:?]
	at net.minecraft.server.packs.resources.SimpleReloadInstance.m_10834_(SimpleReloadInstance.java:68) ~[server-1.18.2-20220404.173914-srg.jar%23116!/:?]
	at java.util.concurrent.CompletableFuture$UniCompletion.claim(CompletableFuture.java:572) ~[?:?]
	at java.util.concurrent.CompletableFuture$UniAccept.tryFire(CompletableFuture.java:714) ~[?:?]
	at java.util.concurrent.CompletableFuture.postComplete(CompletableFuture.java:510) ~[?:?]
	at java.util.concurrent.CompletableFuture.complete(CompletableFuture.java:2179) ~[?:?]
	at net.minecraft.server.packs.resources.SimpleReloadInstance$1.m_10855_(SimpleReloadInstance.java:51) ~[server-1.18.2-20220404.173914-srg.jar%23116!/:?]
	at net.minecraft.util.thread.BlockableEventLoop.execute(BlockableEventLoop.java:103) ~[server-1.18.2-20220404.173914-srg.jar%23116!/:?]
	at net.minecraft.server.packs.resources.SimpleReloadInstance$1.m_6769_(SimpleReloadInstance.java:48) ~[server-1.18.2-20220404.173914-srg.jar%23116!/:?]
	at java.util.concurrent.CompletableFuture$UniCompose.tryFire(CompletableFuture.java:1150) [?:?]
	at java.util.concurrent.CompletableFuture.postComplete(CompletableFuture.java:510) [?:?]
	at java.util.concurrent.CompletableFuture$AsyncSupply.run(CompletableFuture.java:1773) [?:?]
	at java.util.concurrent.CompletableFuture$AsyncSupply.exec(CompletableFuture.java:1760) [?:?]
	at java.util.concurrent.ForkJoinTask.doExec(ForkJoinTask.java:387) [?:?]
	at java.util.concurrent.ForkJoinPool$WorkQueue.topLevelExec(ForkJoinPool.java:1312) [?:?]
	at java.util.concurrent.ForkJoinPool.scan(ForkJoinPool.java:1843) [?:?]
	at java.util.concurrent.ForkJoinPool.runWorker(ForkJoinPool.java:1808) [?:?]
	at java.util.concurrent.ForkJoinWorkerThread.run(ForkJoinWorkerThread.java:188) [?:?]
2025-03-09 02:31:16,707 [1;31mERROR[m [m[Worker-Main-14][m [mn.m.w.l.s.l.LootTables.lambda$apply$0(58)[m: Couldn't parse loot table alternacraft:blocks/shale_titanium_ore
com.google.gson.JsonSyntaxException: Expected name to be an item, was unknown string 'alternacraft:titanium'
	at net.minecraft.util.GsonHelper.m_13866_(GsonHelper.java:130) ~[server-1.18.2-20220404.173914-srg.jar%23116!/:?]
	at java.util.Optional.orElseThrow(Optional.java:403) ~[?:?]
	at net.minecraft.util.GsonHelper.m_13874_(GsonHelper.java:130) ~[server-1.18.2-20220404.173914-srg.jar%23116!/:?]
	at net.minecraft.util.GsonHelper.m_13909_(GsonHelper.java:138) ~[server-1.18.2-20220404.173914-srg.jar%23116!/:?]
	at net.minecraft.world.level.storage.loot.entries.LootItem$Serializer.m_7267_(LootItem.java:55) ~[server-1.18.2-20220404.173914-srg.jar%23116!/:?]
	at net.minecraft.world.level.storage.loot.entries.LootItem$Serializer.m_7267_(LootItem.java:40) ~[server-1.18.2-20220404.173914-srg.jar%23116!/:?]
	at net.minecraft.world.level.storage.loot.entries.LootPoolSingletonContainer$Serializer.m_5921_(LootPoolSingletonContainer.java:151) ~[server-1.18.2-20220404.173914-srg.jar%23116!/:?]
	at net.minecraft.world.level.storage.loot.entries.LootPoolSingletonContainer$Serializer.m_5921_(LootPoolSingletonContainer.java:129) ~[server-1.18.2-20220404.173914-srg.jar%23116!/:?]
	at net.minecraft.world.level.storage.loot.entries.LootPoolEntryContainer$Serializer.m_7561_(LootPoolEntryContainer.java:86) ~[server-1.18.2-20220404.173914-srg.jar%23116!/:?]
	at net.minecraft.world.level.storage.loot.entries.LootPoolEntryContainer$Serializer.m_7561_(LootPoolEntryContainer.java:74) ~[server-1.18.2-20220404.173914-srg.jar%23116!/:?]
	at net.minecraft.world.level.storage.loot.GsonAdapterFactory$JsonAdapter.deserialize(GsonAdapterFactory.java:102) ~[server-1.18.2-20220404.173914-srg.jar%23116!/:?]
	at com.google.gson.internal.bind.TreeTypeAdapter.read(TreeTypeAdapter.java:69) ~[gson-2.8.9.jar%2338!/:?]
	at com.google.gson.internal.bind.TypeAdapterRuntimeTypeWrapper.read(TypeAdapterRuntimeTypeWrapper.java:41) ~[gson-2.8.9.jar%2338!/:?]
	at com.google.gson.internal.bind.ArrayTypeAdapter.read(ArrayTypeAdapter.java:72) ~[gson-2.8.9.jar%2338!/:?]
	at com.google.gson.Gson.fromJson(Gson.java:963) ~[gson-2.8.9.jar%2338!/:?]
	at com.google.gson.Gson.fromJson(Gson.java:1034) ~[gson-2.8.9.jar%2338!/:?]
	at com.google.gson.internal.bind.TreeTypeAdapter$GsonContextImpl.deserialize(TreeTypeAdapter.java:162) ~[gson-2.8.9.jar%2338!/:?]
	at net.minecraft.util.GsonHelper.m_13808_(GsonHelper.java:448) ~[server-1.18.2-20220404.173914-srg.jar%23116!/:?]
	at net.minecraft.util.GsonHelper.m_13836_(GsonHelper.java:456) ~[server-1.18.2-20220404.173914-srg.jar%23116!/:?]
	at net.minecraft.world.level.storage.loot.entries.CompositeEntryBase$1.m_5921_(CompositeEntryBase.java:61) ~[server-1.18.2-20220404.173914-srg.jar%23116!/:?]
	at net.minecraft.world.level.storage.loot.entries.CompositeEntryBase$1.m_5921_(CompositeEntryBase.java:53) ~[server-1.18.2-20220404.173914-srg.jar%23116!/:?]
	at net.minecraft.world.level.storage.loot.entries.LootPoolEntryContainer$Serializer.m_7561_(LootPoolEntryContainer.java:86) ~[server-1.18.2-20220404.173914-srg.jar%23116!/:?]
	at net.minecraft.world.level.storage.loot.entries.LootPoolEntryContainer$Serializer.m_7561_(LootPoolEntryContainer.java:74) ~[server-1.18.2-20220404.173914-srg.jar%23116!/:?]
	at net.minecraft.world.level.storage.loot.GsonAdapterFactory$JsonAdapter.deserialize(GsonAdapterFactory.java:102) ~[server-1.18.2-20220404.173914-srg.jar%23116!/:?]
	at com.google.gson.internal.bind.TreeTypeAdapter.read(TreeTypeAdapter.java:69) ~[gson-2.8.9.jar%2338!/:?]
	at com.google.gson.internal.bind.TypeAdapterRuntimeTypeWrapper.read(TypeAdapterRuntimeTypeWrapper.java:41) ~[gson-2.8.9.jar%2338!/:?]
	at com.google.gson.internal.bind.ArrayTypeAdapter.read(ArrayTypeAdapter.java:72) ~[gson-2.8.9.jar%2338!/:?]
	at com.google.gson.Gson.fromJson(Gson.java:963) ~[gson-2.8.9.jar%2338!/:?]
	at com.google.gson.Gson.fromJson(Gson.java:1034) ~[gson-2.8.9.jar%2338!/:?]
	at com.google.gson.internal.bind.TreeTypeAdapter$GsonContextImpl.deserialize(TreeTypeAdapter.java:162) ~[gson-2.8.9.jar%2338!/:?]
	at net.minecraft.util.GsonHelper.m_13808_(GsonHelper.java:448) ~[server-1.18.2-20220404.173914-srg.jar%23116!/:?]
	at net.minecraft.util.GsonHelper.m_13836_(GsonHelper.java:456) ~[server-1.18.2-20220404.173914-srg.jar%23116!/:?]
	at net.minecraft.world.level.storage.loot.LootPool$Serializer.deserialize(LootPool.java:190) ~[server-1.18.2-20220404.173914-srg.jar%23116!/:?]
	at net.minecraft.world.level.storage.loot.LootPool$Serializer.deserialize(LootPool.java:187) ~[server-1.18.2-20220404.173914-srg.jar%23116!/:?]
	at com.google.gson.internal.bind.TreeTypeAdapter.read(TreeTypeAdapter.java:69) ~[gson-2.8.9.jar%2338!/:?]
	at com.google.gson.internal.bind.TypeAdapterRuntimeTypeWrapper.read(TypeAdapterRuntimeTypeWrapper.java:41) ~[gson-2.8.9.jar%2338!/:?]
	at com.google.gson.internal.bind.ArrayTypeAdapter.read(ArrayTypeAdapter.java:72) ~[gson-2.8.9.jar%2338!/:?]
	at com.google.gson.Gson.fromJson(Gson.java:963) ~[gson-2.8.9.jar%2338!/:?]
	at com.google.gson.Gson.fromJson(Gson.java:1034) ~[gson-2.8.9.jar%2338!/:?]
	at com.google.gson.internal.bind.TreeTypeAdapter$GsonContextImpl.deserialize(TreeTypeAdapter.java:162) ~[gson-2.8.9.jar%2338!/:?]
	at net.minecraft.util.GsonHelper.m_13808_(GsonHelper.java:448) ~[server-1.18.2-20220404.173914-srg.jar%23116!/:?]
	at net.minecraft.util.GsonHelper.m_13845_(GsonHelper.java:466) ~[server-1.18.2-20220404.173914-srg.jar%23116!/:?]
	at net.minecraft.world.level.storage.loot.LootTable$Serializer.deserialize(LootTable.java:273) ~[server-1.18.2-20220404.173914-srg.jar%23116!/:?]
	at net.minecraft.world.level.storage.loot.LootTable$Serializer.deserialize(LootTable.java:270) ~[server-1.18.2-20220404.173914-srg.jar%23116!/:?]
	at com.google.gson.internal.bind.TreeTypeAdapter.read(TreeTypeAdapter.java:69) ~[gson-2.8.9.jar%2338!/:?]
	at com.google.gson.Gson.fromJson(Gson.java:963) ~[gson-2.8.9.jar%2338!/:?]
	at com.google.gson.Gson.fromJson(Gson.java:1034) ~[gson-2.8.9.jar%2338!/:?]
	at com.google.gson.Gson.fromJson(Gson.java:1006) ~[gson-2.8.9.jar%2338!/:?]
	at net.minecraftforge.common.ForgeHooks.loadLootTable(ForgeHooks.java:888) ~[forge-1.18.2-40.2.21-universal.jar%23121!/:?]
	at net.minecraft.world.level.storage.loot.LootTables.lambda$apply$0(LootTables.java:55) ~[server-1.18.2-20220404.173914-srg.jar%23116!/:?]
	at java.util.HashMap.forEach(HashMap.java:1429) ~[?:?]
	at net.minecraft.world.level.storage.loot.LootTables.m_5787_(LootTables.java:53) ~[server-1.18.2-20220404.173914-srg.jar%23116!/:?]
	at net.minecraft.world.level.storage.loot.LootTables.m_5787_(LootTables.java:18) ~[server-1.18.2-20220404.173914-srg.jar%23116!/:?]
	at net.minecraft.server.packs.resources.SimplePreparableReloadListener.m_10789_(SimplePreparableReloadListener.java:13) ~[server-1.18.2-20220404.173914-srg.jar%23116!/:?]
	at java.util.concurrent.CompletableFuture$UniAccept.tryFire(CompletableFuture.java:718) ~[?:?]
	at java.util.concurrent.CompletableFuture$Completion.run(CompletableFuture.java:482) ~[?:?]
	at net.minecraft.server.packs.resources.SimpleReloadInstance.m_143940_(SimpleReloadInstance.java:69) ~[server-1.18.2-20220404.173914-srg.jar%23116!/:?]
	at net.minecraft.util.thread.BlockableEventLoop.execute(BlockableEventLoop.java:103) ~[server-1.18.2-20220404.173914-srg.jar%23116!/:?]
	at net.minecraft.server.packs.resources.SimpleReloadInstance.m_10834_(SimpleReloadInstance.java:68) ~[server-1.18.2-20220404.173914-srg.jar%23116!/:?]
	at java.util.concurrent.CompletableFuture$UniCompletion.claim(CompletableFuture.java:572) ~[?:?]
	at java.util.concurrent.CompletableFuture$UniAccept.tryFire(CompletableFuture.java:714) ~[?:?]
	at java.util.concurrent.CompletableFuture.postComplete(CompletableFuture.java:510) ~[?:?]
	at java.util.concurrent.CompletableFuture.postFire(CompletableFuture.java:614) ~[?:?]
	at java.util.concurrent.CompletableFuture$UniAccept.tryFire(CompletableFuture.java:726) ~[?:?]
	at java.util.concurrent.CompletableFuture$Completion.run(CompletableFuture.java:482) ~[?:?]
	at net.minecraft.server.packs.resources.SimpleReloadInstance.m_143940_(SimpleReloadInstance.java:69) ~[server-1.18.2-20220404.173914-srg.jar%23116!/:?]
	at net.minecraft.util.thread.BlockableEventLoop.execute(BlockableEventLoop.java:103) ~[server-1.18.2-20220404.173914-srg.jar%23116!/:?]
	at net.minecraft.server.packs.resources.SimpleReloadInstance.m_10834_(SimpleReloadInstance.java:68) ~[server-1.18.2-20220404.173914-srg.jar%23116!/:?]
	at java.util.concurrent.CompletableFuture$UniCompletion.claim(CompletableFuture.java:572) ~[?:?]
	at java.util.concurrent.CompletableFuture$UniAccept.tryFire(CompletableFuture.java:714) ~[?:?]
	at java.util.concurrent.CompletableFuture.postComplete(CompletableFuture.java:510) ~[?:?]
	at java.util.concurrent.CompletableFuture.postFire(CompletableFuture.java:614) ~[?:?]
	at java.util.concurrent.CompletableFuture$UniAccept.tryFire(CompletableFuture.java:726) ~[?:?]
	at java.util.concurrent.CompletableFuture$Completion.run(CompletableFuture.java:482) ~[?:?]
	at net.minecraft.server.packs.resources.SimpleReloadInstance.m_143940_(SimpleReloadInstance.java:69) ~[server-1.18.2-20220404.173914-srg.jar%23116!/:?]
	at net.minecraft.util.thread.BlockableEventLoop.execute(BlockableEventLoop.java:103) ~[server-1.18.2-20220404.173914-srg.jar%23116!/:?]
	at net.minecraft.server.packs.resources.SimpleReloadInstance.m_10834_(SimpleReloadInstance.java:68) ~[server-1.18.2-20220404.173914-srg.jar%23116!/:?]
	at java.util.concurrent.CompletableFuture$UniCompletion.claim(CompletableFuture.java:572) ~[?:?]
	at java.util.concurrent.CompletableFuture$UniAccept.tryFire(CompletableFuture.java:714) ~[?:?]
	at java.util.concurrent.CompletableFuture.postComplete(CompletableFuture.java:510) ~[?:?]
	at java.util.concurrent.CompletableFuture.postFire(CompletableFuture.java:614) ~[?:?]
	at java.util.concurrent.CompletableFuture$UniAccept.tryFire(CompletableFuture.java:726) ~[?:?]
	at java.util.concurrent.CompletableFuture$Completion.run(CompletableFuture.java:482) ~[?:?]
	at net.minecraft.server.packs.resources.SimpleReloadInstance.m_143940_(SimpleReloadInstance.java:69) ~[server-1.18.2-20220404.173914-srg.jar%23116!/:?]
	at net.minecraft.util.thread.BlockableEventLoop.execute(BlockableEventLoop.java:103) ~[server-1.18.2-20220404.173914-srg.jar%23116!/:?]
	at net.minecraft.server.packs.resources.SimpleReloadInstance.m_10834_(SimpleReloadInstance.java:68) ~[server-1.18.2-20220404.173914-srg.jar%23116!/:?]
	at java.util.concurrent.CompletableFuture$UniCompletion.claim(CompletableFuture.java:572) ~[?:?]
	at java.util.concurrent.CompletableFuture$UniAccept.tryFire(CompletableFuture.java:714) ~[?:?]
	at java.util.concurrent.CompletableFuture.postComplete(CompletableFuture.java:510) ~[?:?]
	at java.util.concurrent.CompletableFuture.complete(CompletableFuture.java:2179) ~[?:?]
	at net.minecraft.server.packs.resources.SimpleReloadInstance$1.m_10855_(SimpleReloadInstance.java:51) ~[server-1.18.2-20220404.173914-srg.jar%23116!/:?]
	at net.minecraft.util.thread.BlockableEventLoop.execute(BlockableEventLoop.java:103) ~[server-1.18.2-20220404.173914-srg.jar%23116!/:?]
	at net.minecraft.server.packs.resources.SimpleReloadInstance$1.m_6769_(SimpleReloadInstance.java:48) ~[server-1.18.2-20220404.173914-srg.jar%23116!/:?]
	at java.util.concurrent.CompletableFuture$UniCompose.tryFire(CompletableFuture.java:1150) [?:?]
	at java.util.concurrent.CompletableFuture.postComplete(CompletableFuture.java:510) [?:?]
	at java.util.concurrent.CompletableFuture$AsyncSupply.run(CompletableFuture.java:1773) [?:?]
	at java.util.concurrent.CompletableFuture$AsyncSupply.exec(CompletableFuture.java:1760) [?:?]
	at java.util.concurrent.ForkJoinTask.doExec(ForkJoinTask.java:387) [?:?]
	at java.util.concurrent.ForkJoinPool$WorkQueue.topLevelExec(ForkJoinPool.java:1312) [?:?]
	at java.util.concurrent.ForkJoinPool.scan(ForkJoinPool.java:1843) [?:?]
	at java.util.concurrent.ForkJoinPool.runWorker(ForkJoinPool.java:1808) [?:?]
	at java.util.concurrent.ForkJoinWorkerThread.run(ForkJoinWorkerThread.java:188) [?:?]
2025-03-09 02:31:16,918 [1;31mERROR[m [m[Worker-Main-14][m [mn.m.w.l.s.l.LootTables.lambda$apply$0(58)[m: Couldn't parse loot table minecraft:chests/ddd
com.google.gson.JsonSyntaxException: Expected name to be an item, was unknown string 'rpgsmw:deleted_mod_element'
	at net.minecraft.util.GsonHelper.m_13866_(GsonHelper.java:130) ~[server-1.18.2-20220404.173914-srg.jar%23116!/:?]
	at java.util.Optional.orElseThrow(Optional.java:403) ~[?:?]
	at net.minecraft.util.GsonHelper.m_13874_(GsonHelper.java:130) ~[server-1.18.2-20220404.173914-srg.jar%23116!/:?]
	at net.minecraft.util.GsonHelper.m_13909_(GsonHelper.java:138) ~[server-1.18.2-20220404.173914-srg.jar%23116!/:?]
	at net.minecraft.world.level.storage.loot.entries.LootItem$Serializer.m_7267_(LootItem.java:55) ~[server-1.18.2-20220404.173914-srg.jar%23116!/:?]
	at net.minecraft.world.level.storage.loot.entries.LootItem$Serializer.m_7267_(LootItem.java:40) ~[server-1.18.2-20220404.173914-srg.jar%23116!/:?]
	at net.minecraft.world.level.storage.loot.entries.LootPoolSingletonContainer$Serializer.m_5921_(LootPoolSingletonContainer.java:151) ~[server-1.18.2-20220404.173914-srg.jar%23116!/:?]
	at net.minecraft.world.level.storage.loot.entries.LootPoolSingletonContainer$Serializer.m_5921_(LootPoolSingletonContainer.java:129) ~[server-1.18.2-20220404.173914-srg.jar%23116!/:?]
	at net.minecraft.world.level.storage.loot.entries.LootPoolEntryContainer$Serializer.m_7561_(LootPoolEntryContainer.java:86) ~[server-1.18.2-20220404.173914-srg.jar%23116!/:?]
	at net.minecraft.world.level.storage.loot.entries.LootPoolEntryContainer$Serializer.m_7561_(LootPoolEntryContainer.java:74) ~[server-1.18.2-20220404.173914-srg.jar%23116!/:?]
	at net.minecraft.world.level.storage.loot.GsonAdapterFactory$JsonAdapter.deserialize(GsonAdapterFactory.java:102) ~[server-1.18.2-20220404.173914-srg.jar%23116!/:?]
	at com.google.gson.internal.bind.TreeTypeAdapter.read(TreeTypeAdapter.java:69) ~[gson-2.8.9.jar%2338!/:?]
	at com.google.gson.internal.bind.TypeAdapterRuntimeTypeWrapper.read(TypeAdapterRuntimeTypeWrapper.java:41) ~[gson-2.8.9.jar%2338!/:?]
	at com.google.gson.internal.bind.ArrayTypeAdapter.read(ArrayTypeAdapter.java:72) ~[gson-2.8.9.jar%2338!/:?]
	at com.google.gson.Gson.fromJson(Gson.java:963) ~[gson-2.8.9.jar%2338!/:?]
	at com.google.gson.Gson.fromJson(Gson.java:1034) ~[gson-2.8.9.jar%2338!/:?]
	at com.google.gson.internal.bind.TreeTypeAdapter$GsonContextImpl.deserialize(TreeTypeAdapter.java:162) ~[gson-2.8.9.jar%2338!/:?]
	at net.minecraft.util.GsonHelper.m_13808_(GsonHelper.java:448) ~[server-1.18.2-20220404.173914-srg.jar%23116!/:?]
	at net.minecraft.util.GsonHelper.m_13836_(GsonHelper.java:456) ~[server-1.18.2-20220404.173914-srg.jar%23116!/:?]
	at net.minecraft.world.level.storage.loot.LootPool$Serializer.deserialize(LootPool.java:190) ~[server-1.18.2-20220404.173914-srg.jar%23116!/:?]
	at net.minecraft.world.level.storage.loot.LootPool$Serializer.deserialize(LootPool.java:187) ~[server-1.18.2-20220404.173914-srg.jar%23116!/:?]
	at com.google.gson.internal.bind.TreeTypeAdapter.read(TreeTypeAdapter.java:69) ~[gson-2.8.9.jar%2338!/:?]
	at com.google.gson.internal.bind.TypeAdapterRuntimeTypeWrapper.read(TypeAdapterRuntimeTypeWrapper.java:41) ~[gson-2.8.9.jar%2338!/:?]
	at com.google.gson.internal.bind.ArrayTypeAdapter.read(ArrayTypeAdapter.java:72) ~[gson-2.8.9.jar%2338!/:?]
	at com.google.gson.Gson.fromJson(Gson.java:963) ~[gson-2.8.9.jar%2338!/:?]
	at com.google.gson.Gson.fromJson(Gson.java:1034) ~[gson-2.8.9.jar%2338!/:?]
	at com.google.gson.internal.bind.TreeTypeAdapter$GsonContextImpl.deserialize(TreeTypeAdapter.java:162) ~[gson-2.8.9.jar%2338!/:?]
	at net.minecraft.util.GsonHelper.m_13808_(GsonHelper.java:448) ~[server-1.18.2-20220404.173914-srg.jar%23116!/:?]
	at net.minecraft.util.GsonHelper.m_13845_(GsonHelper.java:466) ~[server-1.18.2-20220404.173914-srg.jar%23116!/:?]
	at net.minecraft.world.level.storage.loot.LootTable$Serializer.deserialize(LootTable.java:273) ~[server-1.18.2-20220404.173914-srg.jar%23116!/:?]
	at net.minecraft.world.level.storage.loot.LootTable$Serializer.deserialize(LootTable.java:270) ~[server-1.18.2-20220404.173914-srg.jar%23116!/:?]
	at com.google.gson.internal.bind.TreeTypeAdapter.read(TreeTypeAdapter.java:69) ~[gson-2.8.9.jar%2338!/:?]
	at com.google.gson.Gson.fromJson(Gson.java:963) ~[gson-2.8.9.jar%2338!/:?]
	at com.google.gson.Gson.fromJson(Gson.java:1034) ~[gson-2.8.9.jar%2338!/:?]
	at com.google.gson.Gson.fromJson(Gson.java:1006) ~[gson-2.8.9.jar%2338!/:?]
	at net.minecraftforge.common.ForgeHooks.loadLootTable(ForgeHooks.java:888) ~[forge-1.18.2-40.2.21-universal.jar%23121!/:?]
	at net.minecraft.world.level.storage.loot.LootTables.lambda$apply$0(LootTables.java:55) ~[server-1.18.2-20220404.173914-srg.jar%23116!/:?]
	at java.util.HashMap.forEach(HashMap.java:1429) ~[?:?]
	at net.minecraft.world.level.storage.loot.LootTables.m_5787_(LootTables.java:53) ~[server-1.18.2-20220404.173914-srg.jar%23116!/:?]
	at net.minecraft.world.level.storage.loot.LootTables.m_5787_(LootTables.java:18) ~[server-1.18.2-20220404.173914-srg.jar%23116!/:?]
	at net.minecraft.server.packs.resources.SimplePreparableReloadListener.m_10789_(SimplePreparableReloadListener.java:13) ~[server-1.18.2-20220404.173914-srg.jar%23116!/:?]
	at java.util.concurrent.CompletableFuture$UniAccept.tryFire(CompletableFuture.java:718) ~[?:?]
	at java.util.concurrent.CompletableFuture$Completion.run(CompletableFuture.java:482) ~[?:?]
	at net.minecraft.server.packs.resources.SimpleReloadInstance.m_143940_(SimpleReloadInstance.java:69) ~[server-1.18.2-20220404.173914-srg.jar%23116!/:?]
	at net.minecraft.util.thread.BlockableEventLoop.execute(BlockableEventLoop.java:103) ~[server-1.18.2-20220404.173914-srg.jar%23116!/:?]
	at net.minecraft.server.packs.resources.SimpleReloadInstance.m_10834_(SimpleReloadInstance.java:68) ~[server-1.18.2-20220404.173914-srg.jar%23116!/:?]
	at java.util.concurrent.CompletableFuture$UniCompletion.claim(CompletableFuture.java:572) ~[?:?]
	at java.util.concurrent.CompletableFuture$UniAccept.tryFire(CompletableFuture.java:714) ~[?:?]
	at java.util.concurrent.CompletableFuture.postComplete(CompletableFuture.java:510) ~[?:?]
	at java.util.concurrent.CompletableFuture.postFire(CompletableFuture.java:614) ~[?:?]
	at java.util.concurrent.CompletableFuture$UniAccept.tryFire(CompletableFuture.java:726) ~[?:?]
	at java.util.concurrent.CompletableFuture$Completion.run(CompletableFuture.java:482) ~[?:?]
	at net.minecraft.server.packs.resources.SimpleReloadInstance.m_143940_(SimpleReloadInstance.java:69) ~[server-1.18.2-20220404.173914-srg.jar%23116!/:?]
	at net.minecraft.util.thread.BlockableEventLoop.execute(BlockableEventLoop.java:103) ~[server-1.18.2-20220404.173914-srg.jar%23116!/:?]
	at net.minecraft.server.packs.resources.SimpleReloadInstance.m_10834_(SimpleReloadInstance.java:68) ~[server-1.18.2-20220404.173914-srg.jar%23116!/:?]
	at java.util.concurrent.CompletableFuture$UniCompletion.claim(CompletableFuture.java:572) ~[?:?]
	at java.util.concurrent.CompletableFuture$UniAccept.tryFire(CompletableFuture.java:714) ~[?:?]
	at java.util.concurrent.CompletableFuture.postComplete(CompletableFuture.java:510) ~[?:?]
	at java.util.concurrent.CompletableFuture.postFire(CompletableFuture.java:614) ~[?:?]
	at java.util.concurrent.CompletableFuture$UniAccept.tryFire(CompletableFuture.java:726) ~[?:?]
	at java.util.concurrent.CompletableFuture$Completion.run(CompletableFuture.java:482) ~[?:?]
	at net.minecraft.server.packs.resources.SimpleReloadInstance.m_143940_(SimpleReloadInstance.java:69) ~[server-1.18.2-20220404.173914-srg.jar%23116!/:?]
	at net.minecraft.util.thread.BlockableEventLoop.execute(BlockableEventLoop.java:103) ~[server-1.18.2-20220404.173914-srg.jar%23116!/:?]
	at net.minecraft.server.packs.resources.SimpleReloadInstance.m_10834_(SimpleReloadInstance.java:68) ~[server-1.18.2-20220404.173914-srg.jar%23116!/:?]
	at java.util.concurrent.CompletableFuture$UniCompletion.claim(CompletableFuture.java:572) ~[?:?]
	at java.util.concurrent.CompletableFuture$UniAccept.tryFire(CompletableFuture.java:714) ~[?:?]
	at java.util.concurrent.CompletableFuture.postComplete(CompletableFuture.java:510) ~[?:?]
	at java.util.concurrent.CompletableFuture.postFire(CompletableFuture.java:614) ~[?:?]
	at java.util.concurrent.CompletableFuture$UniAccept.tryFire(CompletableFuture.java:726) ~[?:?]
	at java.util.concurrent.CompletableFuture$Completion.run(CompletableFuture.java:482) ~[?:?]
	at net.minecraft.server.packs.resources.SimpleReloadInstance.m_143940_(SimpleReloadInstance.java:69) ~[server-1.18.2-20220404.173914-srg.jar%23116!/:?]
	at net.minecraft.util.thread.BlockableEventLoop.execute(BlockableEventLoop.java:103) ~[server-1.18.2-20220404.173914-srg.jar%23116!/:?]
	at net.minecraft.server.packs.resources.SimpleReloadInstance.m_10834_(SimpleReloadInstance.java:68) ~[server-1.18.2-20220404.173914-srg.jar%23116!/:?]
	at java.util.concurrent.CompletableFuture$UniCompletion.claim(CompletableFuture.java:572) ~[?:?]
	at java.util.concurrent.CompletableFuture$UniAccept.tryFire(CompletableFuture.java:714) ~[?:?]
	at java.util.concurrent.CompletableFuture.postComplete(CompletableFuture.java:510) ~[?:?]
	at java.util.concurrent.CompletableFuture.complete(CompletableFuture.java:2179) ~[?:?]
	at net.minecraft.server.packs.resources.SimpleReloadInstance$1.m_10855_(SimpleReloadInstance.java:51) ~[server-1.18.2-20220404.173914-srg.jar%23116!/:?]
	at net.minecraft.util.thread.BlockableEventLoop.execute(BlockableEventLoop.java:103) ~[server-1.18.2-20220404.173914-srg.jar%23116!/:?]
	at net.minecraft.server.packs.resources.SimpleReloadInstance$1.m_6769_(SimpleReloadInstance.java:48) ~[server-1.18.2-20220404.173914-srg.jar%23116!/:?]
	at java.util.concurrent.CompletableFuture$UniCompose.tryFire(CompletableFuture.java:1150) [?:?]
	at java.util.concurrent.CompletableFuture.postComplete(CompletableFuture.java:510) [?:?]
	at java.util.concurrent.CompletableFuture$AsyncSupply.run(CompletableFuture.java:1773) [?:?]
	at java.util.concurrent.CompletableFuture$AsyncSupply.exec(CompletableFuture.java:1760) [?:?]
	at java.util.concurrent.ForkJoinTask.doExec(ForkJoinTask.java:387) [?:?]
	at java.util.concurrent.ForkJoinPool$WorkQueue.topLevelExec(ForkJoinPool.java:1312) [?:?]
	at java.util.concurrent.ForkJoinPool.scan(ForkJoinPool.java:1843) [?:?]
	at java.util.concurrent.ForkJoinPool.runWorker(ForkJoinPool.java:1808) [?:?]
	at java.util.concurrent.ForkJoinWorkerThread.run(ForkJoinWorkerThread.java:188) [?:?]
2025-03-09 02:31:16,950 [1;31mERROR[m [m[Worker-Main-14][m [mn.m.w.l.s.l.LootTables.lambda$apply$0(58)[m: Couldn't parse loot table alternacraft:blocks/mudstone_copper_ore
com.google.gson.JsonSyntaxException: Expected name to be an item, was unknown string 'minecraft:copper'
	at net.minecraft.util.GsonHelper.m_13866_(GsonHelper.java:130) ~[server-1.18.2-20220404.173914-srg.jar%23116!/:?]
	at java.util.Optional.orElseThrow(Optional.java:403) ~[?:?]
	at net.minecraft.util.GsonHelper.m_13874_(GsonHelper.java:130) ~[server-1.18.2-20220404.173914-srg.jar%23116!/:?]
	at net.minecraft.util.GsonHelper.m_13909_(GsonHelper.java:138) ~[server-1.18.2-20220404.173914-srg.jar%23116!/:?]
	at net.minecraft.world.level.storage.loot.entries.LootItem$Serializer.m_7267_(LootItem.java:55) ~[server-1.18.2-20220404.173914-srg.jar%23116!/:?]
	at net.minecraft.world.level.storage.loot.entries.LootItem$Serializer.m_7267_(LootItem.java:40) ~[server-1.18.2-20220404.173914-srg.jar%23116!/:?]
	at net.minecraft.world.level.storage.loot.entries.LootPoolSingletonContainer$Serializer.m_5921_(LootPoolSingletonContainer.java:151) ~[server-1.18.2-20220404.173914-srg.jar%23116!/:?]
	at net.minecraft.world.level.storage.loot.entries.LootPoolSingletonContainer$Serializer.m_5921_(LootPoolSingletonContainer.java:129) ~[server-1.18.2-20220404.173914-srg.jar%23116!/:?]
	at net.minecraft.world.level.storage.loot.entries.LootPoolEntryContainer$Serializer.m_7561_(LootPoolEntryContainer.java:86) ~[server-1.18.2-20220404.173914-srg.jar%23116!/:?]
	at net.minecraft.world.level.storage.loot.entries.LootPoolEntryContainer$Serializer.m_7561_(LootPoolEntryContainer.java:74) ~[server-1.18.2-20220404.173914-srg.jar%23116!/:?]
	at net.minecraft.world.level.storage.loot.GsonAdapterFactory$JsonAdapter.deserialize(GsonAdapterFactory.java:102) ~[server-1.18.2-20220404.173914-srg.jar%23116!/:?]
	at com.google.gson.internal.bind.TreeTypeAdapter.read(TreeTypeAdapter.java:69) ~[gson-2.8.9.jar%2338!/:?]
	at com.google.gson.internal.bind.TypeAdapterRuntimeTypeWrapper.read(TypeAdapterRuntimeTypeWrapper.java:41) ~[gson-2.8.9.jar%2338!/:?]
	at com.google.gson.internal.bind.ArrayTypeAdapter.read(ArrayTypeAdapter.java:72) ~[gson-2.8.9.jar%2338!/:?]
	at com.google.gson.Gson.fromJson(Gson.java:963) ~[gson-2.8.9.jar%2338!/:?]
	at com.google.gson.Gson.fromJson(Gson.java:1034) ~[gson-2.8.9.jar%2338!/:?]
	at com.google.gson.internal.bind.TreeTypeAdapter$GsonContextImpl.deserialize(TreeTypeAdapter.java:162) ~[gson-2.8.9.jar%2338!/:?]
	at net.minecraft.util.GsonHelper.m_13808_(GsonHelper.java:448) ~[server-1.18.2-20220404.173914-srg.jar%23116!/:?]
	at net.minecraft.util.GsonHelper.m_13836_(GsonHelper.java:456) ~[server-1.18.2-20220404.173914-srg.jar%23116!/:?]
	at net.minecraft.world.level.storage.loot.entries.CompositeEntryBase$1.m_5921_(CompositeEntryBase.java:61) ~[server-1.18.2-20220404.173914-srg.jar%23116!/:?]
	at net.minecraft.world.level.storage.loot.entries.CompositeEntryBase$1.m_5921_(CompositeEntryBase.java:53) ~[server-1.18.2-20220404.173914-srg.jar%23116!/:?]
	at net.minecraft.world.level.storage.loot.entries.LootPoolEntryContainer$Serializer.m_7561_(LootPoolEntryContainer.java:86) ~[server-1.18.2-20220404.173914-srg.jar%23116!/:?]
	at net.minecraft.world.level.storage.loot.entries.LootPoolEntryContainer$Serializer.m_7561_(LootPoolEntryContainer.java:74) ~[server-1.18.2-20220404.173914-srg.jar%23116!/:?]
	at net.minecraft.world.level.storage.loot.GsonAdapterFactory$JsonAdapter.deserialize(GsonAdapterFactory.java:102) ~[server-1.18.2-20220404.173914-srg.jar%23116!/:?]
	at com.google.gson.internal.bind.TreeTypeAdapter.read(TreeTypeAdapter.java:69) ~[gson-2.8.9.jar%2338!/:?]
	at com.google.gson.internal.bind.TypeAdapterRuntimeTypeWrapper.read(TypeAdapterRuntimeTypeWrapper.java:41) ~[gson-2.8.9.jar%2338!/:?]
	at com.google.gson.internal.bind.ArrayTypeAdapter.read(ArrayTypeAdapter.java:72) ~[gson-2.8.9.jar%2338!/:?]
	at com.google.gson.Gson.fromJson(Gson.java:963) ~[gson-2.8.9.jar%2338!/:?]
	at com.google.gson.Gson.fromJson(Gson.java:1034) ~[gson-2.8.9.jar%2338!/:?]
	at com.google.gson.internal.bind.TreeTypeAdapter$GsonContextImpl.deserialize(TreeTypeAdapter.java:162) ~[gson-2.8.9.jar%2338!/:?]
	at net.minecraft.util.GsonHelper.m_13808_(GsonHelper.java:448) ~[server-1.18.2-20220404.173914-srg.jar%23116!/:?]
	at net.minecraft.util.GsonHelper.m_13836_(GsonHelper.java:456) ~[server-1.18.2-20220404.173914-srg.jar%23116!/:?]
	at net.minecraft.world.level.storage.loot.LootPool$Serializer.deserialize(LootPool.java:190) ~[server-1.18.2-20220404.173914-srg.jar%23116!/:?]
	at net.minecraft.world.level.storage.loot.LootPool$Serializer.deserialize(LootPool.java:187) ~[server-1.18.2-20220404.173914-srg.jar%23116!/:?]
	at com.google.gson.internal.bind.TreeTypeAdapter.read(TreeTypeAdapter.java:69) ~[gson-2.8.9.jar%2338!/:?]
	at com.google.gson.internal.bind.TypeAdapterRuntimeTypeWrapper.read(TypeAdapterRuntimeTypeWrapper.java:41) ~[gson-2.8.9.jar%2338!/:?]
	at com.google.gson.internal.bind.ArrayTypeAdapter.read(ArrayTypeAdapter.java:72) ~[gson-2.8.9.jar%2338!/:?]
	at com.google.gson.Gson.fromJson(Gson.java:963) ~[gson-2.8.9.jar%2338!/:?]
	at com.google.gson.Gson.fromJson(Gson.java:1034) ~[gson-2.8.9.jar%2338!/:?]
	at com.google.gson.internal.bind.TreeTypeAdapter$GsonContextImpl.deserialize(TreeTypeAdapter.java:162) ~[gson-2.8.9.jar%2338!/:?]
	at net.minecraft.util.GsonHelper.m_13808_(GsonHelper.java:448) ~[server-1.18.2-20220404.173914-srg.jar%23116!/:?]
	at net.minecraft.util.GsonHelper.m_13845_(GsonHelper.java:466) ~[server-1.18.2-20220404.173914-srg.jar%23116!/:?]
	at net.minecraft.world.level.storage.loot.LootTable$Serializer.deserialize(LootTable.java:273) ~[server-1.18.2-20220404.173914-srg.jar%23116!/:?]
	at net.minecraft.world.level.storage.loot.LootTable$Serializer.deserialize(LootTable.java:270) ~[server-1.18.2-20220404.173914-srg.jar%23116!/:?]
	at com.google.gson.internal.bind.TreeTypeAdapter.read(TreeTypeAdapter.java:69) ~[gson-2.8.9.jar%2338!/:?]
	at com.google.gson.Gson.fromJson(Gson.java:963) ~[gson-2.8.9.jar%2338!/:?]
	at com.google.gson.Gson.fromJson(Gson.java:1034) ~[gson-2.8.9.jar%2338!/:?]
	at com.google.gson.Gson.fromJson(Gson.java:1006) ~[gson-2.8.9.jar%2338!/:?]
	at net.minecraftforge.common.ForgeHooks.loadLootTable(ForgeHooks.java:888) ~[forge-1.18.2-40.2.21-universal.jar%23121!/:?]
	at net.minecraft.world.level.storage.loot.LootTables.lambda$apply$0(LootTables.java:55) ~[server-1.18.2-20220404.173914-srg.jar%23116!/:?]
	at java.util.HashMap.forEach(HashMap.java:1429) ~[?:?]
	at net.minecraft.world.level.storage.loot.LootTables.m_5787_(LootTables.java:53) ~[server-1.18.2-20220404.173914-srg.jar%23116!/:?]
	at net.minecraft.world.level.storage.loot.LootTables.m_5787_(LootTables.java:18) ~[server-1.18.2-20220404.173914-srg.jar%23116!/:?]
	at net.minecraft.server.packs.resources.SimplePreparableReloadListener.m_10789_(SimplePreparableReloadListener.java:13) ~[server-1.18.2-20220404.173914-srg.jar%23116!/:?]
	at java.util.concurrent.CompletableFuture$UniAccept.tryFire(CompletableFuture.java:718) ~[?:?]
	at java.util.concurrent.CompletableFuture$Completion.run(CompletableFuture.java:482) ~[?:?]
	at net.minecraft.server.packs.resources.SimpleReloadInstance.m_143940_(SimpleReloadInstance.java:69) ~[server-1.18.2-20220404.173914-srg.jar%23116!/:?]
	at net.minecraft.util.thread.BlockableEventLoop.execute(BlockableEventLoop.java:103) ~[server-1.18.2-20220404.173914-srg.jar%23116!/:?]
	at net.minecraft.server.packs.resources.SimpleReloadInstance.m_10834_(SimpleReloadInstance.java:68) ~[server-1.18.2-20220404.173914-srg.jar%23116!/:?]
	at java.util.concurrent.CompletableFuture$UniCompletion.claim(CompletableFuture.java:572) ~[?:?]
	at java.util.concurrent.CompletableFuture$UniAccept.tryFire(CompletableFuture.java:714) ~[?:?]
	at java.util.concurrent.CompletableFuture.postComplete(CompletableFuture.java:510) ~[?:?]
	at java.util.concurrent.CompletableFuture.postFire(CompletableFuture.java:614) ~[?:?]
	at java.util.concurrent.CompletableFuture$UniAccept.tryFire(CompletableFuture.java:726) ~[?:?]
	at java.util.concurrent.CompletableFuture$Completion.run(CompletableFuture.java:482) ~[?:?]
	at net.minecraft.server.packs.resources.SimpleReloadInstance.m_143940_(SimpleReloadInstance.java:69) ~[server-1.18.2-20220404.173914-srg.jar%23116!/:?]
	at net.minecraft.util.thread.BlockableEventLoop.execute(BlockableEventLoop.java:103) ~[server-1.18.2-20220404.173914-srg.jar%23116!/:?]
	at net.minecraft.server.packs.resources.SimpleReloadInstance.m_10834_(SimpleReloadInstance.java:68) ~[server-1.18.2-20220404.173914-srg.jar%23116!/:?]
	at java.util.concurrent.CompletableFuture$UniCompletion.claim(CompletableFuture.java:572) ~[?:?]
	at java.util.concurrent.CompletableFuture$UniAccept.tryFire(CompletableFuture.java:714) ~[?:?]
	at java.util.concurrent.CompletableFuture.postComplete(CompletableFuture.java:510) ~[?:?]
	at java.util.concurrent.CompletableFuture.postFire(CompletableFuture.java:614) ~[?:?]
	at java.util.concurrent.CompletableFuture$UniAccept.tryFire(CompletableFuture.java:726) ~[?:?]
	at java.util.concurrent.CompletableFuture$Completion.run(CompletableFuture.java:482) ~[?:?]
	at net.minecraft.server.packs.resources.SimpleReloadInstance.m_143940_(SimpleReloadInstance.java:69) ~[server-1.18.2-20220404.173914-srg.jar%23116!/:?]
	at net.minecraft.util.thread.BlockableEventLoop.execute(BlockableEventLoop.java:103) ~[server-1.18.2-20220404.173914-srg.jar%23116!/:?]
	at net.minecraft.server.packs.resources.SimpleReloadInstance.m_10834_(SimpleReloadInstance.java:68) ~[server-1.18.2-20220404.173914-srg.jar%23116!/:?]
	at java.util.concurrent.CompletableFuture$UniCompletion.claim(CompletableFuture.java:572) ~[?:?]
	at java.util.concurrent.CompletableFuture$UniAccept.tryFire(CompletableFuture.java:714) ~[?:?]
	at java.util.concurrent.CompletableFuture.postComplete(CompletableFuture.java:510) ~[?:?]
	at java.util.concurrent.CompletableFuture.postFire(CompletableFuture.java:614) ~[?:?]
	at java.util.concurrent.CompletableFuture$UniAccept.tryFire(CompletableFuture.java:726) ~[?:?]
	at java.util.concurrent.CompletableFuture$Completion.run(CompletableFuture.java:482) ~[?:?]
	at net.minecraft.server.packs.resources.SimpleReloadInstance.m_143940_(SimpleReloadInstance.java:69) ~[server-1.18.2-20220404.173914-srg.jar%23116!/:?]
	at net.minecraft.util.thread.BlockableEventLoop.execute(BlockableEventLoop.java:103) ~[server-1.18.2-20220404.173914-srg.jar%23116!/:?]
	at net.minecraft.server.packs.resources.SimpleReloadInstance.m_10834_(SimpleReloadInstance.java:68) ~[server-1.18.2-20220404.173914-srg.jar%23116!/:?]
	at java.util.concurrent.CompletableFuture$UniCompletion.claim(CompletableFuture.java:572) ~[?:?]
	at java.util.concurrent.CompletableFuture$UniAccept.tryFire(CompletableFuture.java:714) ~[?:?]
	at java.util.concurrent.CompletableFuture.postComplete(CompletableFuture.java:510) ~[?:?]
	at java.util.concurrent.CompletableFuture.complete(CompletableFuture.java:2179) ~[?:?]
	at net.minecraft.server.packs.resources.SimpleReloadInstance$1.m_10855_(SimpleReloadInstance.java:51) ~[server-1.18.2-20220404.173914-srg.jar%23116!/:?]
	at net.minecraft.util.thread.BlockableEventLoop.execute(BlockableEventLoop.java:103) ~[server-1.18.2-20220404.173914-srg.jar%23116!/:?]
	at net.minecraft.server.packs.resources.SimpleReloadInstance$1.m_6769_(SimpleReloadInstance.java:48) ~[server-1.18.2-20220404.173914-srg.jar%23116!/:?]
	at java.util.concurrent.CompletableFuture$UniCompose.tryFire(CompletableFuture.java:1150) [?:?]
	at java.util.concurrent.CompletableFuture.postComplete(CompletableFuture.java:510) [?:?]
	at java.util.concurrent.CompletableFuture$AsyncSupply.run(CompletableFuture.java:1773) [?:?]
	at java.util.concurrent.CompletableFuture$AsyncSupply.exec(CompletableFuture.java:1760) [?:?]
	at java.util.concurrent.ForkJoinTask.doExec(ForkJoinTask.java:387) [?:?]
	at java.util.concurrent.ForkJoinPool$WorkQueue.topLevelExec(ForkJoinPool.java:1312) [?:?]
	at java.util.concurrent.ForkJoinPool.scan(ForkJoinPool.java:1843) [?:?]
	at java.util.concurrent.ForkJoinPool.runWorker(ForkJoinPool.java:1808) [?:?]
	at java.util.concurrent.ForkJoinWorkerThread.run(ForkJoinWorkerThread.java:188) [?:?]
2025-03-09 02:31:17,060 [33mWARN [m [m[Worker-Main-14][m [mn.m.w.l.s.l.LootTables.m_79210_(69)[m: Found validation problem in {dungeons_arise:chests/illager_campsite/illager_campsite_map}.pools[7].entries[0]->{minecraft:chests/pillager_outpost}.pools[8].entries[0].functions[2]: Parameters [<parameter minecraft:tool>] are not provided in this context
2025-03-09 02:31:17,061 [33mWARN [m [m[Worker-Main-14][m [mn.m.w.l.s.l.LootTables.m_79210_(69)[m: Found validation problem in {minecraft:chests/pillager_outpost}.pools[8].entries[0].functions[2]: Parameters [<parameter minecraft:tool>] are not provided in this context
2025-03-09 02:31:17,061 [33mWARN [m [m[Worker-Main-14][m [mn.m.w.l.s.l.LootTables.m_79210_(69)[m: Found validation problem in {dungeons_arise:chests/illager_campsite/illager_campsite_tent}.pools[5].entries[0]->{minecraft:chests/pillager_outpost}.pools[8].entries[0].functions[2]: Parameters [<parameter minecraft:tool>] are not provided in this context
2025-03-09 02:31:17,322 [32mINFO [m [m[Worker-Main-14][m [md.b.b.u.DynamicRegistry.registerEntry(25)[m: Registered bmorph:pufferfish
2025-03-09 02:31:17,324 [32mINFO [m [m[Worker-Main-14][m [md.b.b.u.DynamicRegistry.registerEntry(25)[m: Registered bmorph:web_yeet
2025-03-09 02:31:17,325 [32mINFO [m [m[Worker-Main-14][m [md.b.b.u.DynamicRegistry.registerEntry(25)[m: Registered bmorph:fish_insta_regen
2025-03-09 02:31:17,328 [32mINFO [m [m[Worker-Main-14][m [md.b.b.u.DynamicRegistry.registerEntry(25)[m: Registered bmorph:night_vision
2025-03-09 02:31:17,331 [32mINFO [m [m[Worker-Main-14][m [md.b.b.u.DynamicRegistry.registerEntry(25)[m: Registered bmorph:infect_villagers
2025-03-09 02:31:17,332 [32mINFO [m [m[Worker-Main-14][m [md.b.b.u.DynamicRegistry.registerEntry(25)[m: Registered bmorph:snow_trail
2025-03-09 02:31:17,333 [32mINFO [m [m[Worker-Main-14][m [md.b.b.u.DynamicRegistry.registerEntry(25)[m: Registered bmorph:speed_changes/extreme_slowness_fov
2025-03-09 02:31:17,333 [32mINFO [m [m[Worker-Main-14][m [md.b.b.u.DynamicRegistry.registerEntry(25)[m: Registered bmorph:web_passthrough
2025-03-09 02:31:17,334 [32mINFO [m [m[Worker-Main-14][m [md.b.b.u.DynamicRegistry.registerEntry(25)[m: Registered bmorph:higher_insta_jump
2025-03-09 02:31:17,334 [32mINFO [m [m[Worker-Main-14][m [md.b.b.u.DynamicRegistry.registerEntry(25)[m: Registered bmorph:attack_range
2025-03-09 02:31:17,335 [32mINFO [m [m[Worker-Main-14][m [md.b.b.u.DynamicRegistry.registerEntry(25)[m: Registered bmorph:extreme_attack_range
2025-03-09 02:31:17,335 [32mINFO [m [m[Worker-Main-14][m [md.b.b.u.DynamicRegistry.registerEntry(25)[m: Registered bmorph:transformations/turn_to_zombified_piglin_in_overworld
2025-03-09 02:31:17,337 [32mINFO [m [m[Worker-Main-14][m [md.b.b.u.DynamicRegistry.registerEntry(25)[m: Registered bmorph:transformations/turn_to_zombie_as_husk
2025-03-09 02:31:17,339 [32mINFO [m [m[Worker-Main-14][m [md.b.b.u.DynamicRegistry.registerEntry(25)[m: Registered bmorph:walk_on_powder_snow
2025-03-09 02:31:17,340 [32mINFO [m [m[Worker-Main-14][m [md.b.b.u.DynamicRegistry.registerEntry(25)[m: Registered bmorph:water_dislike
2025-03-09 02:31:17,340 [32mINFO [m [m[Worker-Main-14][m [md.b.b.u.DynamicRegistry.registerEntry(25)[m: Registered bmorph:one_block_insta_jump
2025-03-09 02:31:17,341 [32mINFO [m [m[Worker-Main-14][m [md.b.b.u.DynamicRegistry.registerEntry(25)[m: Registered bmorph:speed_changes/slowness_fov
2025-03-09 02:31:17,341 [32mINFO [m [m[Worker-Main-14][m [md.b.b.u.DynamicRegistry.registerEntry(25)[m: Registered bmorph:witch_potions/weakness_potion
2025-03-09 02:31:17,342 [32mINFO [m [m[Worker-Main-14][m [md.b.b.u.DynamicRegistry.registerEntry(25)[m: Registered bmorph:transformations/turn_to_zoglin
2025-03-09 02:31:17,342 [32mINFO [m [m[Worker-Main-14][m [md.b.b.u.DynamicRegistry.registerEntry(25)[m: Registered bmorph:slowfall
2025-03-09 02:31:17,343 [32mINFO [m [m[Worker-Main-14][m [md.b.b.u.DynamicRegistry.registerEntry(25)[m: Registered bmorph:yeet
2025-03-09 02:31:17,344 [32mINFO [m [m[Worker-Main-14][m [md.b.b.u.DynamicRegistry.registerEntry(25)[m: Registered bmorph:transformations/turn_to_drowned
2025-03-09 02:31:17,345 [32mINFO [m [m[Worker-Main-14][m [md.b.b.u.DynamicRegistry.registerEntry(25)[m: Registered bmorph:water_sanic
2025-03-09 02:31:17,345 [32mINFO [m [m[Worker-Main-14][m [md.b.b.u.DynamicRegistry.registerEntry(25)[m: Registered bmorph:shoot_ender_dragon
2025-03-09 02:31:17,346 [32mINFO [m [m[Worker-Main-14][m [md.b.b.u.DynamicRegistry.registerEntry(25)[m: Registered bmorph:poison_on_hit
2025-03-09 02:31:17,346 [32mINFO [m [m[Worker-Main-14][m [md.b.b.u.DynamicRegistry.registerEntry(25)[m: Registered bmorph:berry_bush_passthrough
2025-03-09 02:31:17,347 [32mINFO [m [m[Worker-Main-14][m [md.b.b.u.DynamicRegistry.registerEntry(25)[m: Registered bmorph:transform_to_witch_on_lightning_hit
2025-03-09 02:31:17,348 [32mINFO [m [m[Worker-Main-14][m [md.b.b.u.DynamicRegistry.registerEntry(25)[m: Registered bmorph:no_lava_damage
2025-03-09 02:31:17,349 [32mINFO [m [m[Worker-Main-14][m [md.b.b.u.DynamicRegistry.registerEntry(25)[m: Registered bmorph:water_breathing
2025-03-09 02:31:17,350 [32mINFO [m [m[Worker-Main-14][m [md.b.b.u.DynamicRegistry.registerEntry(25)[m: Registered bmorph:speed_changes/swiftness_fov
2025-03-09 02:31:17,350 [32mINFO [m [m[Worker-Main-14][m [md.b.b.u.DynamicRegistry.registerEntry(25)[m: Registered bmorph:air_suffocation
2025-03-09 02:31:17,351 [32mINFO [m [m[Worker-Main-14][m [md.b.b.u.DynamicRegistry.registerEntry(25)[m: Registered bmorph:slow_flying
2025-03-09 02:31:17,358 [32mINFO [m [m[Worker-Main-14][m [md.b.b.u.DynamicRegistry.registerEntry(25)[m: Registered bmorph:fire_ghast
2025-03-09 02:31:17,359 [32mINFO [m [m[Worker-Main-14][m [md.b.b.u.DynamicRegistry.registerEntry(25)[m: Registered bmorph:speed_changes/extreme_slowness
2025-03-09 02:31:17,359 [32mINFO [m [m[Worker-Main-14][m [md.b.b.u.DynamicRegistry.registerEntry(25)[m: Registered bmorph:transformations/turn_to_drowned_as_zombie
2025-03-09 02:31:17,361 [32mINFO [m [m[Worker-Main-14][m [md.b.b.u.DynamicRegistry.registerEntry(25)[m: Registered bmorph:evoker_spell
2025-03-09 02:31:17,361 [32mINFO [m [m[Worker-Main-14][m [md.b.b.u.DynamicRegistry.registerEntry(25)[m: Registered bmorph:speed_changes/slowness
2025-03-09 02:31:17,361 [32mINFO [m [m[Worker-Main-14][m [md.b.b.u.DynamicRegistry.registerEntry(25)[m: Registered bmorph:elder_guardian_laser
2025-03-09 02:31:17,362 [32mINFO [m [m[Worker-Main-14][m [md.b.b.u.DynamicRegistry.registerEntry(25)[m: Registered bmorph:zombie_armor
2025-03-09 02:31:17,363 [32mINFO [m [m[Worker-Main-14][m [md.b.b.u.DynamicRegistry.registerEntry(25)[m: Registered bmorph:transformations/turn_to_zombie_as_drowned
2025-03-09 02:31:17,364 [32mINFO [m [m[Worker-Main-14][m [md.b.b.u.DynamicRegistry.registerEntry(25)[m: Registered bmorph:glow_squid_boost
2025-03-09 02:31:17,365 [32mINFO [m [m[Worker-Main-14][m [md.b.b.u.DynamicRegistry.registerEntry(25)[m: Registered bmorph:no_fire_damage
2025-03-09 02:31:17,366 [32mINFO [m [m[Worker-Main-14][m [md.b.b.u.DynamicRegistry.registerEntry(25)[m: Registered bmorph:extreme_yeet
2025-03-09 02:31:17,367 [32mINFO [m [m[Worker-Main-14][m [md.b.b.u.DynamicRegistry.registerEntry(25)[m: Registered bmorph:wither_arrow_immune_on_low_health
2025-03-09 02:31:17,369 [32mINFO [m [m[Worker-Main-14][m [md.b.b.u.DynamicRegistry.registerEntry(25)[m: Registered bmorph:nausea_on_hit
2025-03-09 02:31:17,370 [32mINFO [m [m[Worker-Main-14][m [md.b.b.u.DynamicRegistry.registerEntry(25)[m: Registered bmorph:magma_cube/magma_cube_size_3
2025-03-09 02:31:17,371 [32mINFO [m [m[Worker-Main-14][m [md.b.b.u.DynamicRegistry.registerEntry(25)[m: Registered bmorph:magma_cube/magma_cube_size_0
2025-03-09 02:31:17,372 [32mINFO [m [m[Worker-Main-14][m [md.b.b.u.DynamicRegistry.registerEntry(25)[m: Registered bmorph:regeneration
2025-03-09 02:31:17,373 [32mINFO [m [m[Worker-Main-14][m [md.b.b.u.DynamicRegistry.registerEntry(25)[m: Registered bmorph:boom
2025-03-09 02:31:17,373 [32mINFO [m [m[Worker-Main-14][m [md.b.b.u.DynamicRegistry.registerEntry(25)[m: Registered bmorph:magma_cube/magma_cube_size_1
2025-03-09 02:31:17,374 [32mINFO [m [m[Worker-Main-14][m [md.b.b.u.DynamicRegistry.registerEntry(25)[m: Registered bmorph:parrot_dance
2025-03-09 02:31:17,374 [32mINFO [m [m[Worker-Main-14][m [md.b.b.u.DynamicRegistry.registerEntry(25)[m: Registered bmorph:mob_attack
2025-03-09 02:31:17,374 [32mINFO [m [m[Worker-Main-14][m [md.b.b.u.DynamicRegistry.registerEntry(25)[m: Registered bmorph:no_hot_floor_damage
2025-03-09 02:31:17,375 [32mINFO [m [m[Worker-Main-14][m [md.b.b.u.DynamicRegistry.registerEntry(25)[m: Registered bmorph:ender_dragon_flight
2025-03-09 02:31:17,376 [32mINFO [m [m[Worker-Main-14][m [md.b.b.u.DynamicRegistry.registerEntry(25)[m: Registered bmorph:transformations/turn_to_zoglin_in_overworld
2025-03-09 02:31:17,378 [32mINFO [m [m[Worker-Main-14][m [md.b.b.u.DynamicRegistry.registerEntry(25)[m: Registered bmorph:fish_yeet
2025-03-09 02:31:17,378 [32mINFO [m [m[Worker-Main-14][m [md.b.b.u.DynamicRegistry.registerEntry(25)[m: Registered bmorph:cookie_death
2025-03-09 02:31:17,379 [32mINFO [m [m[Worker-Main-14][m [md.b.b.u.DynamicRegistry.registerEntry(25)[m: Registered bmorph:llama_spit
2025-03-09 02:31:17,380 [32mINFO [m [m[Worker-Main-14][m [md.b.b.u.DynamicRegistry.registerEntry(25)[m: Registered bmorph:lava_jesus
2025-03-09 02:31:17,380 [32mINFO [m [m[Worker-Main-14][m [md.b.b.u.DynamicRegistry.registerEntry(25)[m: Registered bmorph:salmon_yeet
2025-03-09 02:31:17,380 [32mINFO [m [m[Worker-Main-14][m [md.b.b.u.DynamicRegistry.registerEntry(25)[m: Registered bmorph:fast_flying
2025-03-09 02:31:17,381 [32mINFO [m [m[Worker-Main-14][m [md.b.b.u.DynamicRegistry.registerEntry(25)[m: Registered bmorph:no_freezing
2025-03-09 02:31:17,383 [32mINFO [m [m[Worker-Main-14][m [md.b.b.u.DynamicRegistry.registerEntry(25)[m: Registered bmorph:transformations/turn_to_zombified_piglin
2025-03-09 02:31:17,383 [32mINFO [m [m[Worker-Main-14][m [md.b.b.u.DynamicRegistry.registerEntry(25)[m: Registered bmorph:jumpboost
2025-03-09 02:31:17,386 [32mINFO [m [m[Worker-Main-14][m [md.b.b.u.DynamicRegistry.registerEntry(25)[m: Registered bmorph:transformations/turn_to_husk_as_zombie
2025-03-09 02:31:17,387 [32mINFO [m [m[Worker-Main-14][m [md.b.b.u.DynamicRegistry.registerEntry(25)[m: Registered bmorph:guardian_laser
2025-03-09 02:31:17,389 [32mINFO [m [m[Worker-Main-14][m [md.b.b.u.DynamicRegistry.registerEntry(25)[m: Registered bmorph:riding/ride_chicken_if_baby_zombie
2025-03-09 02:31:17,389 [32mINFO [m [m[Worker-Main-14][m [md.b.b.u.DynamicRegistry.registerEntry(25)[m: Registered bmorph:all_food_insta_regen
2025-03-09 02:31:17,390 [32mINFO [m [m[Worker-Main-14][m [md.b.b.u.DynamicRegistry.registerEntry(25)[m: Registered bmorph:speed_changes/swiftness
2025-03-09 02:31:17,391 [32mINFO [m [m[Worker-Main-14][m [md.b.b.u.DynamicRegistry.registerEntry(25)[m: Registered bmorph:cod_yeet
2025-03-09 02:31:17,391 [32mINFO [m [m[Worker-Main-14][m [md.b.b.u.DynamicRegistry.registerEntry(25)[m: Registered bmorph:extreme_regeneration
2025-03-09 02:31:17,393 [32mINFO [m [m[Worker-Main-14][m [md.b.b.u.DynamicRegistry.registerEntry(25)[m: Registered bmorph:ender_dragon_bossbar
2025-03-09 02:31:17,393 [32mINFO [m [m[Worker-Main-14][m [md.b.b.u.DynamicRegistry.registerEntry(25)[m: Registered bmorph:transformations/turn_to_zombie
2025-03-09 02:31:17,394 [32mINFO [m [m[Worker-Main-14][m [md.b.b.u.DynamicRegistry.registerEntry(25)[m: Registered bmorph:wither_enabled_visuals
2025-03-09 02:31:17,395 [32mINFO [m [m[Worker-Main-14][m [md.b.b.u.DynamicRegistry.registerEntry(25)[m: Registered bmorph:disable_wither
2025-03-09 02:31:17,396 [32mINFO [m [m[Worker-Main-14][m [md.b.b.u.DynamicRegistry.registerEntry(25)[m: Registered bmorph:witch_potion_yeet
2025-03-09 02:31:17,397 [32mINFO [m [m[Worker-Main-14][m [md.b.b.u.DynamicRegistry.registerEntry(25)[m: Registered bmorph:no_flames
2025-03-09 02:31:17,397 [32mINFO [m [m[Worker-Main-14][m [md.b.b.u.DynamicRegistry.registerEntry(25)[m: Registered bmorph:no_wither_damage
2025-03-09 02:31:17,398 [32mINFO [m [m[Worker-Main-14][m [md.b.b.u.DynamicRegistry.registerEntry(25)[m: Registered bmorph:speed_changes/extreme_swiftness
2025-03-09 02:31:17,399 [32mINFO [m [m[Worker-Main-14][m [md.b.b.u.DynamicRegistry.registerEntry(25)[m: Registered bmorph:reach
2025-03-09 02:31:17,400 [32mINFO [m [m[Worker-Main-14][m [md.b.b.u.DynamicRegistry.registerEntry(25)[m: Registered bmorph:egg_yeet
2025-03-09 02:31:17,400 [32mINFO [m [m[Worker-Main-14][m [md.b.b.u.DynamicRegistry.registerEntry(25)[m: Registered bmorph:no_berry_damage
2025-03-09 02:31:17,401 [32mINFO [m [m[Worker-Main-14][m [md.b.b.u.DynamicRegistry.registerEntry(25)[m: Registered bmorph:witch_potions/slowness_potion
2025-03-09 02:31:17,402 [32mINFO [m [m[Worker-Main-14][m [md.b.b.u.DynamicRegistry.registerEntry(25)[m: Registered bmorph:burn_in_sun_ignore_hat
2025-03-09 02:31:17,402 [32mINFO [m [m[Worker-Main-14][m [md.b.b.u.DynamicRegistry.registerEntry(25)[m: Registered bmorph:transform_to_zombified_piglin_on_lightning_hit
2025-03-09 02:31:17,405 [32mINFO [m [m[Worker-Main-14][m [md.b.b.u.DynamicRegistry.registerEntry(25)[m: Registered bmorph:transformations/turn_to_stray_as_skeleton
2025-03-09 02:31:17,406 [32mINFO [m [m[Worker-Main-14][m [md.b.b.u.DynamicRegistry.registerEntry(25)[m: Registered bmorph:ender_dragon_enabled_visuals
2025-03-09 02:31:17,407 [32mINFO [m [m[Worker-Main-14][m [md.b.b.u.DynamicRegistry.registerEntry(25)[m: Registered bmorph:witch_potions/poison_potion
2025-03-09 02:31:17,408 [32mINFO [m [m[Worker-Main-14][m [md.b.b.u.DynamicRegistry.registerEntry(25)[m: Registered bmorph:flying
2025-03-09 02:31:17,410 [32mINFO [m [m[Worker-Main-14][m [md.b.b.u.DynamicRegistry.registerEntry(25)[m: Registered bmorph:absorption_on_use
2025-03-09 02:31:17,411 [32mINFO [m [m[Worker-Main-14][m [md.b.b.u.DynamicRegistry.registerEntry(25)[m: Registered bmorph:magma_cube/magma_cube_jumpboost_3
2025-03-09 02:31:17,412 [32mINFO [m [m[Worker-Main-14][m [md.b.b.u.DynamicRegistry.registerEntry(25)[m: Registered bmorph:riding/ride_spider
2025-03-09 02:31:17,414 [32mINFO [m [m[Worker-Main-14][m [md.b.b.u.DynamicRegistry.registerEntry(25)[m: Registered bmorph:even_more_damage
2025-03-09 02:31:17,414 [32mINFO [m [m[Worker-Main-14][m [md.b.b.u.DynamicRegistry.registerEntry(25)[m: Registered bmorph:magma_cube/magma_cube_jumpboost_1
2025-03-09 02:31:17,415 [32mINFO [m [m[Worker-Main-14][m [md.b.b.u.DynamicRegistry.registerEntry(25)[m: Registered bmorph:speed_changes/web_speed
2025-03-09 02:31:17,416 [32mINFO [m [m[Worker-Main-14][m [md.b.b.u.DynamicRegistry.registerEntry(25)[m: Registered bmorph:fire_blaze
2025-03-09 02:31:17,418 [32mINFO [m [m[Worker-Main-14][m [md.b.b.u.DynamicRegistry.registerEntry(25)[m: Registered bmorph:magma_cube/magma_cube_jumpboost_0
2025-03-09 02:31:17,419 [32mINFO [m [m[Worker-Main-14][m [md.b.b.u.DynamicRegistry.registerEntry(25)[m: Registered bmorph:phantom_glide_ability
2025-03-09 02:31:17,420 [32mINFO [m [m[Worker-Main-14][m [md.b.b.u.DynamicRegistry.registerEntry(25)[m: Registered bmorph:squid_boost
2025-03-09 02:31:17,420 [32mINFO [m [m[Worker-Main-14][m [md.b.b.u.DynamicRegistry.registerEntry(25)[m: Registered bmorph:wither_skull_yeet
2025-03-09 02:31:17,421 [32mINFO [m [m[Worker-Main-14][m [md.b.b.u.DynamicRegistry.registerEntry(25)[m: Registered bmorph:magma_cube/magma_cube_armor_3
2025-03-09 02:31:17,421 [32mINFO [m [m[Worker-Main-14][m [md.b.b.u.DynamicRegistry.registerEntry(25)[m: Registered bmorph:transformations/turn_to_stray
2025-03-09 02:31:17,422 [32mINFO [m [m[Worker-Main-14][m [md.b.b.u.DynamicRegistry.registerEntry(25)[m: Registered bmorph:wither_on_hit
2025-03-09 02:31:17,424 [32mINFO [m [m[Worker-Main-14][m [md.b.b.u.DynamicRegistry.registerEntry(25)[m: Registered bmorph:magma_cube/magma_cube_armor_0
2025-03-09 02:31:17,424 [32mINFO [m [m[Worker-Main-14][m [md.b.b.u.DynamicRegistry.registerEntry(25)[m: Registered bmorph:magma_cube/magma_cube_armor_1
2025-03-09 02:31:17,424 [32mINFO [m [m[Worker-Main-14][m [md.b.b.u.DynamicRegistry.registerEntry(25)[m: Registered bmorph:burn_in_sun
2025-03-09 02:31:17,425 [32mINFO [m [m[Worker-Main-14][m [md.b.b.u.DynamicRegistry.registerEntry(25)[m: Registered bmorph:wither_bossbar
2025-03-09 02:31:17,426 [32mINFO [m [m[Worker-Main-14][m [md.b.b.u.DynamicRegistry.registerEntry(25)[m: Registered bmorph:pufferfish_yeet
2025-03-09 02:31:17,426 [32mINFO [m [m[Worker-Main-14][m [md.b.b.u.DynamicRegistry.registerEntry(25)[m: Registered bmorph:speed_changes/extreme_swiftness_fov
2025-03-09 02:31:17,426 [32mINFO [m [m[Worker-Main-14][m [md.b.b.u.DynamicRegistry.registerEntry(25)[m: Registered bmorph:tropical_fish_yeet
2025-03-09 02:31:17,427 [32mINFO [m [m[Worker-Main-14][m [md.b.b.u.DynamicRegistry.registerEntry(25)[m: Registered bmorph:elder_guardian_jumpscare
2025-03-09 02:31:17,430 [32mINFO [m [m[Worker-Main-14][m [md.b.b.u.DynamicRegistry.registerEntry(25)[m: Registered bmorph:sheep_eat_grass
2025-03-09 02:31:17,432 [32mINFO [m [m[Worker-Main-14][m [md.b.b.u.DynamicRegistry.registerEntry(25)[m: Registered bmorph:transformations/turn_to_husk
2025-03-09 02:31:17,432 [32mINFO [m [m[Worker-Main-14][m [md.b.b.u.DynamicRegistry.registerEntry(25)[m: Registered bmorph:witch_potions/harming_potion
2025-03-09 02:31:17,433 [32mINFO [m [m[Worker-Main-14][m [md.b.b.u.DynamicRegistry.registerEntry(25)[m: Registered bmorph:climbing
2025-03-09 02:31:17,434 [32mINFO [m [m[Worker-Main-14][m [md.b.b.u.DynamicRegistry.registerEntry(25)[m: Registered bmorph:enderman_teleport_on_projectile_contact
2025-03-09 02:31:17,435 [32mINFO [m [m[Worker-Main-14][m [md.b.b.u.DynamicRegistry.registerEntry(25)[m: Registered bmorph:no_fall_damage
2025-03-09 02:31:17,436 [32mINFO [m [m[Worker-Main-14][m [md.b.b.u.DynamicRegistry.registerEntry(25)[m: Registered bmorph:snowball_yeet
2025-03-09 02:31:17,436 [32mINFO [m [m[Worker-Main-14][m [md.b.b.u.DynamicRegistry.registerEntry(25)[m: Registered bmorph:more_damage
2025-03-09 02:31:17,437 [32mINFO [m [m[Worker-Main-14][m [md.b.b.u.DynamicRegistry.registerEntry(25)[m: Registered bmorph:riding/ride_chicken
2025-03-09 02:31:17,438 [32mINFO [m [m[Worker-Main-14][m [md.b.b.u.DynamicRegistry.registerEntry(25)[m: Registered bmorph:no_in_fire_damage
2025-03-09 02:31:17,439 [32mINFO [m [m[Worker-Main-14][m [md.b.b.u.DynamicRegistry.registerEntry(25)[m: Registered bmorph:disable_ender_dragon
2025-03-09 02:31:17,441 [32mINFO [m [m[Worker-Main-14][m [md.b.b.u.DynamicRegistry.registerEntry(25)[m: Registered bmorph:cow_milk
2025-03-09 02:31:17,441 [32mINFO [m [m[Worker-Main-14][m [md.b.b.u.DynamicRegistry.registerEntry(25)[m: Registered bmorph:extreme_reach
2025-03-09 02:31:17,442 [32mINFO [m [m[Worker-Main-14][m [md.b.b.u.DynamicRegistry.registerEntry(25)[m: Registered bmorph:no_knockback
2025-03-09 02:31:17,443 [32mINFO [m [m[Worker-Main-14][m [md.b.b.u.DynamicRegistry.registerEntry(25)[m: Registered bmorph:transformations/turn_to_zombified_piglin_from_pig
2025-03-09 02:31:17,444 [32mINFO [m [m[Worker-Main-14][m [md.b.b.u.DynamicRegistry.registerEntry(25)[m: Registered bmorph:enderman_teleport
2025-03-09 02:31:17,444 [33mWARN [m [m[Worker-Main-14][m [md.b.b.m.f.c.ConfigurableAbility.lambda$deserialize$0(39)[m: Received bad data when parsing configurable ability: Non [a-z0-9_.-] character in namespace of location: #bmorph:speed_changes/slowness
2025-03-09 02:31:17,445 [32mINFO [m [m[Worker-Main-14][m [md.b.b.u.DynamicRegistry.registerEntry(25)[m: Registered bmorph:transformations/turn_to_witch
2025-03-09 02:31:17,445 [32mINFO [m [m[Worker-Main-14][m [md.b.b.u.DynamicRegistry.registerEntry(25)[m: Registered bmorph:no_magic_damage
2025-03-09 02:31:17,446 [32mINFO [m [m[Worker-Main-14][m [md.b.b.u.DynamicRegistry.registerEntry(25)[m: Registered bmorph:no_on_fire_damage
2025-03-09 02:31:17,448 [32mINFO [m [m[Worker-Main-14][m [md.b.b.u.DynamicRegistry.registerEntry(25)[m: Registered bmorph:age_to_is_baby
2025-03-09 02:31:17,449 [32mINFO [m [m[Worker-Main-14][m [md.b.b.u.DynamicRegistry.registerEntry(25)[m: Registered bmorph:clear_owner
2025-03-09 02:31:17,449 [32mINFO [m [m[Worker-Main-14][m [md.b.b.u.DynamicRegistry.registerEntry(25)[m: Registered bmorph:age_cutter
2025-03-09 02:31:17,450 [1;31mERROR[m [m[Worker-Main-14][m [mtac.lambda$apply$1(65)[m: Missing required properties for tac:medium_steel_armor
2025-03-09 02:31:17,450 [33mWARN [m [m[Worker-Main-14][m [m.println(785)[m: java.io.InvalidObjectException: Missing required property: rig
2025-03-09 02:31:17,451 [33mWARN [m [m[Worker-Main-14][m [m.println(785)[m: 	at TRANSFORMER/tac@0.3.10-1.18.2/com.tac.guns.annotation.Validator.isValidObject(Validator.java:35)
2025-03-09 02:31:17,451 [33mWARN [m [m[Worker-Main-14][m [m.println(785)[m: 	at TRANSFORMER/tac@0.3.10-1.18.2/com.tac.guns.common.CustomRigLoader.lambda$apply$1(CustomRigLoader.java:54)
2025-03-09 02:31:17,452 [33mWARN [m [m[Worker-Main-14][m [m.println(785)[m: 	at java.base/java.util.HashMap.forEach(HashMap.java:1429)
2025-03-09 02:31:17,452 [33mWARN [m [m[Worker-Main-14][m [m.println(785)[m: 	at TRANSFORMER/tac@0.3.10-1.18.2/com.tac.guns.common.CustomRigLoader.apply(CustomRigLoader.java:49)
2025-03-09 02:31:17,453 [33mWARN [m [m[Worker-Main-14][m [m.println(785)[m: 	at TRANSFORMER/tac@0.3.10-1.18.2/com.tac.guns.common.CustomRigLoader.m_5787_(CustomRigLoader.java:28)
2025-03-09 02:31:17,453 [33mWARN [m [m[Worker-Main-14][m [m.println(785)[m: 	at TRANSFORMER/minecraft@1.18.2/net.minecraft.server.packs.resources.SimplePreparableReloadListener.m_10789_(SimplePreparableReloadListener.java:13)
2025-03-09 02:31:17,454 [33mWARN [m [m[Worker-Main-14][m [m.println(785)[m: 	at java.base/java.util.concurrent.CompletableFuture$UniAccept.tryFire(CompletableFuture.java:718)
2025-03-09 02:31:17,454 [33mWARN [m [m[Worker-Main-14][m [m.println(785)[m: 	at java.base/java.util.concurrent.CompletableFuture$Completion.run(CompletableFuture.java:482)
2025-03-09 02:31:17,455 [33mWARN [m [m[Worker-Main-14][m [m.println(785)[m: 	at TRANSFORMER/minecraft@1.18.2/net.minecraft.server.packs.resources.SimpleReloadInstance.m_143940_(SimpleReloadInstance.java:69)
2025-03-09 02:31:17,455 [33mWARN [m [m[Worker-Main-14][m [m.println(785)[m: 	at TRANSFORMER/minecraft@1.18.2/net.minecraft.util.thread.BlockableEventLoop.execute(BlockableEventLoop.java:103)
2025-03-09 02:31:17,456 [33mWARN [m [m[Worker-Main-14][m [m.println(785)[m: 	at TRANSFORMER/minecraft@1.18.2/net.minecraft.server.packs.resources.SimpleReloadInstance.m_10834_(SimpleReloadInstance.java:68)
2025-03-09 02:31:17,456 [33mWARN [m [m[Worker-Main-14][m [m.println(785)[m: 	at java.base/java.util.concurrent.CompletableFuture$UniCompletion.claim(CompletableFuture.java:572)
2025-03-09 02:31:17,456 [33mWARN [m [m[Worker-Main-14][m [m.println(785)[m: 	at java.base/java.util.concurrent.CompletableFuture$UniAccept.tryFire(CompletableFuture.java:714)
2025-03-09 02:31:17,457 [33mWARN [m [m[Worker-Main-14][m [m.println(785)[m: 	at java.base/java.util.concurrent.CompletableFuture.postComplete(CompletableFuture.java:510)
2025-03-09 02:31:17,457 [33mWARN [m [m[Worker-Main-14][m [m.println(785)[m: 	at java.base/java.util.concurrent.CompletableFuture.postFire(CompletableFuture.java:614)
2025-03-09 02:31:17,458 [33mWARN [m [m[Worker-Main-14][m [m.println(785)[m: 	at java.base/java.util.concurrent.CompletableFuture$UniAccept.tryFire(CompletableFuture.java:726)
2025-03-09 02:31:17,458 [33mWARN [m [m[Worker-Main-14][m [m.println(785)[m: 	at java.base/java.util.concurrent.CompletableFuture$Completion.run(CompletableFuture.java:482)
2025-03-09 02:31:17,459 [33mWARN [m [m[Worker-Main-14][m [m.println(785)[m: 	at TRANSFORMER/minecraft@1.18.2/net.minecraft.server.packs.resources.SimpleReloadInstance.m_143940_(SimpleReloadInstance.java:69)
2025-03-09 02:31:17,459 [33mWARN [m [m[Worker-Main-14][m [m.println(785)[m: 	at TRANSFORMER/minecraft@1.18.2/net.minecraft.util.thread.BlockableEventLoop.execute(BlockableEventLoop.java:103)
2025-03-09 02:31:17,460 [33mWARN [m [m[Worker-Main-14][m [m.println(785)[m: 	at TRANSFORMER/minecraft@1.18.2/net.minecraft.server.packs.resources.SimpleReloadInstance.m_10834_(SimpleReloadInstance.java:68)
2025-03-09 02:31:17,460 [33mWARN [m [m[Worker-Main-14][m [m.println(785)[m: 	at java.base/java.util.concurrent.CompletableFuture$UniCompletion.claim(CompletableFuture.java:572)
2025-03-09 02:31:17,460 [33mWARN [m [m[Worker-Main-14][m [m.println(785)[m: 	at java.base/java.util.concurrent.CompletableFuture$UniAccept.tryFire(CompletableFuture.java:714)
2025-03-09 02:31:17,461 [33mWARN [m [m[Worker-Main-14][m [m.println(785)[m: 	at java.base/java.util.concurrent.CompletableFuture.postComplete(CompletableFuture.java:510)
2025-03-09 02:31:17,461 [33mWARN [m [m[Worker-Main-14][m [m.println(785)[m: 	at java.base/java.util.concurrent.CompletableFuture.postFire(CompletableFuture.java:614)
2025-03-09 02:31:17,462 [33mWARN [m [m[Worker-Main-14][m [m.println(785)[m: 	at java.base/java.util.concurrent.CompletableFuture$UniAccept.tryFire(CompletableFuture.java:726)
2025-03-09 02:31:17,462 [33mWARN [m [m[Worker-Main-14][m [m.println(785)[m: 	at java.base/java.util.concurrent.CompletableFuture$Completion.run(CompletableFuture.java:482)
2025-03-09 02:31:17,462 [33mWARN [m [m[Worker-Main-14][m [m.println(785)[m: 	at TRANSFORMER/minecraft@1.18.2/net.minecraft.server.packs.resources.SimpleReloadInstance.m_143940_(SimpleReloadInstance.java:69)
2025-03-09 02:31:17,463 [33mWARN [m [m[Worker-Main-14][m [m.println(785)[m: 	at TRANSFORMER/minecraft@1.18.2/net.minecraft.util.thread.BlockableEventLoop.execute(BlockableEventLoop.java:103)
2025-03-09 02:31:17,464 [33mWARN [m [m[Worker-Main-14][m [m.println(785)[m: 	at TRANSFORMER/minecraft@1.18.2/net.minecraft.server.packs.resources.SimpleReloadInstance.m_10834_(SimpleReloadInstance.java:68)
2025-03-09 02:31:17,464 [33mWARN [m [m[Worker-Main-14][m [m.println(785)[m: 	at java.base/java.util.concurrent.CompletableFuture$UniCompletion.claim(CompletableFuture.java:572)
2025-03-09 02:31:17,465 [33mWARN [m [m[Worker-Main-14][m [m.println(785)[m: 	at java.base/java.util.concurrent.CompletableFuture$UniAccept.tryFire(CompletableFuture.java:714)
2025-03-09 02:31:17,465 [33mWARN [m [m[Worker-Main-14][m [m.println(785)[m: 	at java.base/java.util.concurrent.CompletableFuture.postComplete(CompletableFuture.java:510)
2025-03-09 02:31:17,465 [33mWARN [m [m[Worker-Main-14][m [m.println(785)[m: 	at java.base/java.util.concurrent.CompletableFuture.postFire(CompletableFuture.java:614)
2025-03-09 02:31:17,466 [33mWARN [m [m[Worker-Main-14][m [m.println(785)[m: 	at java.base/java.util.concurrent.CompletableFuture$UniAccept.tryFire(CompletableFuture.java:726)
2025-03-09 02:31:17,466 [33mWARN [m [m[Worker-Main-14][m [m.println(785)[m: 	at java.base/java.util.concurrent.CompletableFuture$Completion.run(CompletableFuture.java:482)
2025-03-09 02:31:17,467 [33mWARN [m [m[Worker-Main-14][m [m.println(785)[m: 	at TRANSFORMER/minecraft@1.18.2/net.minecraft.server.packs.resources.SimpleReloadInstance.m_143940_(SimpleReloadInstance.java:69)
2025-03-09 02:31:17,467 [33mWARN [m [m[Worker-Main-14][m [m.println(785)[m: 	at TRANSFORMER/minecraft@1.18.2/net.minecraft.util.thread.BlockableEventLoop.execute(BlockableEventLoop.java:103)
2025-03-09 02:31:17,467 [33mWARN [m [m[Worker-Main-14][m [m.println(785)[m: 	at TRANSFORMER/minecraft@1.18.2/net.minecraft.server.packs.resources.SimpleReloadInstance.m_10834_(SimpleReloadInstance.java:68)
2025-03-09 02:31:17,468 [33mWARN [m [m[Worker-Main-14][m [m.println(785)[m: 	at java.base/java.util.concurrent.CompletableFuture$UniCompletion.claim(CompletableFuture.java:572)
2025-03-09 02:31:17,469 [33mWARN [m [m[Worker-Main-14][m [m.println(785)[m: 	at java.base/java.util.concurrent.CompletableFuture$UniAccept.tryFire(CompletableFuture.java:714)
2025-03-09 02:31:17,469 [33mWARN [m [m[Worker-Main-14][m [m.println(785)[m: 	at java.base/java.util.concurrent.CompletableFuture.postComplete(CompletableFuture.java:510)
2025-03-09 02:31:17,470 [33mWARN [m [m[Worker-Main-14][m [m.println(785)[m: 	at java.base/java.util.concurrent.CompletableFuture.postFire(CompletableFuture.java:614)
2025-03-09 02:31:17,470 [33mWARN [m [m[Worker-Main-14][m [m.println(785)[m: 	at java.base/java.util.concurrent.CompletableFuture$UniAccept.tryFire(CompletableFuture.java:726)
2025-03-09 02:31:17,470 [33mWARN [m [m[Worker-Main-14][m [m.println(785)[m: 	at java.base/java.util.concurrent.CompletableFuture$Completion.run(CompletableFuture.java:482)
2025-03-09 02:31:17,471 [33mWARN [m [m[Worker-Main-14][m [m.println(785)[m: 	at TRANSFORMER/minecraft@1.18.2/net.minecraft.server.packs.resources.SimpleReloadInstance.m_143940_(SimpleReloadInstance.java:69)
2025-03-09 02:31:17,471 [33mWARN [m [m[Worker-Main-14][m [m.println(785)[m: 	at TRANSFORMER/minecraft@1.18.2/net.minecraft.util.thread.BlockableEventLoop.execute(BlockableEventLoop.java:103)
2025-03-09 02:31:17,472 [33mWARN [m [m[Worker-Main-14][m [m.println(785)[m: 	at TRANSFORMER/minecraft@1.18.2/net.minecraft.server.packs.resources.SimpleReloadInstance.m_10834_(SimpleReloadInstance.java:68)
2025-03-09 02:31:17,472 [33mWARN [m [m[Worker-Main-14][m [m.println(785)[m: 	at java.base/java.util.concurrent.CompletableFuture$UniCompletion.claim(CompletableFuture.java:572)
2025-03-09 02:31:17,473 [33mWARN [m [m[Worker-Main-14][m [m.println(785)[m: 	at java.base/java.util.concurrent.CompletableFuture$UniAccept.tryFire(CompletableFuture.java:714)
2025-03-09 02:31:17,473 [33mWARN [m [m[Worker-Main-14][m [m.println(785)[m: 	at java.base/java.util.concurrent.CompletableFuture.postComplete(CompletableFuture.java:510)
2025-03-09 02:31:17,474 [33mWARN [m [m[Worker-Main-14][m [m.println(785)[m: 	at java.base/java.util.concurrent.CompletableFuture.postFire(CompletableFuture.java:614)
2025-03-09 02:31:17,474 [33mWARN [m [m[Worker-Main-14][m [m.println(785)[m: 	at java.base/java.util.concurrent.CompletableFuture$UniAccept.tryFire(CompletableFuture.java:726)
2025-03-09 02:31:17,475 [33mWARN [m [m[Worker-Main-14][m [m.println(785)[m: 	at java.base/java.util.concurrent.CompletableFuture$Completion.run(CompletableFuture.java:482)
2025-03-09 02:31:17,475 [33mWARN [m [m[Worker-Main-14][m [m.println(785)[m: 	at TRANSFORMER/minecraft@1.18.2/net.minecraft.server.packs.resources.SimpleReloadInstance.m_143940_(SimpleReloadInstance.java:69)
2025-03-09 02:31:17,475 [33mWARN [m [m[Worker-Main-14][m [m.println(785)[m: 	at TRANSFORMER/minecraft@1.18.2/net.minecraft.util.thread.BlockableEventLoop.execute(BlockableEventLoop.java:103)
2025-03-09 02:31:17,476 [33mWARN [m [m[Worker-Main-14][m [m.println(785)[m: 	at TRANSFORMER/minecraft@1.18.2/net.minecraft.server.packs.resources.SimpleReloadInstance.m_10834_(SimpleReloadInstance.java:68)
2025-03-09 02:31:17,476 [33mWARN [m [m[Worker-Main-14][m [m.println(785)[m: 	at java.base/java.util.concurrent.CompletableFuture$UniCompletion.claim(CompletableFuture.java:572)
2025-03-09 02:31:17,477 [33mWARN [m [m[Worker-Main-14][m [m.println(785)[m: 	at java.base/java.util.concurrent.CompletableFuture$UniAccept.tryFire(CompletableFuture.java:714)
2025-03-09 02:31:17,477 [33mWARN [m [m[Worker-Main-14][m [m.println(785)[m: 	at java.base/java.util.concurrent.CompletableFuture.postComplete(CompletableFuture.java:510)
2025-03-09 02:31:17,478 [33mWARN [m [m[Worker-Main-14][m [m.println(785)[m: 	at java.base/java.util.concurrent.CompletableFuture.postFire(CompletableFuture.java:614)
2025-03-09 02:31:17,478 [33mWARN [m [m[Worker-Main-14][m [m.println(785)[m: 	at java.base/java.util.concurrent.CompletableFuture$UniAccept.tryFire(CompletableFuture.java:726)
2025-03-09 02:31:17,479 [33mWARN [m [m[Worker-Main-14][m [m.println(785)[m: 	at java.base/java.util.concurrent.CompletableFuture$Completion.run(CompletableFuture.java:482)
2025-03-09 02:31:17,482 [33mWARN [m [m[Worker-Main-14][m [m.println(785)[m: 	at TRANSFORMER/minecraft@1.18.2/net.minecraft.server.packs.resources.SimpleReloadInstance.m_143940_(SimpleReloadInstance.java:69)
2025-03-09 02:31:17,482 [33mWARN [m [m[Worker-Main-14][m [m.println(785)[m: 	at TRANSFORMER/minecraft@1.18.2/net.minecraft.util.thread.BlockableEventLoop.execute(BlockableEventLoop.java:103)
2025-03-09 02:31:17,482 [33mWARN [m [m[Worker-Main-14][m [m.println(785)[m: 	at TRANSFORMER/minecraft@1.18.2/net.minecraft.server.packs.resources.SimpleReloadInstance.m_10834_(SimpleReloadInstance.java:68)
2025-03-09 02:31:17,483 [33mWARN [m [m[Worker-Main-14][m [m.println(785)[m: 	at java.base/java.util.concurrent.CompletableFuture$UniCompletion.claim(CompletableFuture.java:572)
2025-03-09 02:31:17,483 [33mWARN [m [m[Worker-Main-14][m [m.println(785)[m: 	at java.base/java.util.concurrent.CompletableFuture$UniAccept.tryFire(CompletableFuture.java:714)
2025-03-09 02:31:17,484 [33mWARN [m [m[Worker-Main-14][m [m.println(785)[m: 	at java.base/java.util.concurrent.CompletableFuture.postComplete(CompletableFuture.java:510)
2025-03-09 02:31:17,484 [33mWARN [m [m[Worker-Main-14][m [m.println(785)[m: 	at java.base/java.util.concurrent.CompletableFuture.postFire(CompletableFuture.java:614)
2025-03-09 02:31:17,485 [33mWARN [m [m[Worker-Main-14][m [m.println(785)[m: 	at java.base/java.util.concurrent.CompletableFuture$UniAccept.tryFire(CompletableFuture.java:726)
2025-03-09 02:31:17,485 [33mWARN [m [m[Worker-Main-14][m [m.println(785)[m: 	at java.base/java.util.concurrent.CompletableFuture$Completion.run(CompletableFuture.java:482)
2025-03-09 02:31:17,485 [33mWARN [m [m[Worker-Main-14][m [m.println(785)[m: 	at TRANSFORMER/minecraft@1.18.2/net.minecraft.server.packs.resources.SimpleReloadInstance.m_143940_(SimpleReloadInstance.java:69)
2025-03-09 02:31:17,486 [33mWARN [m [m[Worker-Main-14][m [m.println(785)[m: 	at TRANSFORMER/minecraft@1.18.2/net.minecraft.util.thread.BlockableEventLoop.execute(BlockableEventLoop.java:103)
2025-03-09 02:31:17,486 [33mWARN [m [m[Worker-Main-14][m [m.println(785)[m: 	at TRANSFORMER/minecraft@1.18.2/net.minecraft.server.packs.resources.SimpleReloadInstance.m_10834_(SimpleReloadInstance.java:68)
2025-03-09 02:31:17,487 [33mWARN [m [m[Worker-Main-14][m [m.println(785)[m: 	at java.base/java.util.concurrent.CompletableFuture$UniCompletion.claim(CompletableFuture.java:572)
2025-03-09 02:31:17,487 [33mWARN [m [m[Worker-Main-14][m [m.println(785)[m: 	at java.base/java.util.concurrent.CompletableFuture$UniAccept.tryFire(CompletableFuture.java:714)
2025-03-09 02:31:17,488 [33mWARN [m [m[Worker-Main-14][m [m.println(785)[m: 	at java.base/java.util.concurrent.CompletableFuture.postComplete(CompletableFuture.java:510)
2025-03-09 02:31:17,488 [33mWARN [m [m[Worker-Main-14][m [m.println(785)[m: 	at java.base/java.util.concurrent.CompletableFuture.postFire(CompletableFuture.java:614)
2025-03-09 02:31:17,489 [33mWARN [m [m[Worker-Main-14][m [m.println(785)[m: 	at java.base/java.util.concurrent.CompletableFuture$UniAccept.tryFire(CompletableFuture.java:726)
2025-03-09 02:31:17,489 [33mWARN [m [m[Worker-Main-14][m [m.println(785)[m: 	at java.base/java.util.concurrent.CompletableFuture$Completion.run(CompletableFuture.java:482)
2025-03-09 02:31:17,490 [33mWARN [m [m[Worker-Main-14][m [m.println(785)[m: 	at TRANSFORMER/minecraft@1.18.2/net.minecraft.server.packs.resources.SimpleReloadInstance.m_143940_(SimpleReloadInstance.java:69)
2025-03-09 02:31:17,490 [33mWARN [m [m[Worker-Main-14][m [m.println(785)[m: 	at TRANSFORMER/minecraft@1.18.2/net.minecraft.util.thread.BlockableEventLoop.execute(BlockableEventLoop.java:103)
2025-03-09 02:31:17,490 [33mWARN [m [m[Worker-Main-14][m [m.println(785)[m: 	at TRANSFORMER/minecraft@1.18.2/net.minecraft.server.packs.resources.SimpleReloadInstance.m_10834_(SimpleReloadInstance.java:68)
2025-03-09 02:31:17,491 [33mWARN [m [m[Worker-Main-14][m [m.println(785)[m: 	at java.base/java.util.concurrent.CompletableFuture$UniCompletion.claim(CompletableFuture.java:572)
2025-03-09 02:31:17,491 [33mWARN [m [m[Worker-Main-14][m [m.println(785)[m: 	at java.base/java.util.concurrent.CompletableFuture$UniAccept.tryFire(CompletableFuture.java:714)
2025-03-09 02:31:17,492 [33mWARN [m [m[Worker-Main-14][m [m.println(785)[m: 	at java.base/java.util.concurrent.CompletableFuture.postComplete(CompletableFuture.java:510)
2025-03-09 02:31:17,492 [33mWARN [m [m[Worker-Main-14][m [m.println(785)[m: 	at java.base/java.util.concurrent.CompletableFuture.postFire(CompletableFuture.java:614)
2025-03-09 02:31:17,492 [33mWARN [m [m[Worker-Main-14][m [m.println(785)[m: 	at java.base/java.util.concurrent.CompletableFuture$UniAccept.tryFire(CompletableFuture.java:726)
2025-03-09 02:31:17,493 [33mWARN [m [m[Worker-Main-14][m [m.println(785)[m: 	at java.base/java.util.concurrent.CompletableFuture$Completion.run(CompletableFuture.java:482)
2025-03-09 02:31:17,493 [33mWARN [m [m[Worker-Main-14][m [m.println(785)[m: 	at TRANSFORMER/minecraft@1.18.2/net.minecraft.server.packs.resources.SimpleReloadInstance.m_143940_(SimpleReloadInstance.java:69)
2025-03-09 02:31:17,494 [33mWARN [m [m[Worker-Main-14][m [m.println(785)[m: 	at TRANSFORMER/minecraft@1.18.2/net.minecraft.util.thread.BlockableEventLoop.execute(BlockableEventLoop.java:103)
2025-03-09 02:31:17,494 [33mWARN [m [m[Worker-Main-14][m [m.println(785)[m: 	at TRANSFORMER/minecraft@1.18.2/net.minecraft.server.packs.resources.SimpleReloadInstance.m_10834_(SimpleReloadInstance.java:68)
2025-03-09 02:31:17,495 [33mWARN [m [m[Worker-Main-14][m [m.println(785)[m: 	at java.base/java.util.concurrent.CompletableFuture$UniCompletion.claim(CompletableFuture.java:572)
2025-03-09 02:31:17,495 [33mWARN [m [m[Worker-Main-14][m [m.println(785)[m: 	at java.base/java.util.concurrent.CompletableFuture$UniAccept.tryFire(CompletableFuture.java:714)
2025-03-09 02:31:17,495 [33mWARN [m [m[Worker-Main-14][m [m.println(785)[m: 	at java.base/java.util.concurrent.CompletableFuture.postComplete(CompletableFuture.java:510)
2025-03-09 02:31:17,496 [33mWARN [m [m[Worker-Main-14][m [m.println(785)[m: 	at java.base/java.util.concurrent.CompletableFuture.postFire(CompletableFuture.java:614)
2025-03-09 02:31:17,496 [33mWARN [m [m[Worker-Main-14][m [m.println(785)[m: 	at java.base/java.util.concurrent.CompletableFuture$UniAccept.tryFire(CompletableFuture.java:726)
2025-03-09 02:31:17,497 [33mWARN [m [m[Worker-Main-14][m [m.println(785)[m: 	at java.base/java.util.concurrent.CompletableFuture$Completion.run(CompletableFuture.java:482)
2025-03-09 02:31:17,497 [33mWARN [m [m[Worker-Main-14][m [m.println(785)[m: 	at TRANSFORMER/minecraft@1.18.2/net.minecraft.server.packs.resources.SimpleReloadInstance.m_143940_(SimpleReloadInstance.java:69)
2025-03-09 02:31:17,497 [33mWARN [m [m[Worker-Main-14][m [m.println(785)[m: 	at TRANSFORMER/minecraft@1.18.2/net.minecraft.util.thread.BlockableEventLoop.execute(BlockableEventLoop.java:103)
2025-03-09 02:31:17,498 [33mWARN [m [m[Worker-Main-14][m [m.println(785)[m: 	at TRANSFORMER/minecraft@1.18.2/net.minecraft.server.packs.resources.SimpleReloadInstance.m_10834_(SimpleReloadInstance.java:68)
2025-03-09 02:31:17,499 [33mWARN [m [m[Worker-Main-14][m [m.println(785)[m: 	at java.base/java.util.concurrent.CompletableFuture$UniCompletion.claim(CompletableFuture.java:572)
2025-03-09 02:31:17,499 [33mWARN [m [m[Worker-Main-14][m [m.println(785)[m: 	at java.base/java.util.concurrent.CompletableFuture$UniAccept.tryFire(CompletableFuture.java:714)
2025-03-09 02:31:17,500 [33mWARN [m [m[Worker-Main-14][m [m.println(785)[m: 	at java.base/java.util.concurrent.CompletableFuture.postComplete(CompletableFuture.java:510)
2025-03-09 02:31:17,500 [33mWARN [m [m[Worker-Main-14][m [m.println(785)[m: 	at java.base/java.util.concurrent.CompletableFuture.postFire(CompletableFuture.java:614)
2025-03-09 02:31:17,500 [33mWARN [m [m[Worker-Main-14][m [m.println(785)[m: 	at java.base/java.util.concurrent.CompletableFuture$UniAccept.tryFire(CompletableFuture.java:726)
2025-03-09 02:31:17,501 [33mWARN [m [m[Worker-Main-14][m [m.println(785)[m: 	at java.base/java.util.concurrent.CompletableFuture$Completion.run(CompletableFuture.java:482)
2025-03-09 02:31:17,501 [33mWARN [m [m[Worker-Main-14][m [m.println(785)[m: 	at TRANSFORMER/minecraft@1.18.2/net.minecraft.server.packs.resources.SimpleReloadInstance.m_143940_(SimpleReloadInstance.java:69)
2025-03-09 02:31:17,502 [33mWARN [m [m[Worker-Main-14][m [m.println(785)[m: 	at TRANSFORMER/minecraft@1.18.2/net.minecraft.util.thread.BlockableEventLoop.execute(BlockableEventLoop.java:103)
2025-03-09 02:31:17,502 [33mWARN [m [m[Worker-Main-14][m [m.println(785)[m: 	at TRANSFORMER/minecraft@1.18.2/net.minecraft.server.packs.resources.SimpleReloadInstance.m_10834_(SimpleReloadInstance.java:68)
2025-03-09 02:31:17,503 [33mWARN [m [m[Worker-Main-14][m [m.println(785)[m: 	at java.base/java.util.concurrent.CompletableFuture$UniCompletion.claim(CompletableFuture.java:572)
2025-03-09 02:31:17,504 [33mWARN [m [m[Worker-Main-14][m [m.println(785)[m: 	at java.base/java.util.concurrent.CompletableFuture$UniAccept.tryFire(CompletableFuture.java:714)
2025-03-09 02:31:17,505 [33mWARN [m [m[Worker-Main-14][m [m.println(785)[m: 	at java.base/java.util.concurrent.CompletableFuture.postComplete(CompletableFuture.java:510)
2025-03-09 02:31:17,505 [33mWARN [m [m[Worker-Main-14][m [m.println(785)[m: 	at java.base/java.util.concurrent.CompletableFuture.postFire(CompletableFuture.java:614)
2025-03-09 02:31:17,505 [33mWARN [m [m[Worker-Main-14][m [m.println(785)[m: 	at java.base/java.util.concurrent.CompletableFuture$UniAccept.tryFire(CompletableFuture.java:726)
2025-03-09 02:31:17,506 [33mWARN [m [m[Worker-Main-14][m [m.println(785)[m: 	at java.base/java.util.concurrent.CompletableFuture$Completion.run(CompletableFuture.java:482)
2025-03-09 02:31:17,506 [33mWARN [m [m[Worker-Main-14][m [m.println(785)[m: 	at TRANSFORMER/minecraft@1.18.2/net.minecraft.server.packs.resources.SimpleReloadInstance.m_143940_(SimpleReloadInstance.java:69)
2025-03-09 02:31:17,506 [33mWARN [m [m[Worker-Main-14][m [m.println(785)[m: 	at TRANSFORMER/minecraft@1.18.2/net.minecraft.util.thread.BlockableEventLoop.execute(BlockableEventLoop.java:103)
2025-03-09 02:31:17,507 [33mWARN [m [m[Worker-Main-14][m [m.println(785)[m: 	at TRANSFORMER/minecraft@1.18.2/net.minecraft.server.packs.resources.SimpleReloadInstance.m_10834_(SimpleReloadInstance.java:68)
2025-03-09 02:31:17,507 [33mWARN [m [m[Worker-Main-14][m [m.println(785)[m: 	at java.base/java.util.concurrent.CompletableFuture$UniCompletion.claim(CompletableFuture.java:572)
2025-03-09 02:31:17,508 [33mWARN [m [m[Worker-Main-14][m [m.println(785)[m: 	at java.base/java.util.concurrent.CompletableFuture$UniAccept.tryFire(CompletableFuture.java:714)
2025-03-09 02:31:17,508 [33mWARN [m [m[Worker-Main-14][m [m.println(785)[m: 	at java.base/java.util.concurrent.CompletableFuture.postComplete(CompletableFuture.java:510)
2025-03-09 02:31:17,509 [33mWARN [m [m[Worker-Main-14][m [m.println(785)[m: 	at java.base/java.util.concurrent.CompletableFuture.postFire(CompletableFuture.java:614)
2025-03-09 02:31:17,509 [33mWARN [m [m[Worker-Main-14][m [m.println(785)[m: 	at java.base/java.util.concurrent.CompletableFuture$UniAccept.tryFire(CompletableFuture.java:726)
2025-03-09 02:31:17,510 [33mWARN [m [m[Worker-Main-14][m [m.println(785)[m: 	at java.base/java.util.concurrent.CompletableFuture$Completion.run(CompletableFuture.java:482)
2025-03-09 02:31:17,510 [33mWARN [m [m[Worker-Main-14][m [m.println(785)[m: 	at TRANSFORMER/minecraft@1.18.2/net.minecraft.server.packs.resources.SimpleReloadInstance.m_143940_(SimpleReloadInstance.java:69)
2025-03-09 02:31:17,510 [33mWARN [m [m[Worker-Main-14][m [m.println(785)[m: 	at TRANSFORMER/minecraft@1.18.2/net.minecraft.util.thread.BlockableEventLoop.execute(BlockableEventLoop.java:103)
2025-03-09 02:31:17,511 [33mWARN [m [m[Worker-Main-14][m [m.println(785)[m: 	at TRANSFORMER/minecraft@1.18.2/net.minecraft.server.packs.resources.SimpleReloadInstance.m_10834_(SimpleReloadInstance.java:68)
2025-03-09 02:31:17,512 [33mWARN [m [m[Worker-Main-14][m [m.println(785)[m: 	at java.base/java.util.concurrent.CompletableFuture$UniCompletion.claim(CompletableFuture.java:572)
2025-03-09 02:31:17,512 [33mWARN [m [m[Worker-Main-14][m [m.println(785)[m: 	at java.base/java.util.concurrent.CompletableFuture$UniAccept.tryFire(CompletableFuture.java:714)
2025-03-09 02:31:17,512 [33mWARN [m [m[Worker-Main-14][m [m.println(785)[m: 	at java.base/java.util.concurrent.CompletableFuture.postComplete(CompletableFuture.java:510)
2025-03-09 02:31:17,514 [33mWARN [m [m[Worker-Main-14][m [m.println(785)[m: 	at java.base/java.util.concurrent.CompletableFuture.postFire(CompletableFuture.java:614)
2025-03-09 02:31:17,514 [33mWARN [m [m[Worker-Main-14][m [m.println(785)[m: 	at java.base/java.util.concurrent.CompletableFuture$UniAccept.tryFire(CompletableFuture.java:726)
2025-03-09 02:31:17,515 [33mWARN [m [m[Worker-Main-14][m [m.println(785)[m: 	at java.base/java.util.concurrent.CompletableFuture$Completion.run(CompletableFuture.java:482)
2025-03-09 02:31:17,515 [33mWARN [m [m[Worker-Main-14][m [m.println(785)[m: 	at TRANSFORMER/minecraft@1.18.2/net.minecraft.server.packs.resources.SimpleReloadInstance.m_143940_(SimpleReloadInstance.java:69)
2025-03-09 02:31:17,515 [33mWARN [m [m[Worker-Main-14][m [m.println(785)[m: 	at TRANSFORMER/minecraft@1.18.2/net.minecraft.util.thread.BlockableEventLoop.execute(BlockableEventLoop.java:103)
2025-03-09 02:31:17,516 [33mWARN [m [m[Worker-Main-14][m [m.println(785)[m: 	at TRANSFORMER/minecraft@1.18.2/net.minecraft.server.packs.resources.SimpleReloadInstance.m_10834_(SimpleReloadInstance.java:68)
2025-03-09 02:31:17,516 [33mWARN [m [m[Worker-Main-14][m [m.println(785)[m: 	at java.base/java.util.concurrent.CompletableFuture$UniCompletion.claim(CompletableFuture.java:572)
2025-03-09 02:31:17,517 [33mWARN [m [m[Worker-Main-14][m [m.println(785)[m: 	at java.base/java.util.concurrent.CompletableFuture$UniAccept.tryFire(CompletableFuture.java:714)
2025-03-09 02:31:17,517 [33mWARN [m [m[Worker-Main-14][m [m.println(785)[m: 	at java.base/java.util.concurrent.CompletableFuture.postComplete(CompletableFuture.java:510)
2025-03-09 02:31:17,518 [33mWARN [m [m[Worker-Main-14][m [m.println(785)[m: 	at java.base/java.util.concurrent.CompletableFuture.postFire(CompletableFuture.java:614)
2025-03-09 02:31:17,518 [33mWARN [m [m[Worker-Main-14][m [m.println(785)[m: 	at java.base/java.util.concurrent.CompletableFuture$UniAccept.tryFire(CompletableFuture.java:726)
2025-03-09 02:31:17,518 [33mWARN [m [m[Worker-Main-14][m [m.println(785)[m: 	at java.base/java.util.concurrent.CompletableFuture$Completion.run(CompletableFuture.java:482)
2025-03-09 02:31:17,519 [33mWARN [m [m[Worker-Main-14][m [m.println(785)[m: 	at TRANSFORMER/minecraft@1.18.2/net.minecraft.server.packs.resources.SimpleReloadInstance.m_143940_(SimpleReloadInstance.java:69)
2025-03-09 02:31:17,519 [33mWARN [m [m[Worker-Main-14][m [m.println(785)[m: 	at TRANSFORMER/minecraft@1.18.2/net.minecraft.util.thread.BlockableEventLoop.execute(BlockableEventLoop.java:103)
2025-03-09 02:31:17,520 [33mWARN [m [m[Worker-Main-14][m [m.println(785)[m: 	at TRANSFORMER/minecraft@1.18.2/net.minecraft.server.packs.resources.SimpleReloadInstance.m_10834_(SimpleReloadInstance.java:68)
2025-03-09 02:31:17,520 [33mWARN [m [m[Worker-Main-14][m [m.println(785)[m: 	at java.base/java.util.concurrent.CompletableFuture$UniCompletion.claim(CompletableFuture.java:572)
2025-03-09 02:31:17,521 [33mWARN [m [m[Worker-Main-14][m [m.println(785)[m: 	at java.base/java.util.concurrent.CompletableFuture$UniAccept.tryFire(CompletableFuture.java:714)
2025-03-09 02:31:17,521 [33mWARN [m [m[Worker-Main-14][m [m.println(785)[m: 	at java.base/java.util.concurrent.CompletableFuture.postComplete(CompletableFuture.java:510)
2025-03-09 02:31:17,522 [33mWARN [m [m[Worker-Main-14][m [m.println(785)[m: 	at java.base/java.util.concurrent.CompletableFuture.postFire(CompletableFuture.java:614)
2025-03-09 02:31:17,522 [33mWARN [m [m[Worker-Main-14][m [m.println(785)[m: 	at java.base/java.util.concurrent.CompletableFuture$UniAccept.tryFire(CompletableFuture.java:726)
2025-03-09 02:31:17,522 [33mWARN [m [m[Worker-Main-14][m [m.println(785)[m: 	at java.base/java.util.concurrent.CompletableFuture$Completion.run(CompletableFuture.java:482)
2025-03-09 02:31:17,523 [33mWARN [m [m[Worker-Main-14][m [m.println(785)[m: 	at TRANSFORMER/minecraft@1.18.2/net.minecraft.server.packs.resources.SimpleReloadInstance.m_143940_(SimpleReloadInstance.java:69)
2025-03-09 02:31:17,523 [33mWARN [m [m[Worker-Main-14][m [m.println(785)[m: 	at TRANSFORMER/minecraft@1.18.2/net.minecraft.util.thread.BlockableEventLoop.execute(BlockableEventLoop.java:103)
2025-03-09 02:31:17,524 [33mWARN [m [m[Worker-Main-14][m [m.println(785)[m: 	at TRANSFORMER/minecraft@1.18.2/net.minecraft.server.packs.resources.SimpleReloadInstance.m_10834_(SimpleReloadInstance.java:68)
2025-03-09 02:31:17,524 [33mWARN [m [m[Worker-Main-14][m [m.println(785)[m: 	at java.base/java.util.concurrent.CompletableFuture$UniCompletion.claim(CompletableFuture.java:572)
2025-03-09 02:31:17,525 [33mWARN [m [m[Worker-Main-14][m [m.println(785)[m: 	at java.base/java.util.concurrent.CompletableFuture$UniAccept.tryFire(CompletableFuture.java:714)
2025-03-09 02:31:17,525 [33mWARN [m [m[Worker-Main-14][m [m.println(785)[m: 	at java.base/java.util.concurrent.CompletableFuture.postComplete(CompletableFuture.java:510)
2025-03-09 02:31:17,526 [33mWARN [m [m[Worker-Main-14][m [m.println(785)[m: 	at java.base/java.util.concurrent.CompletableFuture.postFire(CompletableFuture.java:614)
2025-03-09 02:31:17,526 [33mWARN [m [m[Worker-Main-14][m [m.println(785)[m: 	at java.base/java.util.concurrent.CompletableFuture$UniAccept.tryFire(CompletableFuture.java:726)
2025-03-09 02:31:17,526 [33mWARN [m [m[Worker-Main-14][m [m.println(785)[m: 	at java.base/java.util.concurrent.CompletableFuture$Completion.run(CompletableFuture.java:482)
2025-03-09 02:31:17,527 [33mWARN [m [m[Worker-Main-14][m [m.println(785)[m: 	at TRANSFORMER/minecraft@1.18.2/net.minecraft.server.packs.resources.SimpleReloadInstance.m_143940_(SimpleReloadInstance.java:69)
2025-03-09 02:31:17,527 [33mWARN [m [m[Worker-Main-14][m [m.println(785)[m: 	at TRANSFORMER/minecraft@1.18.2/net.minecraft.util.thread.BlockableEventLoop.execute(BlockableEventLoop.java:103)
2025-03-09 02:31:17,528 [33mWARN [m [m[Worker-Main-14][m [m.println(785)[m: 	at TRANSFORMER/minecraft@1.18.2/net.minecraft.server.packs.resources.SimpleReloadInstance.m_10834_(SimpleReloadInstance.java:68)
2025-03-09 02:31:17,528 [33mWARN [m [m[Worker-Main-14][m [m.println(785)[m: 	at java.base/java.util.concurrent.CompletableFuture$UniCompletion.claim(CompletableFuture.java:572)
2025-03-09 02:31:17,529 [33mWARN [m [m[Worker-Main-14][m [m.println(785)[m: 	at java.base/java.util.concurrent.CompletableFuture$UniAccept.tryFire(CompletableFuture.java:714)
2025-03-09 02:31:17,529 [33mWARN [m [m[Worker-Main-14][m [m.println(785)[m: 	at java.base/java.util.concurrent.CompletableFuture.postComplete(CompletableFuture.java:510)
2025-03-09 02:31:17,530 [33mWARN [m [m[Worker-Main-14][m [m.println(785)[m: 	at java.base/java.util.concurrent.CompletableFuture.complete(CompletableFuture.java:2179)
2025-03-09 02:31:17,530 [33mWARN [m [m[Worker-Main-14][m [m.println(785)[m: 	at TRANSFORMER/minecraft@1.18.2/net.minecraft.server.packs.resources.SimpleReloadInstance$1.m_10855_(SimpleReloadInstance.java:51)
2025-03-09 02:31:17,530 [33mWARN [m [m[Worker-Main-14][m [m.println(785)[m: 	at TRANSFORMER/minecraft@1.18.2/net.minecraft.util.thread.BlockableEventLoop.execute(BlockableEventLoop.java:103)
2025-03-09 02:31:17,531 [33mWARN [m [m[Worker-Main-14][m [m.println(785)[m: 	at TRANSFORMER/minecraft@1.18.2/net.minecraft.server.packs.resources.SimpleReloadInstance$1.m_6769_(SimpleReloadInstance.java:48)
2025-03-09 02:31:17,531 [33mWARN [m [m[Worker-Main-14][m [m.println(785)[m: 	at java.base/java.util.concurrent.CompletableFuture$UniCompose.tryFire(CompletableFuture.java:1150)
2025-03-09 02:31:17,532 [33mWARN [m [m[Worker-Main-14][m [m.println(785)[m: 	at java.base/java.util.concurrent.CompletableFuture.postComplete(CompletableFuture.java:510)
2025-03-09 02:31:17,532 [33mWARN [m [m[Worker-Main-14][m [m.println(785)[m: 	at java.base/java.util.concurrent.CompletableFuture$AsyncSupply.run(CompletableFuture.java:1773)
2025-03-09 02:31:17,532 [33mWARN [m [m[Worker-Main-14][m [m.println(785)[m: 	at java.base/java.util.concurrent.CompletableFuture$AsyncSupply.exec(CompletableFuture.java:1760)
2025-03-09 02:31:17,533 [33mWARN [m [m[Worker-Main-14][m [m.println(785)[m: 	at java.base/java.util.concurrent.ForkJoinTask.doExec(ForkJoinTask.java:387)
2025-03-09 02:31:17,533 [33mWARN [m [m[Worker-Main-14][m [m.println(785)[m: 	at java.base/java.util.concurrent.ForkJoinPool$WorkQueue.topLevelExec(ForkJoinPool.java:1312)
2025-03-09 02:31:17,534 [33mWARN [m [m[Worker-Main-14][m [m.println(785)[m: 	at java.base/java.util.concurrent.ForkJoinPool.scan(ForkJoinPool.java:1843)
2025-03-09 02:31:17,534 [33mWARN [m [m[Worker-Main-14][m [m.println(785)[m: 	at java.base/java.util.concurrent.ForkJoinPool.runWorker(ForkJoinPool.java:1808)
2025-03-09 02:31:17,535 [33mWARN [m [m[Worker-Main-14][m [m.println(785)[m: 	at java.base/java.util.concurrent.ForkJoinWorkerThread.run(ForkJoinWorkerThread.java:188)
2025-03-09 02:31:17,535 [1;31mERROR[m [m[Worker-Main-14][m [mtac.lambda$apply$1(65)[m: Missing required properties for tac:cardboard_armor
2025-03-09 02:31:17,536 [33mWARN [m [m[Worker-Main-14][m [m.println(785)[m: java.io.InvalidObjectException: Missing required property: rig
2025-03-09 02:31:17,536 [33mWARN [m [m[Worker-Main-14][m [m.println(785)[m: 	at TRANSFORMER/tac@0.3.10-1.18.2/com.tac.guns.annotation.Validator.isValidObject(Validator.java:35)
2025-03-09 02:31:17,537 [33mWARN [m [m[Worker-Main-14][m [m.println(785)[m: 	at TRANSFORMER/tac@0.3.10-1.18.2/com.tac.guns.common.CustomRigLoader.lambda$apply$1(CustomRigLoader.java:54)
2025-03-09 02:31:17,537 [33mWARN [m [m[Worker-Main-14][m [m.println(785)[m: 	at java.base/java.util.HashMap.forEach(HashMap.java:1429)
2025-03-09 02:31:17,538 [33mWARN [m [m[Worker-Main-14][m [m.println(785)[m: 	at TRANSFORMER/tac@0.3.10-1.18.2/com.tac.guns.common.CustomRigLoader.apply(CustomRigLoader.java:49)
2025-03-09 02:31:17,538 [33mWARN [m [m[Worker-Main-14][m [m.println(785)[m: 	at TRANSFORMER/tac@0.3.10-1.18.2/com.tac.guns.common.CustomRigLoader.m_5787_(CustomRigLoader.java:28)
2025-03-09 02:31:17,539 [33mWARN [m [m[Worker-Main-14][m [m.println(785)[m: 	at TRANSFORMER/minecraft@1.18.2/net.minecraft.server.packs.resources.SimplePreparableReloadListener.m_10789_(SimplePreparableReloadListener.java:13)
2025-03-09 02:31:17,539 [33mWARN [m [m[Worker-Main-14][m [m.println(785)[m: 	at java.base/java.util.concurrent.CompletableFuture$UniAccept.tryFire(CompletableFuture.java:718)
2025-03-09 02:31:17,540 [33mWARN [m [m[Worker-Main-14][m [m.println(785)[m: 	at java.base/java.util.concurrent.CompletableFuture$Completion.run(CompletableFuture.java:482)
2025-03-09 02:31:17,540 [33mWARN [m [m[Worker-Main-14][m [m.println(785)[m: 	at TRANSFORMER/minecraft@1.18.2/net.minecraft.server.packs.resources.SimpleReloadInstance.m_143940_(SimpleReloadInstance.java:69)
2025-03-09 02:31:17,541 [33mWARN [m [m[Worker-Main-14][m [m.println(785)[m: 	at TRANSFORMER/minecraft@1.18.2/net.minecraft.util.thread.BlockableEventLoop.execute(BlockableEventLoop.java:103)
2025-03-09 02:31:17,541 [33mWARN [m [m[Worker-Main-14][m [m.println(785)[m: 	at TRANSFORMER/minecraft@1.18.2/net.minecraft.server.packs.resources.SimpleReloadInstance.m_10834_(SimpleReloadInstance.java:68)
2025-03-09 02:31:17,541 [33mWARN [m [m[Worker-Main-14][m [m.println(785)[m: 	at java.base/java.util.concurrent.CompletableFuture$UniCompletion.claim(CompletableFuture.java:572)
2025-03-09 02:31:17,542 [33mWARN [m [m[Worker-Main-14][m [m.println(785)[m: 	at java.base/java.util.concurrent.CompletableFuture$UniAccept.tryFire(CompletableFuture.java:714)
2025-03-09 02:31:17,542 [33mWARN [m [m[Worker-Main-14][m [m.println(785)[m: 	at java.base/java.util.concurrent.CompletableFuture.postComplete(CompletableFuture.java:510)
2025-03-09 02:31:17,543 [33mWARN [m [m[Worker-Main-14][m [m.println(785)[m: 	at java.base/java.util.concurrent.CompletableFuture.postFire(CompletableFuture.java:614)
2025-03-09 02:31:17,543 [33mWARN [m [m[Worker-Main-14][m [m.println(785)[m: 	at java.base/java.util.concurrent.CompletableFuture$UniAccept.tryFire(CompletableFuture.java:726)
2025-03-09 02:31:17,543 [33mWARN [m [m[Worker-Main-14][m [m.println(785)[m: 	at java.base/java.util.concurrent.CompletableFuture$Completion.run(CompletableFuture.java:482)
2025-03-09 02:31:17,545 [33mWARN [m [m[Worker-Main-14][m [m.println(785)[m: 	at TRANSFORMER/minecraft@1.18.2/net.minecraft.server.packs.resources.SimpleReloadInstance.m_143940_(SimpleReloadInstance.java:69)
2025-03-09 02:31:17,545 [33mWARN [m [m[Worker-Main-14][m [m.println(785)[m: 	at TRANSFORMER/minecraft@1.18.2/net.minecraft.util.thread.BlockableEventLoop.execute(BlockableEventLoop.java:103)
2025-03-09 02:31:17,546 [33mWARN [m [m[Worker-Main-14][m [m.println(785)[m: 	at TRANSFORMER/minecraft@1.18.2/net.minecraft.server.packs.resources.SimpleReloadInstance.m_10834_(SimpleReloadInstance.java:68)
2025-03-09 02:31:17,547 [33mWARN [m [m[Worker-Main-14][m [m.println(785)[m: 	at java.base/java.util.concurrent.CompletableFuture$UniCompletion.claim(CompletableFuture.java:572)
2025-03-09 02:31:17,549 [33mWARN [m [m[Worker-Main-14][m [m.println(785)[m: 	at java.base/java.util.concurrent.CompletableFuture$UniAccept.tryFire(CompletableFuture.java:714)
2025-03-09 02:31:17,550 [33mWARN [m [m[Worker-Main-14][m [m.println(785)[m: 	at java.base/java.util.concurrent.CompletableFuture.postComplete(CompletableFuture.java:510)
2025-03-09 02:31:17,551 [33mWARN [m [m[Worker-Main-14][m [m.println(785)[m: 	at java.base/java.util.concurrent.CompletableFuture.postFire(CompletableFuture.java:614)
2025-03-09 02:31:17,552 [33mWARN [m [m[Worker-Main-14][m [m.println(785)[m: 	at java.base/java.util.concurrent.CompletableFuture$UniAccept.tryFire(CompletableFuture.java:726)
2025-03-09 02:31:17,553 [33mWARN [m [m[Worker-Main-14][m [m.println(785)[m: 	at java.base/java.util.concurrent.CompletableFuture$Completion.run(CompletableFuture.java:482)
2025-03-09 02:31:17,553 [33mWARN [m [m[Worker-Main-14][m [m.println(785)[m: 	at TRANSFORMER/minecraft@1.18.2/net.minecraft.server.packs.resources.SimpleReloadInstance.m_143940_(SimpleReloadInstance.java:69)
2025-03-09 02:31:17,553 [33mWARN [m [m[Worker-Main-14][m [m.println(785)[m: 	at TRANSFORMER/minecraft@1.18.2/net.minecraft.util.thread.BlockableEventLoop.execute(BlockableEventLoop.java:103)
2025-03-09 02:31:17,554 [33mWARN [m [m[Worker-Main-14][m [m.println(785)[m: 	at TRANSFORMER/minecraft@1.18.2/net.minecraft.server.packs.resources.SimpleReloadInstance.m_10834_(SimpleReloadInstance.java:68)
2025-03-09 02:31:17,554 [33mWARN [m [m[Worker-Main-14][m [m.println(785)[m: 	at java.base/java.util.concurrent.CompletableFuture$UniCompletion.claim(CompletableFuture.java:572)
2025-03-09 02:31:17,555 [33mWARN [m [m[Worker-Main-14][m [m.println(785)[m: 	at java.base/java.util.concurrent.CompletableFuture$UniAccept.tryFire(CompletableFuture.java:714)
2025-03-09 02:31:17,555 [33mWARN [m [m[Worker-Main-14][m [m.println(785)[m: 	at java.base/java.util.concurrent.CompletableFuture.postComplete(CompletableFuture.java:510)
2025-03-09 02:31:17,555 [33mWARN [m [m[Worker-Main-14][m [m.println(785)[m: 	at java.base/java.util.concurrent.CompletableFuture.postFire(CompletableFuture.java:614)
2025-03-09 02:31:17,556 [33mWARN [m [m[Worker-Main-14][m [m.println(785)[m: 	at java.base/java.util.concurrent.CompletableFuture$UniAccept.tryFire(CompletableFuture.java:726)
2025-03-09 02:31:17,556 [33mWARN [m [m[Worker-Main-14][m [m.println(785)[m: 	at java.base/java.util.concurrent.CompletableFuture$Completion.run(CompletableFuture.java:482)
2025-03-09 02:31:17,557 [33mWARN [m [m[Worker-Main-14][m [m.println(785)[m: 	at TRANSFORMER/minecraft@1.18.2/net.minecraft.server.packs.resources.SimpleReloadInstance.m_143940_(SimpleReloadInstance.java:69)
2025-03-09 02:31:17,557 [33mWARN [m [m[Worker-Main-14][m [m.println(785)[m: 	at TRANSFORMER/minecraft@1.18.2/net.minecraft.util.thread.BlockableEventLoop.execute(BlockableEventLoop.java:103)
2025-03-09 02:31:17,558 [33mWARN [m [m[Worker-Main-14][m [m.println(785)[m: 	at TRANSFORMER/minecraft@1.18.2/net.minecraft.server.packs.resources.SimpleReloadInstance.m_10834_(SimpleReloadInstance.java:68)
2025-03-09 02:31:17,558 [33mWARN [m [m[Worker-Main-14][m [m.println(785)[m: 	at java.base/java.util.concurrent.CompletableFuture$UniCompletion.claim(CompletableFuture.java:572)
2025-03-09 02:31:17,558 [33mWARN [m [m[Worker-Main-14][m [m.println(785)[m: 	at java.base/java.util.concurrent.CompletableFuture$UniAccept.tryFire(CompletableFuture.java:714)
2025-03-09 02:31:17,559 [33mWARN [m [m[Worker-Main-14][m [m.println(785)[m: 	at java.base/java.util.concurrent.CompletableFuture.postComplete(CompletableFuture.java:510)
2025-03-09 02:31:17,559 [33mWARN [m [m[Worker-Main-14][m [m.println(785)[m: 	at java.base/java.util.concurrent.CompletableFuture.postFire(CompletableFuture.java:614)
2025-03-09 02:31:17,559 [33mWARN [m [m[Worker-Main-14][m [m.println(785)[m: 	at java.base/java.util.concurrent.CompletableFuture$UniAccept.tryFire(CompletableFuture.java:726)
2025-03-09 02:31:17,560 [33mWARN [m [m[Worker-Main-14][m [m.println(785)[m: 	at java.base/java.util.concurrent.CompletableFuture$Completion.run(CompletableFuture.java:482)
2025-03-09 02:31:17,560 [33mWARN [m [m[Worker-Main-14][m [m.println(785)[m: 	at TRANSFORMER/minecraft@1.18.2/net.minecraft.server.packs.resources.SimpleReloadInstance.m_143940_(SimpleReloadInstance.java:69)
2025-03-09 02:31:17,561 [33mWARN [m [m[Worker-Main-14][m [m.println(785)[m: 	at TRANSFORMER/minecraft@1.18.2/net.minecraft.util.thread.BlockableEventLoop.execute(BlockableEventLoop.java:103)
2025-03-09 02:31:17,561 [33mWARN [m [m[Worker-Main-14][m [m.println(785)[m: 	at TRANSFORMER/minecraft@1.18.2/net.minecraft.server.packs.resources.SimpleReloadInstance.m_10834_(SimpleReloadInstance.java:68)
2025-03-09 02:31:17,562 [33mWARN [m [m[Worker-Main-14][m [m.println(785)[m: 	at java.base/java.util.concurrent.CompletableFuture$UniCompletion.claim(CompletableFuture.java:572)
2025-03-09 02:31:17,562 [33mWARN [m [m[Worker-Main-14][m [m.println(785)[m: 	at java.base/java.util.concurrent.CompletableFuture$UniAccept.tryFire(CompletableFuture.java:714)
2025-03-09 02:31:17,562 [33mWARN [m [m[Worker-Main-14][m [m.println(785)[m: 	at java.base/java.util.concurrent.CompletableFuture.postComplete(CompletableFuture.java:510)
2025-03-09 02:31:17,563 [33mWARN [m [m[Worker-Main-14][m [m.println(785)[m: 	at java.base/java.util.concurrent.CompletableFuture.postFire(CompletableFuture.java:614)
2025-03-09 02:31:17,563 [33mWARN [m [m[Worker-Main-14][m [m.println(785)[m: 	at java.base/java.util.concurrent.CompletableFuture$UniAccept.tryFire(CompletableFuture.java:726)
2025-03-09 02:31:17,564 [33mWARN [m [m[Worker-Main-14][m [m.println(785)[m: 	at java.base/java.util.concurrent.CompletableFuture$Completion.run(CompletableFuture.java:482)
2025-03-09 02:31:17,564 [33mWARN [m [m[Worker-Main-14][m [m.println(785)[m: 	at TRANSFORMER/minecraft@1.18.2/net.minecraft.server.packs.resources.SimpleReloadInstance.m_143940_(SimpleReloadInstance.java:69)
2025-03-09 02:31:17,564 [33mWARN [m [m[Worker-Main-14][m [m.println(785)[m: 	at TRANSFORMER/minecraft@1.18.2/net.minecraft.util.thread.BlockableEventLoop.execute(BlockableEventLoop.java:103)
2025-03-09 02:31:17,565 [33mWARN [m [m[Worker-Main-14][m [m.println(785)[m: 	at TRANSFORMER/minecraft@1.18.2/net.minecraft.server.packs.resources.SimpleReloadInstance.m_10834_(SimpleReloadInstance.java:68)
2025-03-09 02:31:17,565 [33mWARN [m [m[Worker-Main-14][m [m.println(785)[m: 	at java.base/java.util.concurrent.CompletableFuture$UniCompletion.claim(CompletableFuture.java:572)
2025-03-09 02:31:17,566 [33mWARN [m [m[Worker-Main-14][m [m.println(785)[m: 	at java.base/java.util.concurrent.CompletableFuture$UniAccept.tryFire(CompletableFuture.java:714)
2025-03-09 02:31:17,567 [33mWARN [m [m[Worker-Main-14][m [m.println(785)[m: 	at java.base/java.util.concurrent.CompletableFuture.postComplete(CompletableFuture.java:510)
2025-03-09 02:31:17,567 [33mWARN [m [m[Worker-Main-14][m [m.println(785)[m: 	at java.base/java.util.concurrent.CompletableFuture.postFire(CompletableFuture.java:614)
2025-03-09 02:31:17,568 [33mWARN [m [m[Worker-Main-14][m [m.println(785)[m: 	at java.base/java.util.concurrent.CompletableFuture$UniAccept.tryFire(CompletableFuture.java:726)
2025-03-09 02:31:17,568 [33mWARN [m [m[Worker-Main-14][m [m.println(785)[m: 	at java.base/java.util.concurrent.CompletableFuture$Completion.run(CompletableFuture.java:482)
2025-03-09 02:31:17,568 [33mWARN [m [m[Worker-Main-14][m [m.println(785)[m: 	at TRANSFORMER/minecraft@1.18.2/net.minecraft.server.packs.resources.SimpleReloadInstance.m_143940_(SimpleReloadInstance.java:69)
2025-03-09 02:31:17,568 [33mWARN [m [m[Worker-Main-14][m [m.println(785)[m: 	at TRANSFORMER/minecraft@1.18.2/net.minecraft.util.thread.BlockableEventLoop.execute(BlockableEventLoop.java:103)
2025-03-09 02:31:17,569 [33mWARN [m [m[Worker-Main-14][m [m.println(785)[m: 	at TRANSFORMER/minecraft@1.18.2/net.minecraft.server.packs.resources.SimpleReloadInstance.m_10834_(SimpleReloadInstance.java:68)
2025-03-09 02:31:17,569 [33mWARN [m [m[Worker-Main-14][m [m.println(785)[m: 	at java.base/java.util.concurrent.CompletableFuture$UniCompletion.claim(CompletableFuture.java:572)
2025-03-09 02:31:17,569 [33mWARN [m [m[Worker-Main-14][m [m.println(785)[m: 	at java.base/java.util.concurrent.CompletableFuture$UniAccept.tryFire(CompletableFuture.java:714)
2025-03-09 02:31:17,570 [33mWARN [m [m[Worker-Main-14][m [m.println(785)[m: 	at java.base/java.util.concurrent.CompletableFuture.postComplete(CompletableFuture.java:510)
2025-03-09 02:31:17,570 [33mWARN [m [m[Worker-Main-14][m [m.println(785)[m: 	at java.base/java.util.concurrent.CompletableFuture.postFire(CompletableFuture.java:614)
2025-03-09 02:31:17,571 [33mWARN [m [m[Worker-Main-14][m [m.println(785)[m: 	at java.base/java.util.concurrent.CompletableFuture$UniAccept.tryFire(CompletableFuture.java:726)
2025-03-09 02:31:17,571 [33mWARN [m [m[Worker-Main-14][m [m.println(785)[m: 	at java.base/java.util.concurrent.CompletableFuture$Completion.run(CompletableFuture.java:482)
2025-03-09 02:31:17,571 [33mWARN [m [m[Worker-Main-14][m [m.println(785)[m: 	at TRANSFORMER/minecraft@1.18.2/net.minecraft.server.packs.resources.SimpleReloadInstance.m_143940_(SimpleReloadInstance.java:69)
2025-03-09 02:31:17,572 [33mWARN [m [m[Worker-Main-14][m [m.println(785)[m: 	at TRANSFORMER/minecraft@1.18.2/net.minecraft.util.thread.BlockableEventLoop.execute(BlockableEventLoop.java:103)
2025-03-09 02:31:17,572 [33mWARN [m [m[Worker-Main-14][m [m.println(785)[m: 	at TRANSFORMER/minecraft@1.18.2/net.minecraft.server.packs.resources.SimpleReloadInstance.m_10834_(SimpleReloadInstance.java:68)
2025-03-09 02:31:17,574 [33mWARN [m [m[Worker-Main-14][m [m.println(785)[m: 	at java.base/java.util.concurrent.CompletableFuture$UniCompletion.claim(CompletableFuture.java:572)
2025-03-09 02:31:17,574 [33mWARN [m [m[Worker-Main-14][m [m.println(785)[m: 	at java.base/java.util.concurrent.CompletableFuture$UniAccept.tryFire(CompletableFuture.java:714)
2025-03-09 02:31:17,574 [33mWARN [m [m[Worker-Main-14][m [m.println(785)[m: 	at java.base/java.util.concurrent.CompletableFuture.postComplete(CompletableFuture.java:510)
2025-03-09 02:31:17,575 [33mWARN [m [m[Worker-Main-14][m [m.println(785)[m: 	at java.base/java.util.concurrent.CompletableFuture.postFire(CompletableFuture.java:614)
2025-03-09 02:31:17,575 [33mWARN [m [m[Worker-Main-14][m [m.println(785)[m: 	at java.base/java.util.concurrent.CompletableFuture$UniAccept.tryFire(CompletableFuture.java:726)
2025-03-09 02:31:17,577 [33mWARN [m [m[Worker-Main-14][m [m.println(785)[m: 	at java.base/java.util.concurrent.CompletableFuture$Completion.run(CompletableFuture.java:482)
2025-03-09 02:31:17,577 [33mWARN [m [m[Worker-Main-14][m [m.println(785)[m: 	at TRANSFORMER/minecraft@1.18.2/net.minecraft.server.packs.resources.SimpleReloadInstance.m_143940_(SimpleReloadInstance.java:69)
2025-03-09 02:31:17,578 [33mWARN [m [m[Worker-Main-14][m [m.println(785)[m: 	at TRANSFORMER/minecraft@1.18.2/net.minecraft.util.thread.BlockableEventLoop.execute(BlockableEventLoop.java:103)
2025-03-09 02:31:17,578 [33mWARN [m [m[Worker-Main-14][m [m.println(785)[m: 	at TRANSFORMER/minecraft@1.18.2/net.minecraft.server.packs.resources.SimpleReloadInstance.m_10834_(SimpleReloadInstance.java:68)
2025-03-09 02:31:17,578 [33mWARN [m [m[Worker-Main-14][m [m.println(785)[m: 	at java.base/java.util.concurrent.CompletableFuture$UniCompletion.claim(CompletableFuture.java:572)
2025-03-09 02:31:17,579 [33mWARN [m [m[Worker-Main-14][m [m.println(785)[m: 	at java.base/java.util.concurrent.CompletableFuture$UniAccept.tryFire(CompletableFuture.java:714)
2025-03-09 02:31:17,579 [33mWARN [m [m[Worker-Main-14][m [m.println(785)[m: 	at java.base/java.util.concurrent.CompletableFuture.postComplete(CompletableFuture.java:510)
2025-03-09 02:31:17,579 [33mWARN [m [m[Worker-Main-14][m [m.println(785)[m: 	at java.base/java.util.concurrent.CompletableFuture.postFire(CompletableFuture.java:614)
2025-03-09 02:31:17,581 [33mWARN [m [m[Worker-Main-14][m [m.println(785)[m: 	at java.base/java.util.concurrent.CompletableFuture$UniAccept.tryFire(CompletableFuture.java:726)
2025-03-09 02:31:17,581 [33mWARN [m [m[Worker-Main-14][m [m.println(785)[m: 	at java.base/java.util.concurrent.CompletableFuture$Completion.run(CompletableFuture.java:482)
2025-03-09 02:31:17,582 [33mWARN [m [m[Worker-Main-14][m [m.println(785)[m: 	at TRANSFORMER/minecraft@1.18.2/net.minecraft.server.packs.resources.SimpleReloadInstance.m_143940_(SimpleReloadInstance.java:69)
2025-03-09 02:31:17,583 [33mWARN [m [m[Worker-Main-14][m [m.println(785)[m: 	at TRANSFORMER/minecraft@1.18.2/net.minecraft.util.thread.BlockableEventLoop.execute(BlockableEventLoop.java:103)
2025-03-09 02:31:17,583 [33mWARN [m [m[Worker-Main-14][m [m.println(785)[m: 	at TRANSFORMER/minecraft@1.18.2/net.minecraft.server.packs.resources.SimpleReloadInstance.m_10834_(SimpleReloadInstance.java:68)
2025-03-09 02:31:17,583 [33mWARN [m [m[Worker-Main-14][m [m.println(785)[m: 	at java.base/java.util.concurrent.CompletableFuture$UniCompletion.claim(CompletableFuture.java:572)
2025-03-09 02:31:17,584 [33mWARN [m [m[Worker-Main-14][m [m.println(785)[m: 	at java.base/java.util.concurrent.CompletableFuture$UniAccept.tryFire(CompletableFuture.java:714)
2025-03-09 02:31:17,584 [33mWARN [m [m[Worker-Main-14][m [m.println(785)[m: 	at java.base/java.util.concurrent.CompletableFuture.postComplete(CompletableFuture.java:510)
2025-03-09 02:31:17,585 [33mWARN [m [m[Worker-Main-14][m [m.println(785)[m: 	at java.base/java.util.concurrent.CompletableFuture.postFire(CompletableFuture.java:614)
2025-03-09 02:31:17,585 [33mWARN [m [m[Worker-Main-14][m [m.println(785)[m: 	at java.base/java.util.concurrent.CompletableFuture$UniAccept.tryFire(CompletableFuture.java:726)
2025-03-09 02:31:17,586 [33mWARN [m [m[Worker-Main-14][m [m.println(785)[m: 	at java.base/java.util.concurrent.CompletableFuture$Completion.run(CompletableFuture.java:482)
2025-03-09 02:31:17,586 [33mWARN [m [m[Worker-Main-14][m [m.println(785)[m: 	at TRANSFORMER/minecraft@1.18.2/net.minecraft.server.packs.resources.SimpleReloadInstance.m_143940_(SimpleReloadInstance.java:69)
2025-03-09 02:31:17,586 [33mWARN [m [m[Worker-Main-14][m [m.println(785)[m: 	at TRANSFORMER/minecraft@1.18.2/net.minecraft.util.thread.BlockableEventLoop.execute(BlockableEventLoop.java:103)
2025-03-09 02:31:17,587 [33mWARN [m [m[Worker-Main-14][m [m.println(785)[m: 	at TRANSFORMER/minecraft@1.18.2/net.minecraft.server.packs.resources.SimpleReloadInstance.m_10834_(SimpleReloadInstance.java:68)
2025-03-09 02:31:17,587 [33mWARN [m [m[Worker-Main-14][m [m.println(785)[m: 	at java.base/java.util.concurrent.CompletableFuture$UniCompletion.claim(CompletableFuture.java:572)
2025-03-09 02:31:17,587 [33mWARN [m [m[Worker-Main-14][m [m.println(785)[m: 	at java.base/java.util.concurrent.CompletableFuture$UniAccept.tryFire(CompletableFuture.java:714)
2025-03-09 02:31:17,588 [33mWARN [m [m[Worker-Main-14][m [m.println(785)[m: 	at java.base/java.util.concurrent.CompletableFuture.postComplete(CompletableFuture.java:510)
2025-03-09 02:31:17,588 [33mWARN [m [m[Worker-Main-14][m [m.println(785)[m: 	at java.base/java.util.concurrent.CompletableFuture.postFire(CompletableFuture.java:614)
2025-03-09 02:31:17,589 [33mWARN [m [m[Worker-Main-14][m [m.println(785)[m: 	at java.base/java.util.concurrent.CompletableFuture$UniAccept.tryFire(CompletableFuture.java:726)
2025-03-09 02:31:17,589 [33mWARN [m [m[Worker-Main-14][m [m.println(785)[m: 	at java.base/java.util.concurrent.CompletableFuture$Completion.run(CompletableFuture.java:482)
2025-03-09 02:31:17,589 [33mWARN [m [m[Worker-Main-14][m [m.println(785)[m: 	at TRANSFORMER/minecraft@1.18.2/net.minecraft.server.packs.resources.SimpleReloadInstance.m_143940_(SimpleReloadInstance.java:69)
2025-03-09 02:31:17,591 [33mWARN [m [m[Worker-Main-14][m [m.println(785)[m: 	at TRANSFORMER/minecraft@1.18.2/net.minecraft.util.thread.BlockableEventLoop.execute(BlockableEventLoop.java:103)
2025-03-09 02:31:17,591 [33mWARN [m [m[Worker-Main-14][m [m.println(785)[m: 	at TRANSFORMER/minecraft@1.18.2/net.minecraft.server.packs.resources.SimpleReloadInstance.m_10834_(SimpleReloadInstance.java:68)
2025-03-09 02:31:17,591 [33mWARN [m [m[Worker-Main-14][m [m.println(785)[m: 	at java.base/java.util.concurrent.CompletableFuture$UniCompletion.claim(CompletableFuture.java:572)
2025-03-09 02:31:17,592 [33mWARN [m [m[Worker-Main-14][m [m.println(785)[m: 	at java.base/java.util.concurrent.CompletableFuture$UniAccept.tryFire(CompletableFuture.java:714)
2025-03-09 02:31:17,592 [33mWARN [m [m[Worker-Main-14][m [m.println(785)[m: 	at java.base/java.util.concurrent.CompletableFuture.postComplete(CompletableFuture.java:510)
2025-03-09 02:31:17,592 [33mWARN [m [m[Worker-Main-14][m [m.println(785)[m: 	at java.base/java.util.concurrent.CompletableFuture.postFire(CompletableFuture.java:614)
2025-03-09 02:31:17,593 [33mWARN [m [m[Worker-Main-14][m [m.println(785)[m: 	at java.base/java.util.concurrent.CompletableFuture$UniAccept.tryFire(CompletableFuture.java:726)
2025-03-09 02:31:17,593 [33mWARN [m [m[Worker-Main-14][m [m.println(785)[m: 	at java.base/java.util.concurrent.CompletableFuture$Completion.run(CompletableFuture.java:482)
2025-03-09 02:31:17,594 [33mWARN [m [m[Worker-Main-14][m [m.println(785)[m: 	at TRANSFORMER/minecraft@1.18.2/net.minecraft.server.packs.resources.SimpleReloadInstance.m_143940_(SimpleReloadInstance.java:69)
2025-03-09 02:31:17,594 [33mWARN [m [m[Worker-Main-14][m [m.println(785)[m: 	at TRANSFORMER/minecraft@1.18.2/net.minecraft.util.thread.BlockableEventLoop.execute(BlockableEventLoop.java:103)
2025-03-09 02:31:17,595 [33mWARN [m [m[Worker-Main-14][m [m.println(785)[m: 	at TRANSFORMER/minecraft@1.18.2/net.minecraft.server.packs.resources.SimpleReloadInstance.m_10834_(SimpleReloadInstance.java:68)
2025-03-09 02:31:17,595 [33mWARN [m [m[Worker-Main-14][m [m.println(785)[m: 	at java.base/java.util.concurrent.CompletableFuture$UniCompletion.claim(CompletableFuture.java:572)
2025-03-09 02:31:17,596 [33mWARN [m [m[Worker-Main-14][m [m.println(785)[m: 	at java.base/java.util.concurrent.CompletableFuture$UniAccept.tryFire(CompletableFuture.java:714)
2025-03-09 02:31:17,596 [33mWARN [m [m[Worker-Main-14][m [m.println(785)[m: 	at java.base/java.util.concurrent.CompletableFuture.postComplete(CompletableFuture.java:510)
2025-03-09 02:31:17,596 [33mWARN [m [m[Worker-Main-14][m [m.println(785)[m: 	at java.base/java.util.concurrent.CompletableFuture.postFire(CompletableFuture.java:614)
2025-03-09 02:31:17,597 [33mWARN [m [m[Worker-Main-14][m [m.println(785)[m: 	at java.base/java.util.concurrent.CompletableFuture$UniAccept.tryFire(CompletableFuture.java:726)
2025-03-09 02:31:17,597 [33mWARN [m [m[Worker-Main-14][m [m.println(785)[m: 	at java.base/java.util.concurrent.CompletableFuture$Completion.run(CompletableFuture.java:482)
2025-03-09 02:31:17,597 [33mWARN [m [m[Worker-Main-14][m [m.println(785)[m: 	at TRANSFORMER/minecraft@1.18.2/net.minecraft.server.packs.resources.SimpleReloadInstance.m_143940_(SimpleReloadInstance.java:69)
2025-03-09 02:31:17,598 [33mWARN [m [m[Worker-Main-14][m [m.println(785)[m: 	at TRANSFORMER/minecraft@1.18.2/net.minecraft.util.thread.BlockableEventLoop.execute(BlockableEventLoop.java:103)
2025-03-09 02:31:17,598 [33mWARN [m [m[Worker-Main-14][m [m.println(785)[m: 	at TRANSFORMER/minecraft@1.18.2/net.minecraft.server.packs.resources.SimpleReloadInstance.m_10834_(SimpleReloadInstance.java:68)
2025-03-09 02:31:17,599 [33mWARN [m [m[Worker-Main-14][m [m.println(785)[m: 	at java.base/java.util.concurrent.CompletableFuture$UniCompletion.claim(CompletableFuture.java:572)
2025-03-09 02:31:17,599 [33mWARN [m [m[Worker-Main-14][m [m.println(785)[m: 	at java.base/java.util.concurrent.CompletableFuture$UniAccept.tryFire(CompletableFuture.java:714)
2025-03-09 02:31:17,599 [33mWARN [m [m[Worker-Main-14][m [m.println(785)[m: 	at java.base/java.util.concurrent.CompletableFuture.postComplete(CompletableFuture.java:510)
2025-03-09 02:31:17,600 [33mWARN [m [m[Worker-Main-14][m [m.println(785)[m: 	at java.base/java.util.concurrent.CompletableFuture.postFire(CompletableFuture.java:614)
2025-03-09 02:31:17,600 [33mWARN [m [m[Worker-Main-14][m [m.println(785)[m: 	at java.base/java.util.concurrent.CompletableFuture$UniAccept.tryFire(CompletableFuture.java:726)
2025-03-09 02:31:17,600 [33mWARN [m [m[Worker-Main-14][m [m.println(785)[m: 	at java.base/java.util.concurrent.CompletableFuture$Completion.run(CompletableFuture.java:482)
2025-03-09 02:31:17,601 [33mWARN [m [m[Worker-Main-14][m [m.println(785)[m: 	at TRANSFORMER/minecraft@1.18.2/net.minecraft.server.packs.resources.SimpleReloadInstance.m_143940_(SimpleReloadInstance.java:69)
2025-03-09 02:31:17,601 [33mWARN [m [m[Worker-Main-14][m [m.println(785)[m: 	at TRANSFORMER/minecraft@1.18.2/net.minecraft.util.thread.BlockableEventLoop.execute(BlockableEventLoop.java:103)
2025-03-09 02:31:17,602 [33mWARN [m [m[Worker-Main-14][m [m.println(785)[m: 	at TRANSFORMER/minecraft@1.18.2/net.minecraft.server.packs.resources.SimpleReloadInstance.m_10834_(SimpleReloadInstance.java:68)
2025-03-09 02:31:17,602 [33mWARN [m [m[Worker-Main-14][m [m.println(785)[m: 	at java.base/java.util.concurrent.CompletableFuture$UniCompletion.claim(CompletableFuture.java:572)
2025-03-09 02:31:17,603 [33mWARN [m [m[Worker-Main-14][m [m.println(785)[m: 	at java.base/java.util.concurrent.CompletableFuture$UniAccept.tryFire(CompletableFuture.java:714)
2025-03-09 02:31:17,603 [33mWARN [m [m[Worker-Main-14][m [m.println(785)[m: 	at java.base/java.util.concurrent.CompletableFuture.postComplete(CompletableFuture.java:510)
2025-03-09 02:31:17,603 [33mWARN [m [m[Worker-Main-14][m [m.println(785)[m: 	at java.base/java.util.concurrent.CompletableFuture.postFire(CompletableFuture.java:614)
2025-03-09 02:31:17,604 [33mWARN [m [m[Worker-Main-14][m [m.println(785)[m: 	at java.base/java.util.concurrent.CompletableFuture$UniAccept.tryFire(CompletableFuture.java:726)
2025-03-09 02:31:17,604 [33mWARN [m [m[Worker-Main-14][m [m.println(785)[m: 	at java.base/java.util.concurrent.CompletableFuture$Completion.run(CompletableFuture.java:482)
2025-03-09 02:31:17,604 [33mWARN [m [m[Worker-Main-14][m [m.println(785)[m: 	at TRANSFORMER/minecraft@1.18.2/net.minecraft.server.packs.resources.SimpleReloadInstance.m_143940_(SimpleReloadInstance.java:69)
2025-03-09 02:31:17,605 [33mWARN [m [m[Worker-Main-14][m [m.println(785)[m: 	at TRANSFORMER/minecraft@1.18.2/net.minecraft.util.thread.BlockableEventLoop.execute(BlockableEventLoop.java:103)
2025-03-09 02:31:17,605 [33mWARN [m [m[Worker-Main-14][m [m.println(785)[m: 	at TRANSFORMER/minecraft@1.18.2/net.minecraft.server.packs.resources.SimpleReloadInstance.m_10834_(SimpleReloadInstance.java:68)
2025-03-09 02:31:17,605 [33mWARN [m [m[Worker-Main-14][m [m.println(785)[m: 	at java.base/java.util.concurrent.CompletableFuture$UniCompletion.claim(CompletableFuture.java:572)
2025-03-09 02:31:17,606 [33mWARN [m [m[Worker-Main-14][m [m.println(785)[m: 	at java.base/java.util.concurrent.CompletableFuture$UniAccept.tryFire(CompletableFuture.java:714)
2025-03-09 02:31:17,606 [33mWARN [m [m[Worker-Main-14][m [m.println(785)[m: 	at java.base/java.util.concurrent.CompletableFuture.postComplete(CompletableFuture.java:510)
2025-03-09 02:31:17,607 [33mWARN [m [m[Worker-Main-14][m [m.println(785)[m: 	at java.base/java.util.concurrent.CompletableFuture.postFire(CompletableFuture.java:614)
2025-03-09 02:31:17,607 [33mWARN [m [m[Worker-Main-14][m [m.println(785)[m: 	at java.base/java.util.concurrent.CompletableFuture$UniAccept.tryFire(CompletableFuture.java:726)
2025-03-09 02:31:17,607 [33mWARN [m [m[Worker-Main-14][m [m.println(785)[m: 	at java.base/java.util.concurrent.CompletableFuture$Completion.run(CompletableFuture.java:482)
2025-03-09 02:31:17,608 [33mWARN [m [m[Worker-Main-14][m [m.println(785)[m: 	at TRANSFORMER/minecraft@1.18.2/net.minecraft.server.packs.resources.SimpleReloadInstance.m_143940_(SimpleReloadInstance.java:69)
2025-03-09 02:31:17,608 [33mWARN [m [m[Worker-Main-14][m [m.println(785)[m: 	at TRANSFORMER/minecraft@1.18.2/net.minecraft.util.thread.BlockableEventLoop.execute(BlockableEventLoop.java:103)
2025-03-09 02:31:17,609 [33mWARN [m [m[Worker-Main-14][m [m.println(785)[m: 	at TRANSFORMER/minecraft@1.18.2/net.minecraft.server.packs.resources.SimpleReloadInstance.m_10834_(SimpleReloadInstance.java:68)
2025-03-09 02:31:17,609 [33mWARN [m [m[Worker-Main-14][m [m.println(785)[m: 	at java.base/java.util.concurrent.CompletableFuture$UniCompletion.claim(CompletableFuture.java:572)
2025-03-09 02:31:17,610 [33mWARN [m [m[Worker-Main-14][m [m.println(785)[m: 	at java.base/java.util.concurrent.CompletableFuture$UniAccept.tryFire(CompletableFuture.java:714)
2025-03-09 02:31:17,611 [33mWARN [m [m[Worker-Main-14][m [m.println(785)[m: 	at java.base/java.util.concurrent.CompletableFuture.postComplete(CompletableFuture.java:510)
2025-03-09 02:31:17,611 [33mWARN [m [m[Worker-Main-14][m [m.println(785)[m: 	at java.base/java.util.concurrent.CompletableFuture.postFire(CompletableFuture.java:614)
2025-03-09 02:31:17,611 [33mWARN [m [m[Worker-Main-14][m [m.println(785)[m: 	at java.base/java.util.concurrent.CompletableFuture$UniAccept.tryFire(CompletableFuture.java:726)
2025-03-09 02:31:17,612 [33mWARN [m [m[Worker-Main-14][m [m.println(785)[m: 	at java.base/java.util.concurrent.CompletableFuture$Completion.run(CompletableFuture.java:482)
2025-03-09 02:31:17,612 [33mWARN [m [m[Worker-Main-14][m [m.println(785)[m: 	at TRANSFORMER/minecraft@1.18.2/net.minecraft.server.packs.resources.SimpleReloadInstance.m_143940_(SimpleReloadInstance.java:69)
2025-03-09 02:31:17,613 [33mWARN [m [m[Worker-Main-14][m [m.println(785)[m: 	at TRANSFORMER/minecraft@1.18.2/net.minecraft.util.thread.BlockableEventLoop.execute(BlockableEventLoop.java:103)
2025-03-09 02:31:17,613 [33mWARN [m [m[Worker-Main-14][m [m.println(785)[m: 	at TRANSFORMER/minecraft@1.18.2/net.minecraft.server.packs.resources.SimpleReloadInstance.m_10834_(SimpleReloadInstance.java:68)
2025-03-09 02:31:17,613 [33mWARN [m [m[Worker-Main-14][m [m.println(785)[m: 	at java.base/java.util.concurrent.CompletableFuture$UniCompletion.claim(CompletableFuture.java:572)
2025-03-09 02:31:17,614 [33mWARN [m [m[Worker-Main-14][m [m.println(785)[m: 	at java.base/java.util.concurrent.CompletableFuture$UniAccept.tryFire(CompletableFuture.java:714)
2025-03-09 02:31:17,614 [33mWARN [m [m[Worker-Main-14][m [m.println(785)[m: 	at java.base/java.util.concurrent.CompletableFuture.postComplete(CompletableFuture.java:510)
2025-03-09 02:31:17,615 [33mWARN [m [m[Worker-Main-14][m [m.println(785)[m: 	at java.base/java.util.concurrent.CompletableFuture.complete(CompletableFuture.java:2179)
2025-03-09 02:31:17,615 [33mWARN [m [m[Worker-Main-14][m [m.println(785)[m: 	at TRANSFORMER/minecraft@1.18.2/net.minecraft.server.packs.resources.SimpleReloadInstance$1.m_10855_(SimpleReloadInstance.java:51)
2025-03-09 02:31:17,615 [33mWARN [m [m[Worker-Main-14][m [m.println(785)[m: 	at TRANSFORMER/minecraft@1.18.2/net.minecraft.util.thread.BlockableEventLoop.execute(BlockableEventLoop.java:103)
2025-03-09 02:31:17,616 [33mWARN [m [m[Worker-Main-14][m [m.println(785)[m: 	at TRANSFORMER/minecraft@1.18.2/net.minecraft.server.packs.resources.SimpleReloadInstance$1.m_6769_(SimpleReloadInstance.java:48)
2025-03-09 02:31:17,616 [33mWARN [m [m[Worker-Main-14][m [m.println(785)[m: 	at java.base/java.util.concurrent.CompletableFuture$UniCompose.tryFire(CompletableFuture.java:1150)
2025-03-09 02:31:17,616 [33mWARN [m [m[Worker-Main-14][m [m.println(785)[m: 	at java.base/java.util.concurrent.CompletableFuture.postComplete(CompletableFuture.java:510)
2025-03-09 02:31:17,617 [33mWARN [m [m[Worker-Main-14][m [m.println(785)[m: 	at java.base/java.util.concurrent.CompletableFuture$AsyncSupply.run(CompletableFuture.java:1773)
2025-03-09 02:31:17,617 [33mWARN [m [m[Worker-Main-14][m [m.println(785)[m: 	at java.base/java.util.concurrent.CompletableFuture$AsyncSupply.exec(CompletableFuture.java:1760)
2025-03-09 02:31:17,618 [33mWARN [m [m[Worker-Main-14][m [m.println(785)[m: 	at java.base/java.util.concurrent.ForkJoinTask.doExec(ForkJoinTask.java:387)
2025-03-09 02:31:17,618 [33mWARN [m [m[Worker-Main-14][m [m.println(785)[m: 	at java.base/java.util.concurrent.ForkJoinPool$WorkQueue.topLevelExec(ForkJoinPool.java:1312)
2025-03-09 02:31:17,618 [33mWARN [m [m[Worker-Main-14][m [m.println(785)[m: 	at java.base/java.util.concurrent.ForkJoinPool.scan(ForkJoinPool.java:1843)
2025-03-09 02:31:17,619 [33mWARN [m [m[Worker-Main-14][m [m.println(785)[m: 	at java.base/java.util.concurrent.ForkJoinPool.runWorker(ForkJoinPool.java:1808)
2025-03-09 02:31:17,619 [33mWARN [m [m[Worker-Main-14][m [m.println(785)[m: 	at java.base/java.util.concurrent.ForkJoinWorkerThread.run(ForkJoinWorkerThread.java:188)
2025-03-09 02:31:17,619 [1;31mERROR[m [m[Worker-Main-14][m [mtac.lambda$apply$1(65)[m: Missing required properties for tac:armor_test
2025-03-09 02:31:17,620 [33mWARN [m [m[Worker-Main-14][m [m.println(785)[m: java.io.InvalidObjectException: Missing required property: rig
2025-03-09 02:31:17,620 [33mWARN [m [m[Worker-Main-14][m [m.println(785)[m: 	at TRANSFORMER/tac@0.3.10-1.18.2/com.tac.guns.annotation.Validator.isValidObject(Validator.java:35)
2025-03-09 02:31:17,621 [33mWARN [m [m[Worker-Main-14][m [m.println(785)[m: 	at TRANSFORMER/tac@0.3.10-1.18.2/com.tac.guns.common.CustomRigLoader.lambda$apply$1(CustomRigLoader.java:54)
2025-03-09 02:31:17,621 [33mWARN [m [m[Worker-Main-14][m [m.println(785)[m: 	at java.base/java.util.HashMap.forEach(HashMap.java:1429)
2025-03-09 02:31:17,621 [33mWARN [m [m[Worker-Main-14][m [m.println(785)[m: 	at TRANSFORMER/tac@0.3.10-1.18.2/com.tac.guns.common.CustomRigLoader.apply(CustomRigLoader.java:49)
2025-03-09 02:31:17,622 [33mWARN [m [m[Worker-Main-14][m [m.println(785)[m: 	at TRANSFORMER/tac@0.3.10-1.18.2/com.tac.guns.common.CustomRigLoader.m_5787_(CustomRigLoader.java:28)
2025-03-09 02:31:17,622 [33mWARN [m [m[Worker-Main-14][m [m.println(785)[m: 	at TRANSFORMER/minecraft@1.18.2/net.minecraft.server.packs.resources.SimplePreparableReloadListener.m_10789_(SimplePreparableReloadListener.java:13)
2025-03-09 02:31:17,622 [33mWARN [m [m[Worker-Main-14][m [m.println(785)[m: 	at java.base/java.util.concurrent.CompletableFuture$UniAccept.tryFire(CompletableFuture.java:718)
2025-03-09 02:31:17,623 [33mWARN [m [m[Worker-Main-14][m [m.println(785)[m: 	at java.base/java.util.concurrent.CompletableFuture$Completion.run(CompletableFuture.java:482)
2025-03-09 02:31:17,623 [33mWARN [m [m[Worker-Main-14][m [m.println(785)[m: 	at TRANSFORMER/minecraft@1.18.2/net.minecraft.server.packs.resources.SimpleReloadInstance.m_143940_(SimpleReloadInstance.java:69)
2025-03-09 02:31:17,623 [33mWARN [m [m[Worker-Main-14][m [m.println(785)[m: 	at TRANSFORMER/minecraft@1.18.2/net.minecraft.util.thread.BlockableEventLoop.execute(BlockableEventLoop.java:103)
2025-03-09 02:31:17,624 [33mWARN [m [m[Worker-Main-14][m [m.println(785)[m: 	at TRANSFORMER/minecraft@1.18.2/net.minecraft.server.packs.resources.SimpleReloadInstance.m_10834_(SimpleReloadInstance.java:68)
2025-03-09 02:31:17,624 [33mWARN [m [m[Worker-Main-14][m [m.println(785)[m: 	at java.base/java.util.concurrent.CompletableFuture$UniCompletion.claim(CompletableFuture.java:572)
2025-03-09 02:31:17,624 [33mWARN [m [m[Worker-Main-14][m [m.println(785)[m: 	at java.base/java.util.concurrent.CompletableFuture$UniAccept.tryFire(CompletableFuture.java:714)
2025-03-09 02:31:17,625 [33mWARN [m [m[Worker-Main-14][m [m.println(785)[m: 	at java.base/java.util.concurrent.CompletableFuture.postComplete(CompletableFuture.java:510)
2025-03-09 02:31:17,625 [33mWARN [m [m[Worker-Main-14][m [m.println(785)[m: 	at java.base/java.util.concurrent.CompletableFuture.postFire(CompletableFuture.java:614)
2025-03-09 02:31:17,626 [33mWARN [m [m[Worker-Main-14][m [m.println(785)[m: 	at java.base/java.util.concurrent.CompletableFuture$UniAccept.tryFire(CompletableFuture.java:726)
2025-03-09 02:31:17,626 [33mWARN [m [m[Worker-Main-14][m [m.println(785)[m: 	at java.base/java.util.concurrent.CompletableFuture$Completion.run(CompletableFuture.java:482)
2025-03-09 02:31:17,626 [33mWARN [m [m[Worker-Main-14][m [m.println(785)[m: 	at TRANSFORMER/minecraft@1.18.2/net.minecraft.server.packs.resources.SimpleReloadInstance.m_143940_(SimpleReloadInstance.java:69)
2025-03-09 02:31:17,627 [33mWARN [m [m[Worker-Main-14][m [m.println(785)[m: 	at TRANSFORMER/minecraft@1.18.2/net.minecraft.util.thread.BlockableEventLoop.execute(BlockableEventLoop.java:103)
2025-03-09 02:31:17,627 [33mWARN [m [m[Worker-Main-14][m [m.println(785)[m: 	at TRANSFORMER/minecraft@1.18.2/net.minecraft.server.packs.resources.SimpleReloadInstance.m_10834_(SimpleReloadInstance.java:68)
2025-03-09 02:31:17,627 [33mWARN [m [m[Worker-Main-14][m [m.println(785)[m: 	at java.base/java.util.concurrent.CompletableFuture$UniCompletion.claim(CompletableFuture.java:572)
2025-03-09 02:31:17,628 [33mWARN [m [m[Worker-Main-14][m [m.println(785)[m: 	at java.base/java.util.concurrent.CompletableFuture$UniAccept.tryFire(CompletableFuture.java:714)
2025-03-09 02:31:17,628 [33mWARN [m [m[Worker-Main-14][m [m.println(785)[m: 	at java.base/java.util.concurrent.CompletableFuture.postComplete(CompletableFuture.java:510)
2025-03-09 02:31:17,628 [33mWARN [m [m[Worker-Main-14][m [m.println(785)[m: 	at java.base/java.util.concurrent.CompletableFuture.postFire(CompletableFuture.java:614)
2025-03-09 02:31:17,629 [33mWARN [m [m[Worker-Main-14][m [m.println(785)[m: 	at java.base/java.util.concurrent.CompletableFuture$UniAccept.tryFire(CompletableFuture.java:726)
2025-03-09 02:31:17,629 [33mWARN [m [m[Worker-Main-14][m [m.println(785)[m: 	at java.base/java.util.concurrent.CompletableFuture$Completion.run(CompletableFuture.java:482)
2025-03-09 02:31:17,630 [33mWARN [m [m[Worker-Main-14][m [m.println(785)[m: 	at TRANSFORMER/minecraft@1.18.2/net.minecraft.server.packs.resources.SimpleReloadInstance.m_143940_(SimpleReloadInstance.java:69)
2025-03-09 02:31:17,630 [33mWARN [m [m[Worker-Main-14][m [m.println(785)[m: 	at TRANSFORMER/minecraft@1.18.2/net.minecraft.util.thread.BlockableEventLoop.execute(BlockableEventLoop.java:103)
2025-03-09 02:31:17,631 [33mWARN [m [m[Worker-Main-14][m [m.println(785)[m: 	at TRANSFORMER/minecraft@1.18.2/net.minecraft.server.packs.resources.SimpleReloadInstance.m_10834_(SimpleReloadInstance.java:68)
2025-03-09 02:31:17,631 [33mWARN [m [m[Worker-Main-14][m [m.println(785)[m: 	at java.base/java.util.concurrent.CompletableFuture$UniCompletion.claim(CompletableFuture.java:572)
2025-03-09 02:31:17,632 [33mWARN [m [m[Worker-Main-14][m [m.println(785)[m: 	at java.base/java.util.concurrent.CompletableFuture$UniAccept.tryFire(CompletableFuture.java:714)
2025-03-09 02:31:17,632 [33mWARN [m [m[Worker-Main-14][m [m.println(785)[m: 	at java.base/java.util.concurrent.CompletableFuture.postComplete(CompletableFuture.java:510)
2025-03-09 02:31:17,633 [33mWARN [m [m[Worker-Main-14][m [m.println(785)[m: 	at java.base/java.util.concurrent.CompletableFuture.postFire(CompletableFuture.java:614)
2025-03-09 02:31:17,633 [33mWARN [m [m[Worker-Main-14][m [m.println(785)[m: 	at java.base/java.util.concurrent.CompletableFuture$UniAccept.tryFire(CompletableFuture.java:726)
2025-03-09 02:31:17,633 [33mWARN [m [m[Worker-Main-14][m [m.println(785)[m: 	at java.base/java.util.concurrent.CompletableFuture$Completion.run(CompletableFuture.java:482)
2025-03-09 02:31:17,634 [33mWARN [m [m[Worker-Main-14][m [m.println(785)[m: 	at TRANSFORMER/minecraft@1.18.2/net.minecraft.server.packs.resources.SimpleReloadInstance.m_143940_(SimpleReloadInstance.java:69)
2025-03-09 02:31:17,636 [33mWARN [m [m[Worker-Main-14][m [m.println(785)[m: 	at TRANSFORMER/minecraft@1.18.2/net.minecraft.util.thread.BlockableEventLoop.execute(BlockableEventLoop.java:103)
2025-03-09 02:31:17,636 [33mWARN [m [m[Worker-Main-14][m [m.println(785)[m: 	at TRANSFORMER/minecraft@1.18.2/net.minecraft.server.packs.resources.SimpleReloadInstance.m_10834_(SimpleReloadInstance.java:68)
2025-03-09 02:31:17,637 [33mWARN [m [m[Worker-Main-14][m [m.println(785)[m: 	at java.base/java.util.concurrent.CompletableFuture$UniCompletion.claim(CompletableFuture.java:572)
2025-03-09 02:31:17,637 [33mWARN [m [m[Worker-Main-14][m [m.println(785)[m: 	at java.base/java.util.concurrent.CompletableFuture$UniAccept.tryFire(CompletableFuture.java:714)
2025-03-09 02:31:17,638 [33mWARN [m [m[Worker-Main-14][m [m.println(785)[m: 	at java.base/java.util.concurrent.CompletableFuture.postComplete(CompletableFuture.java:510)
2025-03-09 02:31:17,638 [33mWARN [m [m[Worker-Main-14][m [m.println(785)[m: 	at java.base/java.util.concurrent.CompletableFuture.postFire(CompletableFuture.java:614)
2025-03-09 02:31:17,639 [33mWARN [m [m[Worker-Main-14][m [m.println(785)[m: 	at java.base/java.util.concurrent.CompletableFuture$UniAccept.tryFire(CompletableFuture.java:726)
2025-03-09 02:31:17,639 [33mWARN [m [m[Worker-Main-14][m [m.println(785)[m: 	at java.base/java.util.concurrent.CompletableFuture$Completion.run(CompletableFuture.java:482)
2025-03-09 02:31:17,640 [33mWARN [m [m[Worker-Main-14][m [m.println(785)[m: 	at TRANSFORMER/minecraft@1.18.2/net.minecraft.server.packs.resources.SimpleReloadInstance.m_143940_(SimpleReloadInstance.java:69)
2025-03-09 02:31:17,641 [33mWARN [m [m[Worker-Main-14][m [m.println(785)[m: 	at TRANSFORMER/minecraft@1.18.2/net.minecraft.util.thread.BlockableEventLoop.execute(BlockableEventLoop.java:103)
2025-03-09 02:31:17,641 [33mWARN [m [m[Worker-Main-14][m [m.println(785)[m: 	at TRANSFORMER/minecraft@1.18.2/net.minecraft.server.packs.resources.SimpleReloadInstance.m_10834_(SimpleReloadInstance.java:68)
2025-03-09 02:31:17,642 [33mWARN [m [m[Worker-Main-14][m [m.println(785)[m: 	at java.base/java.util.concurrent.CompletableFuture$UniCompletion.claim(CompletableFuture.java:572)
2025-03-09 02:31:17,642 [33mWARN [m [m[Worker-Main-14][m [m.println(785)[m: 	at java.base/java.util.concurrent.CompletableFuture$UniAccept.tryFire(CompletableFuture.java:714)
2025-03-09 02:31:17,642 [33mWARN [m [m[Worker-Main-14][m [m.println(785)[m: 	at java.base/java.util.concurrent.CompletableFuture.postComplete(CompletableFuture.java:510)
2025-03-09 02:31:17,643 [33mWARN [m [m[Worker-Main-14][m [m.println(785)[m: 	at java.base/java.util.concurrent.CompletableFuture.postFire(CompletableFuture.java:614)
2025-03-09 02:31:17,643 [33mWARN [m [m[Worker-Main-14][m [m.println(785)[m: 	at java.base/java.util.concurrent.CompletableFuture$UniAccept.tryFire(CompletableFuture.java:726)
2025-03-09 02:31:17,643 [33mWARN [m [m[Worker-Main-14][m [m.println(785)[m: 	at java.base/java.util.concurrent.CompletableFuture$Completion.run(CompletableFuture.java:482)
2025-03-09 02:31:17,643 [33mWARN [m [m[Worker-Main-14][m [m.println(785)[m: 	at TRANSFORMER/minecraft@1.18.2/net.minecraft.server.packs.resources.SimpleReloadInstance.m_143940_(SimpleReloadInstance.java:69)
2025-03-09 02:31:17,644 [33mWARN [m [m[Worker-Main-14][m [m.println(785)[m: 	at TRANSFORMER/minecraft@1.18.2/net.minecraft.util.thread.BlockableEventLoop.execute(BlockableEventLoop.java:103)
2025-03-09 02:31:17,644 [33mWARN [m [m[Worker-Main-14][m [m.println(785)[m: 	at TRANSFORMER/minecraft@1.18.2/net.minecraft.server.packs.resources.SimpleReloadInstance.m_10834_(SimpleReloadInstance.java:68)
2025-03-09 02:31:17,644 [33mWARN [m [m[Worker-Main-14][m [m.println(785)[m: 	at java.base/java.util.concurrent.CompletableFuture$UniCompletion.claim(CompletableFuture.java:572)
2025-03-09 02:31:17,645 [33mWARN [m [m[Worker-Main-14][m [m.println(785)[m: 	at java.base/java.util.concurrent.CompletableFuture$UniAccept.tryFire(CompletableFuture.java:714)
2025-03-09 02:31:17,645 [33mWARN [m [m[Worker-Main-14][m [m.println(785)[m: 	at java.base/java.util.concurrent.CompletableFuture.postComplete(CompletableFuture.java:510)
2025-03-09 02:31:17,645 [33mWARN [m [m[Worker-Main-14][m [m.println(785)[m: 	at java.base/java.util.concurrent.CompletableFuture.postFire(CompletableFuture.java:614)
2025-03-09 02:31:17,646 [33mWARN [m [m[Worker-Main-14][m [m.println(785)[m: 	at java.base/java.util.concurrent.CompletableFuture$UniAccept.tryFire(CompletableFuture.java:726)
2025-03-09 02:31:17,646 [33mWARN [m [m[Worker-Main-14][m [m.println(785)[m: 	at java.base/java.util.concurrent.CompletableFuture$Completion.run(CompletableFuture.java:482)
2025-03-09 02:31:17,646 [33mWARN [m [m[Worker-Main-14][m [m.println(785)[m: 	at TRANSFORMER/minecraft@1.18.2/net.minecraft.server.packs.resources.SimpleReloadInstance.m_143940_(SimpleReloadInstance.java:69)
2025-03-09 02:31:17,647 [33mWARN [m [m[Worker-Main-14][m [m.println(785)[m: 	at TRANSFORMER/minecraft@1.18.2/net.minecraft.util.thread.BlockableEventLoop.execute(BlockableEventLoop.java:103)
2025-03-09 02:31:17,647 [33mWARN [m [m[Worker-Main-14][m [m.println(785)[m: 	at TRANSFORMER/minecraft@1.18.2/net.minecraft.server.packs.resources.SimpleReloadInstance.m_10834_(SimpleReloadInstance.java:68)
2025-03-09 02:31:17,647 [33mWARN [m [m[Worker-Main-14][m [m.println(785)[m: 	at java.base/java.util.concurrent.CompletableFuture$UniCompletion.claim(CompletableFuture.java:572)
2025-03-09 02:31:17,648 [33mWARN [m [m[Worker-Main-14][m [m.println(785)[m: 	at java.base/java.util.concurrent.CompletableFuture$UniAccept.tryFire(CompletableFuture.java:714)
2025-03-09 02:31:17,648 [33mWARN [m [m[Worker-Main-14][m [m.println(785)[m: 	at java.base/java.util.concurrent.CompletableFuture.postComplete(CompletableFuture.java:510)
2025-03-09 02:31:17,649 [33mWARN [m [m[Worker-Main-14][m [m.println(785)[m: 	at java.base/java.util.concurrent.CompletableFuture.postFire(CompletableFuture.java:614)
2025-03-09 02:31:17,649 [33mWARN [m [m[Worker-Main-14][m [m.println(785)[m: 	at java.base/java.util.concurrent.CompletableFuture$UniAccept.tryFire(CompletableFuture.java:726)
2025-03-09 02:31:17,650 [33mWARN [m [m[Worker-Main-14][m [m.println(785)[m: 	at java.base/java.util.concurrent.CompletableFuture$Completion.run(CompletableFuture.java:482)
2025-03-09 02:31:17,650 [33mWARN [m [m[Worker-Main-14][m [m.println(785)[m: 	at TRANSFORMER/minecraft@1.18.2/net.minecraft.server.packs.resources.SimpleReloadInstance.m_143940_(SimpleReloadInstance.java:69)
2025-03-09 02:31:17,651 [33mWARN [m [m[Worker-Main-14][m [m.println(785)[m: 	at TRANSFORMER/minecraft@1.18.2/net.minecraft.util.thread.BlockableEventLoop.execute(BlockableEventLoop.java:103)
2025-03-09 02:31:17,651 [33mWARN [m [m[Worker-Main-14][m [m.println(785)[m: 	at TRANSFORMER/minecraft@1.18.2/net.minecraft.server.packs.resources.SimpleReloadInstance.m_10834_(SimpleReloadInstance.java:68)
2025-03-09 02:31:17,652 [33mWARN [m [m[Worker-Main-14][m [m.println(785)[m: 	at java.base/java.util.concurrent.CompletableFuture$UniCompletion.claim(CompletableFuture.java:572)
2025-03-09 02:31:17,652 [33mWARN [m [m[Worker-Main-14][m [m.println(785)[m: 	at java.base/java.util.concurrent.CompletableFuture$UniAccept.tryFire(CompletableFuture.java:714)
2025-03-09 02:31:17,653 [33mWARN [m [m[Worker-Main-14][m [m.println(785)[m: 	at java.base/java.util.concurrent.CompletableFuture.postComplete(CompletableFuture.java:510)
2025-03-09 02:31:17,654 [33mWARN [m [m[Worker-Main-14][m [m.println(785)[m: 	at java.base/java.util.concurrent.CompletableFuture.postFire(CompletableFuture.java:614)
2025-03-09 02:31:17,654 [33mWARN [m [m[Worker-Main-14][m [m.println(785)[m: 	at java.base/java.util.concurrent.CompletableFuture$UniAccept.tryFire(CompletableFuture.java:726)
2025-03-09 02:31:17,655 [33mWARN [m [m[Worker-Main-14][m [m.println(785)[m: 	at java.base/java.util.concurrent.CompletableFuture$Completion.run(CompletableFuture.java:482)
2025-03-09 02:31:17,655 [33mWARN [m [m[Worker-Main-14][m [m.println(785)[m: 	at TRANSFORMER/minecraft@1.18.2/net.minecraft.server.packs.resources.SimpleReloadInstance.m_143940_(SimpleReloadInstance.java:69)
2025-03-09 02:31:17,656 [33mWARN [m [m[Worker-Main-14][m [m.println(785)[m: 	at TRANSFORMER/minecraft@1.18.2/net.minecraft.util.thread.BlockableEventLoop.execute(BlockableEventLoop.java:103)
2025-03-09 02:31:17,656 [33mWARN [m [m[Worker-Main-14][m [m.println(785)[m: 	at TRANSFORMER/minecraft@1.18.2/net.minecraft.server.packs.resources.SimpleReloadInstance.m_10834_(SimpleReloadInstance.java:68)
2025-03-09 02:31:17,657 [33mWARN [m [m[Worker-Main-14][m [m.println(785)[m: 	at java.base/java.util.concurrent.CompletableFuture$UniCompletion.claim(CompletableFuture.java:572)
2025-03-09 02:31:17,657 [33mWARN [m [m[Worker-Main-14][m [m.println(785)[m: 	at java.base/java.util.concurrent.CompletableFuture$UniAccept.tryFire(CompletableFuture.java:714)
2025-03-09 02:31:17,658 [33mWARN [m [m[Worker-Main-14][m [m.println(785)[m: 	at java.base/java.util.concurrent.CompletableFuture.postComplete(CompletableFuture.java:510)
2025-03-09 02:31:17,658 [33mWARN [m [m[Worker-Main-14][m [m.println(785)[m: 	at java.base/java.util.concurrent.CompletableFuture.postFire(CompletableFuture.java:614)
2025-03-09 02:31:17,659 [33mWARN [m [m[Worker-Main-14][m [m.println(785)[m: 	at java.base/java.util.concurrent.CompletableFuture$UniAccept.tryFire(CompletableFuture.java:726)
2025-03-09 02:31:17,659 [33mWARN [m [m[Worker-Main-14][m [m.println(785)[m: 	at java.base/java.util.concurrent.CompletableFuture$Completion.run(CompletableFuture.java:482)
2025-03-09 02:31:17,660 [33mWARN [m [m[Worker-Main-14][m [m.println(785)[m: 	at TRANSFORMER/minecraft@1.18.2/net.minecraft.server.packs.resources.SimpleReloadInstance.m_143940_(SimpleReloadInstance.java:69)
2025-03-09 02:31:17,660 [33mWARN [m [m[Worker-Main-14][m [m.println(785)[m: 	at TRANSFORMER/minecraft@1.18.2/net.minecraft.util.thread.BlockableEventLoop.execute(BlockableEventLoop.java:103)
2025-03-09 02:31:17,661 [33mWARN [m [m[Worker-Main-14][m [m.println(785)[m: 	at TRANSFORMER/minecraft@1.18.2/net.minecraft.server.packs.resources.SimpleReloadInstance.m_10834_(SimpleReloadInstance.java:68)
2025-03-09 02:31:17,661 [33mWARN [m [m[Worker-Main-14][m [m.println(785)[m: 	at java.base/java.util.concurrent.CompletableFuture$UniCompletion.claim(CompletableFuture.java:572)
2025-03-09 02:31:17,662 [33mWARN [m [m[Worker-Main-14][m [m.println(785)[m: 	at java.base/java.util.concurrent.CompletableFuture$UniAccept.tryFire(CompletableFuture.java:714)
2025-03-09 02:31:17,662 [33mWARN [m [m[Worker-Main-14][m [m.println(785)[m: 	at java.base/java.util.concurrent.CompletableFuture.postComplete(CompletableFuture.java:510)
2025-03-09 02:31:17,663 [33mWARN [m [m[Worker-Main-14][m [m.println(785)[m: 	at java.base/java.util.concurrent.CompletableFuture.postFire(CompletableFuture.java:614)
2025-03-09 02:31:17,663 [33mWARN [m [m[Worker-Main-14][m [m.println(785)[m: 	at java.base/java.util.concurrent.CompletableFuture$UniAccept.tryFire(CompletableFuture.java:726)
2025-03-09 02:31:17,664 [33mWARN [m [m[Worker-Main-14][m [m.println(785)[m: 	at java.base/java.util.concurrent.CompletableFuture$Completion.run(CompletableFuture.java:482)
2025-03-09 02:31:17,664 [33mWARN [m [m[Worker-Main-14][m [m.println(785)[m: 	at TRANSFORMER/minecraft@1.18.2/net.minecraft.server.packs.resources.SimpleReloadInstance.m_143940_(SimpleReloadInstance.java:69)
2025-03-09 02:31:17,665 [33mWARN [m [m[Worker-Main-14][m [m.println(785)[m: 	at TRANSFORMER/minecraft@1.18.2/net.minecraft.util.thread.BlockableEventLoop.execute(BlockableEventLoop.java:103)
2025-03-09 02:31:17,665 [33mWARN [m [m[Worker-Main-14][m [m.println(785)[m: 	at TRANSFORMER/minecraft@1.18.2/net.minecraft.server.packs.resources.SimpleReloadInstance.m_10834_(SimpleReloadInstance.java:68)
2025-03-09 02:31:17,666 [33mWARN [m [m[Worker-Main-14][m [m.println(785)[m: 	at java.base/java.util.concurrent.CompletableFuture$UniCompletion.claim(CompletableFuture.java:572)
2025-03-09 02:31:17,666 [33mWARN [m [m[Worker-Main-14][m [m.println(785)[m: 	at java.base/java.util.concurrent.CompletableFuture$UniAccept.tryFire(CompletableFuture.java:714)
2025-03-09 02:31:17,667 [33mWARN [m [m[Worker-Main-14][m [m.println(785)[m: 	at java.base/java.util.concurrent.CompletableFuture.postComplete(CompletableFuture.java:510)
2025-03-09 02:31:17,667 [33mWARN [m [m[Worker-Main-14][m [m.println(785)[m: 	at java.base/java.util.concurrent.CompletableFuture.postFire(CompletableFuture.java:614)
2025-03-09 02:31:17,668 [33mWARN [m [m[Worker-Main-14][m [m.println(785)[m: 	at java.base/java.util.concurrent.CompletableFuture$UniAccept.tryFire(CompletableFuture.java:726)
2025-03-09 02:31:17,668 [33mWARN [m [m[Worker-Main-14][m [m.println(785)[m: 	at java.base/java.util.concurrent.CompletableFuture$Completion.run(CompletableFuture.java:482)
2025-03-09 02:31:17,669 [33mWARN [m [m[Worker-Main-14][m [m.println(785)[m: 	at TRANSFORMER/minecraft@1.18.2/net.minecraft.server.packs.resources.SimpleReloadInstance.m_143940_(SimpleReloadInstance.java:69)
2025-03-09 02:31:17,669 [33mWARN [m [m[Worker-Main-14][m [m.println(785)[m: 	at TRANSFORMER/minecraft@1.18.2/net.minecraft.util.thread.BlockableEventLoop.execute(BlockableEventLoop.java:103)
2025-03-09 02:31:17,670 [33mWARN [m [m[Worker-Main-14][m [m.println(785)[m: 	at TRANSFORMER/minecraft@1.18.2/net.minecraft.server.packs.resources.SimpleReloadInstance.m_10834_(SimpleReloadInstance.java:68)
2025-03-09 02:31:17,673 [33mWARN [m [m[Worker-Main-14][m [m.println(785)[m: 	at java.base/java.util.concurrent.CompletableFuture$UniCompletion.claim(CompletableFuture.java:572)
2025-03-09 02:31:17,674 [33mWARN [m [m[Worker-Main-14][m [m.println(785)[m: 	at java.base/java.util.concurrent.CompletableFuture$UniAccept.tryFire(CompletableFuture.java:714)
2025-03-09 02:31:17,674 [33mWARN [m [m[Worker-Main-14][m [m.println(785)[m: 	at java.base/java.util.concurrent.CompletableFuture.postComplete(CompletableFuture.java:510)
2025-03-09 02:31:17,675 [33mWARN [m [m[Worker-Main-14][m [m.println(785)[m: 	at java.base/java.util.concurrent.CompletableFuture.postFire(CompletableFuture.java:614)
2025-03-09 02:31:17,675 [33mWARN [m [m[Worker-Main-14][m [m.println(785)[m: 	at java.base/java.util.concurrent.CompletableFuture$UniAccept.tryFire(CompletableFuture.java:726)
2025-03-09 02:31:17,675 [33mWARN [m [m[Worker-Main-14][m [m.println(785)[m: 	at java.base/java.util.concurrent.CompletableFuture$Completion.run(CompletableFuture.java:482)
2025-03-09 02:31:17,676 [33mWARN [m [m[Worker-Main-14][m [m.println(785)[m: 	at TRANSFORMER/minecraft@1.18.2/net.minecraft.server.packs.resources.SimpleReloadInstance.m_143940_(SimpleReloadInstance.java:69)
2025-03-09 02:31:17,676 [33mWARN [m [m[Worker-Main-14][m [m.println(785)[m: 	at TRANSFORMER/minecraft@1.18.2/net.minecraft.util.thread.BlockableEventLoop.execute(BlockableEventLoop.java:103)
2025-03-09 02:31:17,677 [33mWARN [m [m[Worker-Main-14][m [m.println(785)[m: 	at TRANSFORMER/minecraft@1.18.2/net.minecraft.server.packs.resources.SimpleReloadInstance.m_10834_(SimpleReloadInstance.java:68)
2025-03-09 02:31:17,677 [33mWARN [m [m[Worker-Main-14][m [m.println(785)[m: 	at java.base/java.util.concurrent.CompletableFuture$UniCompletion.claim(CompletableFuture.java:572)
2025-03-09 02:31:17,677 [33mWARN [m [m[Worker-Main-14][m [m.println(785)[m: 	at java.base/java.util.concurrent.CompletableFuture$UniAccept.tryFire(CompletableFuture.java:714)
2025-03-09 02:31:17,678 [33mWARN [m [m[Worker-Main-14][m [m.println(785)[m: 	at java.base/java.util.concurrent.CompletableFuture.postComplete(CompletableFuture.java:510)
2025-03-09 02:31:17,678 [33mWARN [m [m[Worker-Main-14][m [m.println(785)[m: 	at java.base/java.util.concurrent.CompletableFuture.postFire(CompletableFuture.java:614)
2025-03-09 02:31:17,678 [33mWARN [m [m[Worker-Main-14][m [m.println(785)[m: 	at java.base/java.util.concurrent.CompletableFuture$UniAccept.tryFire(CompletableFuture.java:726)
2025-03-09 02:31:17,679 [33mWARN [m [m[Worker-Main-14][m [m.println(785)[m: 	at java.base/java.util.concurrent.CompletableFuture$Completion.run(CompletableFuture.java:482)
2025-03-09 02:31:17,679 [33mWARN [m [m[Worker-Main-14][m [m.println(785)[m: 	at TRANSFORMER/minecraft@1.18.2/net.minecraft.server.packs.resources.SimpleReloadInstance.m_143940_(SimpleReloadInstance.java:69)
2025-03-09 02:31:17,680 [33mWARN [m [m[Worker-Main-14][m [m.println(785)[m: 	at TRANSFORMER/minecraft@1.18.2/net.minecraft.util.thread.BlockableEventLoop.execute(BlockableEventLoop.java:103)
2025-03-09 02:31:17,680 [33mWARN [m [m[Worker-Main-14][m [m.println(785)[m: 	at TRANSFORMER/minecraft@1.18.2/net.minecraft.server.packs.resources.SimpleReloadInstance.m_10834_(SimpleReloadInstance.java:68)
2025-03-09 02:31:17,680 [33mWARN [m [m[Worker-Main-14][m [m.println(785)[m: 	at java.base/java.util.concurrent.CompletableFuture$UniCompletion.claim(CompletableFuture.java:572)
2025-03-09 02:31:17,681 [33mWARN [m [m[Worker-Main-14][m [m.println(785)[m: 	at java.base/java.util.concurrent.CompletableFuture$UniAccept.tryFire(CompletableFuture.java:714)
2025-03-09 02:31:17,682 [33mWARN [m [m[Worker-Main-14][m [m.println(785)[m: 	at java.base/java.util.concurrent.CompletableFuture.postComplete(CompletableFuture.java:510)
2025-03-09 02:31:17,682 [33mWARN [m [m[Worker-Main-14][m [m.println(785)[m: 	at java.base/java.util.concurrent.CompletableFuture.postFire(CompletableFuture.java:614)
2025-03-09 02:31:17,683 [33mWARN [m [m[Worker-Main-14][m [m.println(785)[m: 	at java.base/java.util.concurrent.CompletableFuture$UniAccept.tryFire(CompletableFuture.java:726)
2025-03-09 02:31:17,683 [33mWARN [m [m[Worker-Main-14][m [m.println(785)[m: 	at java.base/java.util.concurrent.CompletableFuture$Completion.run(CompletableFuture.java:482)
2025-03-09 02:31:17,684 [33mWARN [m [m[Worker-Main-14][m [m.println(785)[m: 	at TRANSFORMER/minecraft@1.18.2/net.minecraft.server.packs.resources.SimpleReloadInstance.m_143940_(SimpleReloadInstance.java:69)
2025-03-09 02:31:17,684 [33mWARN [m [m[Worker-Main-14][m [m.println(785)[m: 	at TRANSFORMER/minecraft@1.18.2/net.minecraft.util.thread.BlockableEventLoop.execute(BlockableEventLoop.java:103)
2025-03-09 02:31:17,685 [33mWARN [m [m[Worker-Main-14][m [m.println(785)[m: 	at TRANSFORMER/minecraft@1.18.2/net.minecraft.server.packs.resources.SimpleReloadInstance.m_10834_(SimpleReloadInstance.java:68)
2025-03-09 02:31:17,685 [33mWARN [m [m[Worker-Main-14][m [m.println(785)[m: 	at java.base/java.util.concurrent.CompletableFuture$UniCompletion.claim(CompletableFuture.java:572)
2025-03-09 02:31:17,686 [33mWARN [m [m[Worker-Main-14][m [m.println(785)[m: 	at java.base/java.util.concurrent.CompletableFuture$UniAccept.tryFire(CompletableFuture.java:714)
2025-03-09 02:31:17,686 [33mWARN [m [m[Worker-Main-14][m [m.println(785)[m: 	at java.base/java.util.concurrent.CompletableFuture.postComplete(CompletableFuture.java:510)
2025-03-09 02:31:17,687 [33mWARN [m [m[Worker-Main-14][m [m.println(785)[m: 	at java.base/java.util.concurrent.CompletableFuture.postFire(CompletableFuture.java:614)
2025-03-09 02:31:17,687 [33mWARN [m [m[Worker-Main-14][m [m.println(785)[m: 	at java.base/java.util.concurrent.CompletableFuture$UniAccept.tryFire(CompletableFuture.java:726)
2025-03-09 02:31:17,688 [33mWARN [m [m[Worker-Main-14][m [m.println(785)[m: 	at java.base/java.util.concurrent.CompletableFuture$Completion.run(CompletableFuture.java:482)
2025-03-09 02:31:17,688 [33mWARN [m [m[Worker-Main-14][m [m.println(785)[m: 	at TRANSFORMER/minecraft@1.18.2/net.minecraft.server.packs.resources.SimpleReloadInstance.m_143940_(SimpleReloadInstance.java:69)
2025-03-09 02:31:17,689 [33mWARN [m [m[Worker-Main-14][m [m.println(785)[m: 	at TRANSFORMER/minecraft@1.18.2/net.minecraft.util.thread.BlockableEventLoop.execute(BlockableEventLoop.java:103)
2025-03-09 02:31:17,689 [33mWARN [m [m[Worker-Main-14][m [m.println(785)[m: 	at TRANSFORMER/minecraft@1.18.2/net.minecraft.server.packs.resources.SimpleReloadInstance.m_10834_(SimpleReloadInstance.java:68)
2025-03-09 02:31:17,690 [33mWARN [m [m[Worker-Main-14][m [m.println(785)[m: 	at java.base/java.util.concurrent.CompletableFuture$UniCompletion.claim(CompletableFuture.java:572)
2025-03-09 02:31:17,690 [33mWARN [m [m[Worker-Main-14][m [m.println(785)[m: 	at java.base/java.util.concurrent.CompletableFuture$UniAccept.tryFire(CompletableFuture.java:714)
2025-03-09 02:31:17,691 [33mWARN [m [m[Worker-Main-14][m [m.println(785)[m: 	at java.base/java.util.concurrent.CompletableFuture.postComplete(CompletableFuture.java:510)
2025-03-09 02:31:17,691 [33mWARN [m [m[Worker-Main-14][m [m.println(785)[m: 	at java.base/java.util.concurrent.CompletableFuture.postFire(CompletableFuture.java:614)
2025-03-09 02:31:17,692 [33mWARN [m [m[Worker-Main-14][m [m.println(785)[m: 	at java.base/java.util.concurrent.CompletableFuture$UniAccept.tryFire(CompletableFuture.java:726)
2025-03-09 02:31:17,692 [33mWARN [m [m[Worker-Main-14][m [m.println(785)[m: 	at java.base/java.util.concurrent.CompletableFuture$Completion.run(CompletableFuture.java:482)
2025-03-09 02:31:17,693 [33mWARN [m [m[Worker-Main-14][m [m.println(785)[m: 	at TRANSFORMER/minecraft@1.18.2/net.minecraft.server.packs.resources.SimpleReloadInstance.m_143940_(SimpleReloadInstance.java:69)
2025-03-09 02:31:17,693 [33mWARN [m [m[Worker-Main-14][m [m.println(785)[m: 	at TRANSFORMER/minecraft@1.18.2/net.minecraft.util.thread.BlockableEventLoop.execute(BlockableEventLoop.java:103)
2025-03-09 02:31:17,694 [33mWARN [m [m[Worker-Main-14][m [m.println(785)[m: 	at TRANSFORMER/minecraft@1.18.2/net.minecraft.server.packs.resources.SimpleReloadInstance.m_10834_(SimpleReloadInstance.java:68)
2025-03-09 02:31:17,694 [33mWARN [m [m[Worker-Main-14][m [m.println(785)[m: 	at java.base/java.util.concurrent.CompletableFuture$UniCompletion.claim(CompletableFuture.java:572)
2025-03-09 02:31:17,695 [33mWARN [m [m[Worker-Main-14][m [m.println(785)[m: 	at java.base/java.util.concurrent.CompletableFuture$UniAccept.tryFire(CompletableFuture.java:714)
2025-03-09 02:31:17,695 [33mWARN [m [m[Worker-Main-14][m [m.println(785)[m: 	at java.base/java.util.concurrent.CompletableFuture.postComplete(CompletableFuture.java:510)
2025-03-09 02:31:17,696 [33mWARN [m [m[Worker-Main-14][m [m.println(785)[m: 	at java.base/java.util.concurrent.CompletableFuture.postFire(CompletableFuture.java:614)
2025-03-09 02:31:17,696 [33mWARN [m [m[Worker-Main-14][m [m.println(785)[m: 	at java.base/java.util.concurrent.CompletableFuture$UniAccept.tryFire(CompletableFuture.java:726)
2025-03-09 02:31:17,697 [33mWARN [m [m[Worker-Main-14][m [m.println(785)[m: 	at java.base/java.util.concurrent.CompletableFuture$Completion.run(CompletableFuture.java:482)
2025-03-09 02:31:17,698 [33mWARN [m [m[Worker-Main-14][m [m.println(785)[m: 	at TRANSFORMER/minecraft@1.18.2/net.minecraft.server.packs.resources.SimpleReloadInstance.m_143940_(SimpleReloadInstance.java:69)
2025-03-09 02:31:17,698 [33mWARN [m [m[Worker-Main-14][m [m.println(785)[m: 	at TRANSFORMER/minecraft@1.18.2/net.minecraft.util.thread.BlockableEventLoop.execute(BlockableEventLoop.java:103)
2025-03-09 02:31:17,699 [33mWARN [m [m[Worker-Main-14][m [m.println(785)[m: 	at TRANSFORMER/minecraft@1.18.2/net.minecraft.server.packs.resources.SimpleReloadInstance.m_10834_(SimpleReloadInstance.java:68)
2025-03-09 02:31:17,699 [33mWARN [m [m[Worker-Main-14][m [m.println(785)[m: 	at java.base/java.util.concurrent.CompletableFuture$UniCompletion.claim(CompletableFuture.java:572)
2025-03-09 02:31:17,699 [33mWARN [m [m[Worker-Main-14][m [m.println(785)[m: 	at java.base/java.util.concurrent.CompletableFuture$UniAccept.tryFire(CompletableFuture.java:714)
2025-03-09 02:31:17,700 [33mWARN [m [m[Worker-Main-14][m [m.println(785)[m: 	at java.base/java.util.concurrent.CompletableFuture.postComplete(CompletableFuture.java:510)
2025-03-09 02:31:17,700 [33mWARN [m [m[Worker-Main-14][m [m.println(785)[m: 	at java.base/java.util.concurrent.CompletableFuture.complete(CompletableFuture.java:2179)
2025-03-09 02:31:17,700 [33mWARN [m [m[Worker-Main-14][m [m.println(785)[m: 	at TRANSFORMER/minecraft@1.18.2/net.minecraft.server.packs.resources.SimpleReloadInstance$1.m_10855_(SimpleReloadInstance.java:51)
2025-03-09 02:31:17,701 [33mWARN [m [m[Worker-Main-14][m [m.println(785)[m: 	at TRANSFORMER/minecraft@1.18.2/net.minecraft.util.thread.BlockableEventLoop.execute(BlockableEventLoop.java:103)
2025-03-09 02:31:17,701 [33mWARN [m [m[Worker-Main-14][m [m.println(785)[m: 	at TRANSFORMER/minecraft@1.18.2/net.minecraft.server.packs.resources.SimpleReloadInstance$1.m_6769_(SimpleReloadInstance.java:48)
2025-03-09 02:31:17,702 [33mWARN [m [m[Worker-Main-14][m [m.println(785)[m: 	at java.base/java.util.concurrent.CompletableFuture$UniCompose.tryFire(CompletableFuture.java:1150)
2025-03-09 02:31:17,702 [33mWARN [m [m[Worker-Main-14][m [m.println(785)[m: 	at java.base/java.util.concurrent.CompletableFuture.postComplete(CompletableFuture.java:510)
2025-03-09 02:31:17,702 [33mWARN [m [m[Worker-Main-14][m [m.println(785)[m: 	at java.base/java.util.concurrent.CompletableFuture$AsyncSupply.run(CompletableFuture.java:1773)
2025-03-09 02:31:17,703 [33mWARN [m [m[Worker-Main-14][m [m.println(785)[m: 	at java.base/java.util.concurrent.CompletableFuture$AsyncSupply.exec(CompletableFuture.java:1760)
2025-03-09 02:31:17,703 [33mWARN [m [m[Worker-Main-14][m [m.println(785)[m: 	at java.base/java.util.concurrent.ForkJoinTask.doExec(ForkJoinTask.java:387)
2025-03-09 02:31:17,704 [33mWARN [m [m[Worker-Main-14][m [m.println(785)[m: 	at java.base/java.util.concurrent.ForkJoinPool$WorkQueue.topLevelExec(ForkJoinPool.java:1312)
2025-03-09 02:31:17,704 [33mWARN [m [m[Worker-Main-14][m [m.println(785)[m: 	at java.base/java.util.concurrent.ForkJoinPool.scan(ForkJoinPool.java:1843)
2025-03-09 02:31:17,704 [33mWARN [m [m[Worker-Main-14][m [m.println(785)[m: 	at java.base/java.util.concurrent.ForkJoinPool.runWorker(ForkJoinPool.java:1808)
2025-03-09 02:31:17,705 [33mWARN [m [m[Worker-Main-14][m [m.println(785)[m: 	at java.base/java.util.concurrent.ForkJoinWorkerThread.run(ForkJoinWorkerThread.java:188)
2025-03-09 02:31:17,705 [1;31mERROR[m [m[Worker-Main-14][m [mtac.lambda$apply$1(65)[m: Missing required properties for tac:light_armor
2025-03-09 02:31:17,706 [33mWARN [m [m[Worker-Main-14][m [m.println(785)[m: java.io.InvalidObjectException: Missing required property: rig
2025-03-09 02:31:17,706 [33mWARN [m [m[Worker-Main-14][m [m.println(785)[m: 	at TRANSFORMER/tac@0.3.10-1.18.2/com.tac.guns.annotation.Validator.isValidObject(Validator.java:35)
2025-03-09 02:31:17,706 [33mWARN [m [m[Worker-Main-14][m [m.println(785)[m: 	at TRANSFORMER/tac@0.3.10-1.18.2/com.tac.guns.common.CustomRigLoader.lambda$apply$1(CustomRigLoader.java:54)
2025-03-09 02:31:17,707 [33mWARN [m [m[Worker-Main-14][m [m.println(785)[m: 	at java.base/java.util.HashMap.forEach(HashMap.java:1429)
2025-03-09 02:31:17,707 [33mWARN [m [m[Worker-Main-14][m [m.println(785)[m: 	at TRANSFORMER/tac@0.3.10-1.18.2/com.tac.guns.common.CustomRigLoader.apply(CustomRigLoader.java:49)
2025-03-09 02:31:17,708 [33mWARN [m [m[Worker-Main-14][m [m.println(785)[m: 	at TRANSFORMER/tac@0.3.10-1.18.2/com.tac.guns.common.CustomRigLoader.m_5787_(CustomRigLoader.java:28)
2025-03-09 02:31:17,708 [33mWARN [m [m[Worker-Main-14][m [m.println(785)[m: 	at TRANSFORMER/minecraft@1.18.2/net.minecraft.server.packs.resources.SimplePreparableReloadListener.m_10789_(SimplePreparableReloadListener.java:13)
2025-03-09 02:31:17,708 [33mWARN [m [m[Worker-Main-14][m [m.println(785)[m: 	at java.base/java.util.concurrent.CompletableFuture$UniAccept.tryFire(CompletableFuture.java:718)
2025-03-09 02:31:17,709 [33mWARN [m [m[Worker-Main-14][m [m.println(785)[m: 	at java.base/java.util.concurrent.CompletableFuture$Completion.run(CompletableFuture.java:482)
2025-03-09 02:31:17,709 [33mWARN [m [m[Worker-Main-14][m [m.println(785)[m: 	at TRANSFORMER/minecraft@1.18.2/net.minecraft.server.packs.resources.SimpleReloadInstance.m_143940_(SimpleReloadInstance.java:69)
2025-03-09 02:31:17,710 [33mWARN [m [m[Worker-Main-14][m [m.println(785)[m: 	at TRANSFORMER/minecraft@1.18.2/net.minecraft.util.thread.BlockableEventLoop.execute(BlockableEventLoop.java:103)
2025-03-09 02:31:17,710 [33mWARN [m [m[Worker-Main-14][m [m.println(785)[m: 	at TRANSFORMER/minecraft@1.18.2/net.minecraft.server.packs.resources.SimpleReloadInstance.m_10834_(SimpleReloadInstance.java:68)
2025-03-09 02:31:17,710 [33mWARN [m [m[Worker-Main-14][m [m.println(785)[m: 	at java.base/java.util.concurrent.CompletableFuture$UniCompletion.claim(CompletableFuture.java:572)
2025-03-09 02:31:17,711 [33mWARN [m [m[Worker-Main-14][m [m.println(785)[m: 	at java.base/java.util.concurrent.CompletableFuture$UniAccept.tryFire(CompletableFuture.java:714)
2025-03-09 02:31:17,711 [33mWARN [m [m[Worker-Main-14][m [m.println(785)[m: 	at java.base/java.util.concurrent.CompletableFuture.postComplete(CompletableFuture.java:510)
2025-03-09 02:31:17,712 [33mWARN [m [m[Worker-Main-14][m [m.println(785)[m: 	at java.base/java.util.concurrent.CompletableFuture.postFire(CompletableFuture.java:614)
2025-03-09 02:31:17,712 [33mWARN [m [m[Worker-Main-14][m [m.println(785)[m: 	at java.base/java.util.concurrent.CompletableFuture$UniAccept.tryFire(CompletableFuture.java:726)
2025-03-09 02:31:17,712 [33mWARN [m [m[Worker-Main-14][m [m.println(785)[m: 	at java.base/java.util.concurrent.CompletableFuture$Completion.run(CompletableFuture.java:482)
2025-03-09 02:31:17,713 [33mWARN [m [m[Worker-Main-14][m [m.println(785)[m: 	at TRANSFORMER/minecraft@1.18.2/net.minecraft.server.packs.resources.SimpleReloadInstance.m_143940_(SimpleReloadInstance.java:69)
2025-03-09 02:31:17,713 [33mWARN [m [m[Worker-Main-14][m [m.println(785)[m: 	at TRANSFORMER/minecraft@1.18.2/net.minecraft.util.thread.BlockableEventLoop.execute(BlockableEventLoop.java:103)
2025-03-09 02:31:17,714 [33mWARN [m [m[Worker-Main-14][m [m.println(785)[m: 	at TRANSFORMER/minecraft@1.18.2/net.minecraft.server.packs.resources.SimpleReloadInstance.m_10834_(SimpleReloadInstance.java:68)
2025-03-09 02:31:17,714 [33mWARN [m [m[Worker-Main-14][m [m.println(785)[m: 	at java.base/java.util.concurrent.CompletableFuture$UniCompletion.claim(CompletableFuture.java:572)
2025-03-09 02:31:17,714 [33mWARN [m [m[Worker-Main-14][m [m.println(785)[m: 	at java.base/java.util.concurrent.CompletableFuture$UniAccept.tryFire(CompletableFuture.java:714)
2025-03-09 02:31:17,715 [33mWARN [m [m[Worker-Main-14][m [m.println(785)[m: 	at java.base/java.util.concurrent.CompletableFuture.postComplete(CompletableFuture.java:510)
2025-03-09 02:31:17,715 [33mWARN [m [m[Worker-Main-14][m [m.println(785)[m: 	at java.base/java.util.concurrent.CompletableFuture.postFire(CompletableFuture.java:614)
2025-03-09 02:31:17,715 [33mWARN [m [m[Worker-Main-14][m [m.println(785)[m: 	at java.base/java.util.concurrent.CompletableFuture$UniAccept.tryFire(CompletableFuture.java:726)
2025-03-09 02:31:17,716 [33mWARN [m [m[Worker-Main-14][m [m.println(785)[m: 	at java.base/java.util.concurrent.CompletableFuture$Completion.run(CompletableFuture.java:482)
2025-03-09 02:31:17,716 [33mWARN [m [m[Worker-Main-14][m [m.println(785)[m: 	at TRANSFORMER/minecraft@1.18.2/net.minecraft.server.packs.resources.SimpleReloadInstance.m_143940_(SimpleReloadInstance.java:69)
2025-03-09 02:31:17,716 [33mWARN [m [m[Worker-Main-14][m [m.println(785)[m: 	at TRANSFORMER/minecraft@1.18.2/net.minecraft.util.thread.BlockableEventLoop.execute(BlockableEventLoop.java:103)
2025-03-09 02:31:17,717 [33mWARN [m [m[Worker-Main-14][m [m.println(785)[m: 	at TRANSFORMER/minecraft@1.18.2/net.minecraft.server.packs.resources.SimpleReloadInstance.m_10834_(SimpleReloadInstance.java:68)
2025-03-09 02:31:17,717 [33mWARN [m [m[Worker-Main-14][m [m.println(785)[m: 	at java.base/java.util.concurrent.CompletableFuture$UniCompletion.claim(CompletableFuture.java:572)
2025-03-09 02:31:17,717 [33mWARN [m [m[Worker-Main-14][m [m.println(785)[m: 	at java.base/java.util.concurrent.CompletableFuture$UniAccept.tryFire(CompletableFuture.java:714)
2025-03-09 02:31:17,718 [33mWARN [m [m[Worker-Main-14][m [m.println(785)[m: 	at java.base/java.util.concurrent.CompletableFuture.postComplete(CompletableFuture.java:510)
2025-03-09 02:31:17,718 [33mWARN [m [m[Worker-Main-14][m [m.println(785)[m: 	at java.base/java.util.concurrent.CompletableFuture.postFire(CompletableFuture.java:614)
2025-03-09 02:31:17,718 [33mWARN [m [m[Worker-Main-14][m [m.println(785)[m: 	at java.base/java.util.concurrent.CompletableFuture$UniAccept.tryFire(CompletableFuture.java:726)
2025-03-09 02:31:17,719 [33mWARN [m [m[Worker-Main-14][m [m.println(785)[m: 	at java.base/java.util.concurrent.CompletableFuture$Completion.run(CompletableFuture.java:482)
2025-03-09 02:31:17,719 [33mWARN [m [m[Worker-Main-14][m [m.println(785)[m: 	at TRANSFORMER/minecraft@1.18.2/net.minecraft.server.packs.resources.SimpleReloadInstance.m_143940_(SimpleReloadInstance.java:69)
2025-03-09 02:31:17,719 [33mWARN [m [m[Worker-Main-14][m [m.println(785)[m: 	at TRANSFORMER/minecraft@1.18.2/net.minecraft.util.thread.BlockableEventLoop.execute(BlockableEventLoop.java:103)
2025-03-09 02:31:17,720 [33mWARN [m [m[Worker-Main-14][m [m.println(785)[m: 	at TRANSFORMER/minecraft@1.18.2/net.minecraft.server.packs.resources.SimpleReloadInstance.m_10834_(SimpleReloadInstance.java:68)
2025-03-09 02:31:17,720 [33mWARN [m [m[Worker-Main-14][m [m.println(785)[m: 	at java.base/java.util.concurrent.CompletableFuture$UniCompletion.claim(CompletableFuture.java:572)
2025-03-09 02:31:17,720 [33mWARN [m [m[Worker-Main-14][m [m.println(785)[m: 	at java.base/java.util.concurrent.CompletableFuture$UniAccept.tryFire(CompletableFuture.java:714)
2025-03-09 02:31:17,721 [33mWARN [m [m[Worker-Main-14][m [m.println(785)[m: 	at java.base/java.util.concurrent.CompletableFuture.postComplete(CompletableFuture.java:510)
2025-03-09 02:31:17,721 [33mWARN [m [m[Worker-Main-14][m [m.println(785)[m: 	at java.base/java.util.concurrent.CompletableFuture.postFire(CompletableFuture.java:614)
2025-03-09 02:31:17,721 [33mWARN [m [m[Worker-Main-14][m [m.println(785)[m: 	at java.base/java.util.concurrent.CompletableFuture$UniAccept.tryFire(CompletableFuture.java:726)
2025-03-09 02:31:17,722 [33mWARN [m [m[Worker-Main-14][m [m.println(785)[m: 	at java.base/java.util.concurrent.CompletableFuture$Completion.run(CompletableFuture.java:482)
2025-03-09 02:31:17,722 [33mWARN [m [m[Worker-Main-14][m [m.println(785)[m: 	at TRANSFORMER/minecraft@1.18.2/net.minecraft.server.packs.resources.SimpleReloadInstance.m_143940_(SimpleReloadInstance.java:69)
2025-03-09 02:31:17,722 [33mWARN [m [m[Worker-Main-14][m [m.println(785)[m: 	at TRANSFORMER/minecraft@1.18.2/net.minecraft.util.thread.BlockableEventLoop.execute(BlockableEventLoop.java:103)
2025-03-09 02:31:17,723 [33mWARN [m [m[Worker-Main-14][m [m.println(785)[m: 	at TRANSFORMER/minecraft@1.18.2/net.minecraft.server.packs.resources.SimpleReloadInstance.m_10834_(SimpleReloadInstance.java:68)
2025-03-09 02:31:17,723 [33mWARN [m [m[Worker-Main-14][m [m.println(785)[m: 	at java.base/java.util.concurrent.CompletableFuture$UniCompletion.claim(CompletableFuture.java:572)
2025-03-09 02:31:17,723 [33mWARN [m [m[Worker-Main-14][m [m.println(785)[m: 	at java.base/java.util.concurrent.CompletableFuture$UniAccept.tryFire(CompletableFuture.java:714)
2025-03-09 02:31:17,724 [33mWARN [m [m[Worker-Main-14][m [m.println(785)[m: 	at java.base/java.util.concurrent.CompletableFuture.postComplete(CompletableFuture.java:510)
2025-03-09 02:31:17,724 [33mWARN [m [m[Worker-Main-14][m [m.println(785)[m: 	at java.base/java.util.concurrent.CompletableFuture.postFire(CompletableFuture.java:614)
2025-03-09 02:31:17,724 [33mWARN [m [m[Worker-Main-14][m [m.println(785)[m: 	at java.base/java.util.concurrent.CompletableFuture$UniAccept.tryFire(CompletableFuture.java:726)
2025-03-09 02:31:17,725 [33mWARN [m [m[Worker-Main-14][m [m.println(785)[m: 	at java.base/java.util.concurrent.CompletableFuture$Completion.run(CompletableFuture.java:482)
2025-03-09 02:31:17,725 [33mWARN [m [m[Worker-Main-14][m [m.println(785)[m: 	at TRANSFORMER/minecraft@1.18.2/net.minecraft.server.packs.resources.SimpleReloadInstance.m_143940_(SimpleReloadInstance.java:69)
2025-03-09 02:31:17,725 [33mWARN [m [m[Worker-Main-14][m [m.println(785)[m: 	at TRANSFORMER/minecraft@1.18.2/net.minecraft.util.thread.BlockableEventLoop.execute(BlockableEventLoop.java:103)
2025-03-09 02:31:17,725 [33mWARN [m [m[Worker-Main-14][m [m.println(785)[m: 	at TRANSFORMER/minecraft@1.18.2/net.minecraft.server.packs.resources.SimpleReloadInstance.m_10834_(SimpleReloadInstance.java:68)
2025-03-09 02:31:17,725 [33mWARN [m [m[Worker-Main-14][m [m.println(785)[m: 	at java.base/java.util.concurrent.CompletableFuture$UniCompletion.claim(CompletableFuture.java:572)
2025-03-09 02:31:17,726 [33mWARN [m [m[Worker-Main-14][m [m.println(785)[m: 	at java.base/java.util.concurrent.CompletableFuture$UniAccept.tryFire(CompletableFuture.java:714)
2025-03-09 02:31:17,726 [33mWARN [m [m[Worker-Main-14][m [m.println(785)[m: 	at java.base/java.util.concurrent.CompletableFuture.postComplete(CompletableFuture.java:510)
2025-03-09 02:31:17,726 [33mWARN [m [m[Worker-Main-14][m [m.println(785)[m: 	at java.base/java.util.concurrent.CompletableFuture.postFire(CompletableFuture.java:614)
2025-03-09 02:31:17,726 [33mWARN [m [m[Worker-Main-14][m [m.println(785)[m: 	at java.base/java.util.concurrent.CompletableFuture$UniAccept.tryFire(CompletableFuture.java:726)
2025-03-09 02:31:17,726 [33mWARN [m [m[Worker-Main-14][m [m.println(785)[m: 	at java.base/java.util.concurrent.CompletableFuture$Completion.run(CompletableFuture.java:482)
2025-03-09 02:31:17,726 [33mWARN [m [m[Worker-Main-14][m [m.println(785)[m: 	at TRANSFORMER/minecraft@1.18.2/net.minecraft.server.packs.resources.SimpleReloadInstance.m_143940_(SimpleReloadInstance.java:69)
2025-03-09 02:31:17,727 [33mWARN [m [m[Worker-Main-14][m [m.println(785)[m: 	at TRANSFORMER/minecraft@1.18.2/net.minecraft.util.thread.BlockableEventLoop.execute(BlockableEventLoop.java:103)
2025-03-09 02:31:17,727 [33mWARN [m [m[Worker-Main-14][m [m.println(785)[m: 	at TRANSFORMER/minecraft@1.18.2/net.minecraft.server.packs.resources.SimpleReloadInstance.m_10834_(SimpleReloadInstance.java:68)
2025-03-09 02:31:17,727 [33mWARN [m [m[Worker-Main-14][m [m.println(785)[m: 	at java.base/java.util.concurrent.CompletableFuture$UniCompletion.claim(CompletableFuture.java:572)
2025-03-09 02:31:17,727 [33mWARN [m [m[Worker-Main-14][m [m.println(785)[m: 	at java.base/java.util.concurrent.CompletableFuture$UniAccept.tryFire(CompletableFuture.java:714)
2025-03-09 02:31:17,727 [33mWARN [m [m[Worker-Main-14][m [m.println(785)[m: 	at java.base/java.util.concurrent.CompletableFuture.postComplete(CompletableFuture.java:510)
2025-03-09 02:31:17,728 [33mWARN [m [m[Worker-Main-14][m [m.println(785)[m: 	at java.base/java.util.concurrent.CompletableFuture.postFire(CompletableFuture.java:614)
2025-03-09 02:31:17,728 [33mWARN [m [m[Worker-Main-14][m [m.println(785)[m: 	at java.base/java.util.concurrent.CompletableFuture$UniAccept.tryFire(CompletableFuture.java:726)
2025-03-09 02:31:17,728 [33mWARN [m [m[Worker-Main-14][m [m.println(785)[m: 	at java.base/java.util.concurrent.CompletableFuture$Completion.run(CompletableFuture.java:482)
2025-03-09 02:31:17,728 [33mWARN [m [m[Worker-Main-14][m [m.println(785)[m: 	at TRANSFORMER/minecraft@1.18.2/net.minecraft.server.packs.resources.SimpleReloadInstance.m_143940_(SimpleReloadInstance.java:69)
2025-03-09 02:31:17,728 [33mWARN [m [m[Worker-Main-14][m [m.println(785)[m: 	at TRANSFORMER/minecraft@1.18.2/net.minecraft.util.thread.BlockableEventLoop.execute(BlockableEventLoop.java:103)
2025-03-09 02:31:17,728 [33mWARN [m [m[Worker-Main-14][m [m.println(785)[m: 	at TRANSFORMER/minecraft@1.18.2/net.minecraft.server.packs.resources.SimpleReloadInstance.m_10834_(SimpleReloadInstance.java:68)
2025-03-09 02:31:17,729 [33mWARN [m [m[Worker-Main-14][m [m.println(785)[m: 	at java.base/java.util.concurrent.CompletableFuture$UniCompletion.claim(CompletableFuture.java:572)
2025-03-09 02:31:17,729 [33mWARN [m [m[Worker-Main-14][m [m.println(785)[m: 	at java.base/java.util.concurrent.CompletableFuture$UniAccept.tryFire(CompletableFuture.java:714)
2025-03-09 02:31:17,729 [33mWARN [m [m[Worker-Main-14][m [m.println(785)[m: 	at java.base/java.util.concurrent.CompletableFuture.postComplete(CompletableFuture.java:510)
2025-03-09 02:31:17,730 [33mWARN [m [m[Worker-Main-14][m [m.println(785)[m: 	at java.base/java.util.concurrent.CompletableFuture.postFire(CompletableFuture.java:614)
2025-03-09 02:31:17,730 [33mWARN [m [m[Worker-Main-14][m [m.println(785)[m: 	at java.base/java.util.concurrent.CompletableFuture$UniAccept.tryFire(CompletableFuture.java:726)
2025-03-09 02:31:17,730 [33mWARN [m [m[Worker-Main-14][m [m.println(785)[m: 	at java.base/java.util.concurrent.CompletableFuture$Completion.run(CompletableFuture.java:482)
2025-03-09 02:31:17,730 [33mWARN [m [m[Worker-Main-14][m [m.println(785)[m: 	at TRANSFORMER/minecraft@1.18.2/net.minecraft.server.packs.resources.SimpleReloadInstance.m_143940_(SimpleReloadInstance.java:69)
2025-03-09 02:31:17,730 [33mWARN [m [m[Worker-Main-14][m [m.println(785)[m: 	at TRANSFORMER/minecraft@1.18.2/net.minecraft.util.thread.BlockableEventLoop.execute(BlockableEventLoop.java:103)
2025-03-09 02:31:17,730 [33mWARN [m [m[Worker-Main-14][m [m.println(785)[m: 	at TRANSFORMER/minecraft@1.18.2/net.minecraft.server.packs.resources.SimpleReloadInstance.m_10834_(SimpleReloadInstance.java:68)
2025-03-09 02:31:17,731 [33mWARN [m [m[Worker-Main-14][m [m.println(785)[m: 	at java.base/java.util.concurrent.CompletableFuture$UniCompletion.claim(CompletableFuture.java:572)
2025-03-09 02:31:17,731 [33mWARN [m [m[Worker-Main-14][m [m.println(785)[m: 	at java.base/java.util.concurrent.CompletableFuture$UniAccept.tryFire(CompletableFuture.java:714)
2025-03-09 02:31:17,731 [33mWARN [m [m[Worker-Main-14][m [m.println(785)[m: 	at java.base/java.util.concurrent.CompletableFuture.postComplete(CompletableFuture.java:510)
2025-03-09 02:31:17,731 [33mWARN [m [m[Worker-Main-14][m [m.println(785)[m: 	at java.base/java.util.concurrent.CompletableFuture.postFire(CompletableFuture.java:614)
2025-03-09 02:31:17,731 [33mWARN [m [m[Worker-Main-14][m [m.println(785)[m: 	at java.base/java.util.concurrent.CompletableFuture$UniAccept.tryFire(CompletableFuture.java:726)
2025-03-09 02:31:17,731 [33mWARN [m [m[Worker-Main-14][m [m.println(785)[m: 	at java.base/java.util.concurrent.CompletableFuture$Completion.run(CompletableFuture.java:482)
2025-03-09 02:31:17,732 [33mWARN [m [m[Worker-Main-14][m [m.println(785)[m: 	at TRANSFORMER/minecraft@1.18.2/net.minecraft.server.packs.resources.SimpleReloadInstance.m_143940_(SimpleReloadInstance.java:69)
2025-03-09 02:31:17,732 [33mWARN [m [m[Worker-Main-14][m [m.println(785)[m: 	at TRANSFORMER/minecraft@1.18.2/net.minecraft.util.thread.BlockableEventLoop.execute(BlockableEventLoop.java:103)
2025-03-09 02:31:17,732 [33mWARN [m [m[Worker-Main-14][m [m.println(785)[m: 	at TRANSFORMER/minecraft@1.18.2/net.minecraft.server.packs.resources.SimpleReloadInstance.m_10834_(SimpleReloadInstance.java:68)
2025-03-09 02:31:17,732 [33mWARN [m [m[Worker-Main-14][m [m.println(785)[m: 	at java.base/java.util.concurrent.CompletableFuture$UniCompletion.claim(CompletableFuture.java:572)
2025-03-09 02:31:17,732 [33mWARN [m [m[Worker-Main-14][m [m.println(785)[m: 	at java.base/java.util.concurrent.CompletableFuture$UniAccept.tryFire(CompletableFuture.java:714)
2025-03-09 02:31:17,733 [33mWARN [m [m[Worker-Main-14][m [m.println(785)[m: 	at java.base/java.util.concurrent.CompletableFuture.postComplete(CompletableFuture.java:510)
2025-03-09 02:31:17,733 [33mWARN [m [m[Worker-Main-14][m [m.println(785)[m: 	at java.base/java.util.concurrent.CompletableFuture.postFire(CompletableFuture.java:614)
2025-03-09 02:31:17,733 [33mWARN [m [m[Worker-Main-14][m [m.println(785)[m: 	at java.base/java.util.concurrent.CompletableFuture$UniAccept.tryFire(CompletableFuture.java:726)
2025-03-09 02:31:17,733 [33mWARN [m [m[Worker-Main-14][m [m.println(785)[m: 	at java.base/java.util.concurrent.CompletableFuture$Completion.run(CompletableFuture.java:482)
2025-03-09 02:31:17,734 [33mWARN [m [m[Worker-Main-14][m [m.println(785)[m: 	at TRANSFORMER/minecraft@1.18.2/net.minecraft.server.packs.resources.SimpleReloadInstance.m_143940_(SimpleReloadInstance.java:69)
2025-03-09 02:31:17,734 [33mWARN [m [m[Worker-Main-14][m [m.println(785)[m: 	at TRANSFORMER/minecraft@1.18.2/net.minecraft.util.thread.BlockableEventLoop.execute(BlockableEventLoop.java:103)
2025-03-09 02:31:17,734 [33mWARN [m [m[Worker-Main-14][m [m.println(785)[m: 	at TRANSFORMER/minecraft@1.18.2/net.minecraft.server.packs.resources.SimpleReloadInstance.m_10834_(SimpleReloadInstance.java:68)
2025-03-09 02:31:17,734 [33mWARN [m [m[Worker-Main-14][m [m.println(785)[m: 	at java.base/java.util.concurrent.CompletableFuture$UniCompletion.claim(CompletableFuture.java:572)
2025-03-09 02:31:17,734 [33mWARN [m [m[Worker-Main-14][m [m.println(785)[m: 	at java.base/java.util.concurrent.CompletableFuture$UniAccept.tryFire(CompletableFuture.java:714)
2025-03-09 02:31:17,735 [33mWARN [m [m[Worker-Main-14][m [m.println(785)[m: 	at java.base/java.util.concurrent.CompletableFuture.postComplete(CompletableFuture.java:510)
2025-03-09 02:31:17,735 [33mWARN [m [m[Worker-Main-14][m [m.println(785)[m: 	at java.base/java.util.concurrent.CompletableFuture.postFire(CompletableFuture.java:614)
2025-03-09 02:31:17,735 [33mWARN [m [m[Worker-Main-14][m [m.println(785)[m: 	at java.base/java.util.concurrent.CompletableFuture$UniAccept.tryFire(CompletableFuture.java:726)
2025-03-09 02:31:17,735 [33mWARN [m [m[Worker-Main-14][m [m.println(785)[m: 	at java.base/java.util.concurrent.CompletableFuture$Completion.run(CompletableFuture.java:482)
2025-03-09 02:31:17,735 [33mWARN [m [m[Worker-Main-14][m [m.println(785)[m: 	at TRANSFORMER/minecraft@1.18.2/net.minecraft.server.packs.resources.SimpleReloadInstance.m_143940_(SimpleReloadInstance.java:69)
2025-03-09 02:31:17,735 [33mWARN [m [m[Worker-Main-14][m [m.println(785)[m: 	at TRANSFORMER/minecraft@1.18.2/net.minecraft.util.thread.BlockableEventLoop.execute(BlockableEventLoop.java:103)
2025-03-09 02:31:17,736 [33mWARN [m [m[Worker-Main-14][m [m.println(785)[m: 	at TRANSFORMER/minecraft@1.18.2/net.minecraft.server.packs.resources.SimpleReloadInstance.m_10834_(SimpleReloadInstance.java:68)
2025-03-09 02:31:17,736 [33mWARN [m [m[Worker-Main-14][m [m.println(785)[m: 	at java.base/java.util.concurrent.CompletableFuture$UniCompletion.claim(CompletableFuture.java:572)
2025-03-09 02:31:17,736 [33mWARN [m [m[Worker-Main-14][m [m.println(785)[m: 	at java.base/java.util.concurrent.CompletableFuture$UniAccept.tryFire(CompletableFuture.java:714)
2025-03-09 02:31:17,736 [33mWARN [m [m[Worker-Main-14][m [m.println(785)[m: 	at java.base/java.util.concurrent.CompletableFuture.postComplete(CompletableFuture.java:510)
2025-03-09 02:31:17,736 [33mWARN [m [m[Worker-Main-14][m [m.println(785)[m: 	at java.base/java.util.concurrent.CompletableFuture.postFire(CompletableFuture.java:614)
2025-03-09 02:31:17,736 [33mWARN [m [m[Worker-Main-14][m [m.println(785)[m: 	at java.base/java.util.concurrent.CompletableFuture$UniAccept.tryFire(CompletableFuture.java:726)
2025-03-09 02:31:17,737 [33mWARN [m [m[Worker-Main-14][m [m.println(785)[m: 	at java.base/java.util.concurrent.CompletableFuture$Completion.run(CompletableFuture.java:482)
2025-03-09 02:31:17,737 [33mWARN [m [m[Worker-Main-14][m [m.println(785)[m: 	at TRANSFORMER/minecraft@1.18.2/net.minecraft.server.packs.resources.SimpleReloadInstance.m_143940_(SimpleReloadInstance.java:69)
2025-03-09 02:31:17,737 [33mWARN [m [m[Worker-Main-14][m [m.println(785)[m: 	at TRANSFORMER/minecraft@1.18.2/net.minecraft.util.thread.BlockableEventLoop.execute(BlockableEventLoop.java:103)
2025-03-09 02:31:17,737 [33mWARN [m [m[Worker-Main-14][m [m.println(785)[m: 	at TRANSFORMER/minecraft@1.18.2/net.minecraft.server.packs.resources.SimpleReloadInstance.m_10834_(SimpleReloadInstance.java:68)
2025-03-09 02:31:17,738 [33mWARN [m [m[Worker-Main-14][m [m.println(785)[m: 	at java.base/java.util.concurrent.CompletableFuture$UniCompletion.claim(CompletableFuture.java:572)
2025-03-09 02:31:17,738 [33mWARN [m [m[Worker-Main-14][m [m.println(785)[m: 	at java.base/java.util.concurrent.CompletableFuture$UniAccept.tryFire(CompletableFuture.java:714)
2025-03-09 02:31:17,738 [33mWARN [m [m[Worker-Main-14][m [m.println(785)[m: 	at java.base/java.util.concurrent.CompletableFuture.postComplete(CompletableFuture.java:510)
2025-03-09 02:31:17,738 [33mWARN [m [m[Worker-Main-14][m [m.println(785)[m: 	at java.base/java.util.concurrent.CompletableFuture.postFire(CompletableFuture.java:614)
2025-03-09 02:31:17,738 [33mWARN [m [m[Worker-Main-14][m [m.println(785)[m: 	at java.base/java.util.concurrent.CompletableFuture$UniAccept.tryFire(CompletableFuture.java:726)
2025-03-09 02:31:17,739 [33mWARN [m [m[Worker-Main-14][m [m.println(785)[m: 	at java.base/java.util.concurrent.CompletableFuture$Completion.run(CompletableFuture.java:482)
2025-03-09 02:31:17,739 [33mWARN [m [m[Worker-Main-14][m [m.println(785)[m: 	at TRANSFORMER/minecraft@1.18.2/net.minecraft.server.packs.resources.SimpleReloadInstance.m_143940_(SimpleReloadInstance.java:69)
2025-03-09 02:31:17,739 [33mWARN [m [m[Worker-Main-14][m [m.println(785)[m: 	at TRANSFORMER/minecraft@1.18.2/net.minecraft.util.thread.BlockableEventLoop.execute(BlockableEventLoop.java:103)
2025-03-09 02:31:17,739 [33mWARN [m [m[Worker-Main-14][m [m.println(785)[m: 	at TRANSFORMER/minecraft@1.18.2/net.minecraft.server.packs.resources.SimpleReloadInstance.m_10834_(SimpleReloadInstance.java:68)
2025-03-09 02:31:17,739 [33mWARN [m [m[Worker-Main-14][m [m.println(785)[m: 	at java.base/java.util.concurrent.CompletableFuture$UniCompletion.claim(CompletableFuture.java:572)
2025-03-09 02:31:17,740 [33mWARN [m [m[Worker-Main-14][m [m.println(785)[m: 	at java.base/java.util.concurrent.CompletableFuture$UniAccept.tryFire(CompletableFuture.java:714)
2025-03-09 02:31:17,740 [33mWARN [m [m[Worker-Main-14][m [m.println(785)[m: 	at java.base/java.util.concurrent.CompletableFuture.postComplete(CompletableFuture.java:510)
2025-03-09 02:31:17,740 [33mWARN [m [m[Worker-Main-14][m [m.println(785)[m: 	at java.base/java.util.concurrent.CompletableFuture.postFire(CompletableFuture.java:614)
2025-03-09 02:31:17,740 [33mWARN [m [m[Worker-Main-14][m [m.println(785)[m: 	at java.base/java.util.concurrent.CompletableFuture$UniAccept.tryFire(CompletableFuture.java:726)
2025-03-09 02:31:17,741 [33mWARN [m [m[Worker-Main-14][m [m.println(785)[m: 	at java.base/java.util.concurrent.CompletableFuture$Completion.run(CompletableFuture.java:482)
2025-03-09 02:31:17,741 [33mWARN [m [m[Worker-Main-14][m [m.println(785)[m: 	at TRANSFORMER/minecraft@1.18.2/net.minecraft.server.packs.resources.SimpleReloadInstance.m_143940_(SimpleReloadInstance.java:69)
2025-03-09 02:31:17,741 [33mWARN [m [m[Worker-Main-14][m [m.println(785)[m: 	at TRANSFORMER/minecraft@1.18.2/net.minecraft.util.thread.BlockableEventLoop.execute(BlockableEventLoop.java:103)
2025-03-09 02:31:17,741 [33mWARN [m [m[Worker-Main-14][m [m.println(785)[m: 	at TRANSFORMER/minecraft@1.18.2/net.minecraft.server.packs.resources.SimpleReloadInstance.m_10834_(SimpleReloadInstance.java:68)
2025-03-09 02:31:17,741 [33mWARN [m [m[Worker-Main-14][m [m.println(785)[m: 	at java.base/java.util.concurrent.CompletableFuture$UniCompletion.claim(CompletableFuture.java:572)
2025-03-09 02:31:17,741 [33mWARN [m [m[Worker-Main-14][m [m.println(785)[m: 	at java.base/java.util.concurrent.CompletableFuture$UniAccept.tryFire(CompletableFuture.java:714)
2025-03-09 02:31:17,741 [33mWARN [m [m[Worker-Main-14][m [m.println(785)[m: 	at java.base/java.util.concurrent.CompletableFuture.postComplete(CompletableFuture.java:510)
2025-03-09 02:31:17,742 [33mWARN [m [m[Worker-Main-14][m [m.println(785)[m: 	at java.base/java.util.concurrent.CompletableFuture.postFire(CompletableFuture.java:614)
2025-03-09 02:31:17,742 [33mWARN [m [m[Worker-Main-14][m [m.println(785)[m: 	at java.base/java.util.concurrent.CompletableFuture$UniAccept.tryFire(CompletableFuture.java:726)
2025-03-09 02:31:17,742 [33mWARN [m [m[Worker-Main-14][m [m.println(785)[m: 	at java.base/java.util.concurrent.CompletableFuture$Completion.run(CompletableFuture.java:482)
2025-03-09 02:31:17,743 [33mWARN [m [m[Worker-Main-14][m [m.println(785)[m: 	at TRANSFORMER/minecraft@1.18.2/net.minecraft.server.packs.resources.SimpleReloadInstance.m_143940_(SimpleReloadInstance.java:69)
2025-03-09 02:31:17,743 [33mWARN [m [m[Worker-Main-14][m [m.println(785)[m: 	at TRANSFORMER/minecraft@1.18.2/net.minecraft.util.thread.BlockableEventLoop.execute(BlockableEventLoop.java:103)
2025-03-09 02:31:17,743 [33mWARN [m [m[Worker-Main-14][m [m.println(785)[m: 	at TRANSFORMER/minecraft@1.18.2/net.minecraft.server.packs.resources.SimpleReloadInstance.m_10834_(SimpleReloadInstance.java:68)
2025-03-09 02:31:17,743 [33mWARN [m [m[Worker-Main-14][m [m.println(785)[m: 	at java.base/java.util.concurrent.CompletableFuture$UniCompletion.claim(CompletableFuture.java:572)
2025-03-09 02:31:17,743 [33mWARN [m [m[Worker-Main-14][m [m.println(785)[m: 	at java.base/java.util.concurrent.CompletableFuture$UniAccept.tryFire(CompletableFuture.java:714)
2025-03-09 02:31:17,743 [33mWARN [m [m[Worker-Main-14][m [m.println(785)[m: 	at java.base/java.util.concurrent.CompletableFuture.postComplete(CompletableFuture.java:510)
2025-03-09 02:31:17,744 [33mWARN [m [m[Worker-Main-14][m [m.println(785)[m: 	at java.base/java.util.concurrent.CompletableFuture.postFire(CompletableFuture.java:614)
2025-03-09 02:31:17,744 [33mWARN [m [m[Worker-Main-14][m [m.println(785)[m: 	at java.base/java.util.concurrent.CompletableFuture$UniAccept.tryFire(CompletableFuture.java:726)
2025-03-09 02:31:17,744 [33mWARN [m [m[Worker-Main-14][m [m.println(785)[m: 	at java.base/java.util.concurrent.CompletableFuture$Completion.run(CompletableFuture.java:482)
2025-03-09 02:31:17,745 [33mWARN [m [m[Worker-Main-14][m [m.println(785)[m: 	at TRANSFORMER/minecraft@1.18.2/net.minecraft.server.packs.resources.SimpleReloadInstance.m_143940_(SimpleReloadInstance.java:69)
2025-03-09 02:31:17,745 [33mWARN [m [m[Worker-Main-14][m [m.println(785)[m: 	at TRANSFORMER/minecraft@1.18.2/net.minecraft.util.thread.BlockableEventLoop.execute(BlockableEventLoop.java:103)
2025-03-09 02:31:17,745 [33mWARN [m [m[Worker-Main-14][m [m.println(785)[m: 	at TRANSFORMER/minecraft@1.18.2/net.minecraft.server.packs.resources.SimpleReloadInstance.m_10834_(SimpleReloadInstance.java:68)
2025-03-09 02:31:17,745 [33mWARN [m [m[Worker-Main-14][m [m.println(785)[m: 	at java.base/java.util.concurrent.CompletableFuture$UniCompletion.claim(CompletableFuture.java:572)
2025-03-09 02:31:17,745 [33mWARN [m [m[Worker-Main-14][m [m.println(785)[m: 	at java.base/java.util.concurrent.CompletableFuture$UniAccept.tryFire(CompletableFuture.java:714)
2025-03-09 02:31:17,745 [33mWARN [m [m[Worker-Main-14][m [m.println(785)[m: 	at java.base/java.util.concurrent.CompletableFuture.postComplete(CompletableFuture.java:510)
2025-03-09 02:31:17,746 [33mWARN [m [m[Worker-Main-14][m [m.println(785)[m: 	at java.base/java.util.concurrent.CompletableFuture.postFire(CompletableFuture.java:614)
2025-03-09 02:31:17,746 [33mWARN [m [m[Worker-Main-14][m [m.println(785)[m: 	at java.base/java.util.concurrent.CompletableFuture$UniAccept.tryFire(CompletableFuture.java:726)
2025-03-09 02:31:17,746 [33mWARN [m [m[Worker-Main-14][m [m.println(785)[m: 	at java.base/java.util.concurrent.CompletableFuture$Completion.run(CompletableFuture.java:482)
2025-03-09 02:31:17,746 [33mWARN [m [m[Worker-Main-14][m [m.println(785)[m: 	at TRANSFORMER/minecraft@1.18.2/net.minecraft.server.packs.resources.SimpleReloadInstance.m_143940_(SimpleReloadInstance.java:69)
2025-03-09 02:31:17,746 [33mWARN [m [m[Worker-Main-14][m [m.println(785)[m: 	at TRANSFORMER/minecraft@1.18.2/net.minecraft.util.thread.BlockableEventLoop.execute(BlockableEventLoop.java:103)
2025-03-09 02:31:17,746 [33mWARN [m [m[Worker-Main-14][m [m.println(785)[m: 	at TRANSFORMER/minecraft@1.18.2/net.minecraft.server.packs.resources.SimpleReloadInstance.m_10834_(SimpleReloadInstance.java:68)
2025-03-09 02:31:17,747 [33mWARN [m [m[Worker-Main-14][m [m.println(785)[m: 	at java.base/java.util.concurrent.CompletableFuture$UniCompletion.claim(CompletableFuture.java:572)
2025-03-09 02:31:17,747 [33mWARN [m [m[Worker-Main-14][m [m.println(785)[m: 	at java.base/java.util.concurrent.CompletableFuture$UniAccept.tryFire(CompletableFuture.java:714)
2025-03-09 02:31:17,747 [33mWARN [m [m[Worker-Main-14][m [m.println(785)[m: 	at java.base/java.util.concurrent.CompletableFuture.postComplete(CompletableFuture.java:510)
2025-03-09 02:31:17,747 [33mWARN [m [m[Worker-Main-14][m [m.println(785)[m: 	at java.base/java.util.concurrent.CompletableFuture.complete(CompletableFuture.java:2179)
2025-03-09 02:31:17,747 [33mWARN [m [m[Worker-Main-14][m [m.println(785)[m: 	at TRANSFORMER/minecraft@1.18.2/net.minecraft.server.packs.resources.SimpleReloadInstance$1.m_10855_(SimpleReloadInstance.java:51)
2025-03-09 02:31:17,747 [33mWARN [m [m[Worker-Main-14][m [m.println(785)[m: 	at TRANSFORMER/minecraft@1.18.2/net.minecraft.util.thread.BlockableEventLoop.execute(BlockableEventLoop.java:103)
2025-03-09 02:31:17,748 [33mWARN [m [m[Worker-Main-14][m [m.println(785)[m: 	at TRANSFORMER/minecraft@1.18.2/net.minecraft.server.packs.resources.SimpleReloadInstance$1.m_6769_(SimpleReloadInstance.java:48)
2025-03-09 02:31:17,748 [33mWARN [m [m[Worker-Main-14][m [m.println(785)[m: 	at java.base/java.util.concurrent.CompletableFuture$UniCompose.tryFire(CompletableFuture.java:1150)
2025-03-09 02:31:17,748 [33mWARN [m [m[Worker-Main-14][m [m.println(785)[m: 	at java.base/java.util.concurrent.CompletableFuture.postComplete(CompletableFuture.java:510)
2025-03-09 02:31:17,748 [33mWARN [m [m[Worker-Main-14][m [m.println(785)[m: 	at java.base/java.util.concurrent.CompletableFuture$AsyncSupply.run(CompletableFuture.java:1773)
2025-03-09 02:31:17,748 [33mWARN [m [m[Worker-Main-14][m [m.println(785)[m: 	at java.base/java.util.concurrent.CompletableFuture$AsyncSupply.exec(CompletableFuture.java:1760)
2025-03-09 02:31:17,748 [33mWARN [m [m[Worker-Main-14][m [m.println(785)[m: 	at java.base/java.util.concurrent.ForkJoinTask.doExec(ForkJoinTask.java:387)
2025-03-09 02:31:17,748 [33mWARN [m [m[Worker-Main-14][m [m.println(785)[m: 	at java.base/java.util.concurrent.ForkJoinPool$WorkQueue.topLevelExec(ForkJoinPool.java:1312)
2025-03-09 02:31:17,749 [33mWARN [m [m[Worker-Main-14][m [m.println(785)[m: 	at java.base/java.util.concurrent.ForkJoinPool.scan(ForkJoinPool.java:1843)
2025-03-09 02:31:17,749 [33mWARN [m [m[Worker-Main-14][m [m.println(785)[m: 	at java.base/java.util.concurrent.ForkJoinPool.runWorker(ForkJoinPool.java:1808)
2025-03-09 02:31:17,749 [33mWARN [m [m[Worker-Main-14][m [m.println(785)[m: 	at java.base/java.util.concurrent.ForkJoinWorkerThread.run(ForkJoinWorkerThread.java:188)
2025-03-09 02:31:17,749 [32mINFO [m [m[Worker-Main-14][m [mDungeon Crawl.reload(50)[m: Loading data...
2025-03-09 02:31:19,793 [32mINFO [m [m[Worker-Main-14][m [mDungeon Crawl.reload(72)[m: Done.
2025-03-09 02:31:20,064 [32mINFO [m [m[Worker-Main-14][m [ms.m.f.t.FluidContainerTransferManager.apply(111)[m: Loaded 23 dynamic modifiers in 0.257762 ms
2025-03-09 02:31:20,075 [32mINFO [m [m[Worker-Main-14][m [ms.t.l.m.ModifierManager.apply(183)[m: Loaded 94 dynamic modifiers and 17 modifier redirects in 10.267708 ms
2025-03-09 02:31:20,300 [32mINFO [m [m[Worker-Main-14][m [ms.t.l.m.ModifierManager.apply(197)[m: Loaded 37 modifier tags for 126 modifiers in 224.8879 ms
2025-03-09 02:31:20,301 [32mINFO [m [m[Worker-Main-14][m [ms.t.l.m.ModifierManager.apply(240)[m: Loaded 49 enchantment to modifier mappings in 0.604117 ms
2025-03-09 02:31:20,303 [32mINFO [m [m[Worker-Main-14][m [ms.t.l.m.s.SpillingFluidManager.apply(89)[m: Loaded 49 spilling fluids in 2.290701 ms
2025-03-09 02:31:20,336 [32mINFO [m [m[Worker-Main-14][m [ms.t.l.m.d.MaterialManager.apply(204)[m: Loaded 55 materials in 4.389957 ms
2025-03-09 02:31:20,580 [32mINFO [m [m[Worker-Main-14][m [ms.t.l.m.d.MaterialManager.apply(211)[m: Loaded 1 material tags for 20 materials in 244.1807 ms
2025-03-09 02:31:20,751 [32mINFO [m [m[Worker-Main-14][m [ms.t.l.m.s.MaterialStatsManager.m_6213_(217)[m: 196 stats loaded for 65 materials in 170.0887 ms
2025-03-09 02:31:20,904 [32mINFO [m [m[Worker-Main-14][m [ms.t.l.m.t.MaterialTraitsManager.m_6213_(164)[m: 86 traits loaded for 65 materials in 151.84517 ms
2025-03-09 02:31:20,906 [32mINFO [m [m[Worker-Main-14][m [ms.t.l.t.d.ToolDefinitionLoader.apply(125)[m: Loaded 34 tool definitions in 1.764745 ms
2025-03-09 02:31:20,910 [32mINFO [m [m[Worker-Main-14][m [ms.t.l.t.l.StationSlotLayoutLoader.apply(105)[m: Loaded 18 station slot layouts in 3.43276 ms
2025-03-09 02:31:20,976 [32mINFO [m [m[Server thread][m [mm.c.p.PlaceholderAPIPlugin.publish(36)[m: [PlaceholderAPI] Disabling PlaceholderAPI v2.11.6
2025-03-09 02:31:20,978 [32mINFO [m [m[Server thread][m [mc.s.w.b.WorldEditPlugin.publish(36)[m: [WorldEdit] Disabling WorldEdit v7.2.20+6667-f0f1e66
2025-03-09 02:31:20,994 [32mINFO [m [m[Server thread][m [mc.s.w.e.p.PlatformManager.unregister(132)[m: Unregistering com.sk89q.worldedit.bukkit.BukkitServerInterface from WorldEdit
2025-03-09 02:31:20,995 [32mINFO [m [m[Server thread][m [mm.l.l.b.l.BukkitLoaderPlugin.publish(36)[m: [LuckPerms] Disabling LuckPerms v5.4.131
2025-03-09 02:31:20,996 [32mINFO [m [m[Server thread][m [mm.l.l.b.l.BukkitLoaderPlugin.publish(36)[m: [LuckPerms] Starting shutdown process...
2025-03-09 02:31:21,039 [32mINFO [m [m[Server thread][m [mm.l.l.b.l.BukkitLoaderPlugin.publish(36)[m: [LuckPerms] Closing storage...
2025-03-09 02:31:21,123 [32mINFO [m [m[Server thread][m [mm.l.l.b.l.BukkitLoaderPlugin.publish(36)[m: [LuckPerms] Goodbye!
2025-03-09 02:31:21,126 [32mINFO [m [m[Server thread][m [mn.m.s.MinecraftServer.m_7041_(749)[m: Saving players
2025-03-09 02:31:21,153 [32mINFO [m [m[Server thread][m [mn.m.s.n.ServerGamePacketListenerImpl.m_7026_(1554)[m: TSM_Kirigaya lost connection: Server closed
2025-03-09 02:31:21,178 [32mINFO [m [m[Server thread][m [mn.m.s.d.DedicatedServer.m_6352_(656)[m: TSM_Kirigaya left the game.
2025-03-09 02:31:21,279 [32mINFO [m [m[Server thread][m [mn.m.s.MinecraftServer.m_7041_(755)[m: Saving worlds
2025-03-09 02:31:30,446 [32mINFO [m [m[Server thread][m [mn.m.s.MinecraftServer.m_129885_(673)[m: Saving chunks for level 'ServerLevel[world]'/minecraft:overworld
2025-03-09 02:31:33,060 [32mINFO [m [m[Server thread][m [mn.m.s.MinecraftServer.m_129885_(673)[m: Saving chunks for level 'ServerLevel[world]'/minecraft:the_nether
2025-03-09 02:31:33,076 [32mINFO [m [m[Server thread][m [mn.m.s.MinecraftServer.m_129885_(673)[m: Saving chunks for level 'ServerLevel[world]'/re8joymod:re8_dimension
2025-03-09 02:31:33,104 [32mINFO [m [m[Server thread][m [mn.m.s.MinecraftServer.m_129885_(673)[m: Saving chunks for level 'ServerLevel[world]'/minecraft:the_end
2025-03-09 02:31:33,122 [32mINFO [m [m[Server thread][m [mn.m.s.MinecraftServer.m_129885_(673)[m: Saving chunks for level 'ServerLevel[world]'/alternacraft:alternadim
2025-03-09 02:31:33,213 [32mINFO [m [m[Server thread][m [mn.m.s.MinecraftServer.m_129885_(673)[m: Saving chunks for level 'ServerLevel[mundo_plano]'/minecraft:mundo_plano
2025-03-09 02:31:34,350 [32mINFO [m [m[Server thread][m [mn.m.s.MinecraftServer.m_129885_(694)[m: ThreadedAnvilChunkStorage (world): All chunks are saved
2025-03-09 02:31:34,351 [32mINFO [m [m[Server thread][m [mn.m.s.MinecraftServer.m_129885_(694)[m: ThreadedAnvilChunkStorage (DIM-1): All chunks are saved
2025-03-09 02:31:34,351 [32mINFO [m [m[Server thread][m [mn.m.s.MinecraftServer.m_129885_(694)[m: ThreadedAnvilChunkStorage (re8_dimension): All chunks are saved
2025-03-09 02:31:34,352 [32mINFO [m [m[Server thread][m [mn.m.s.MinecraftServer.m_129885_(694)[m: ThreadedAnvilChunkStorage (DIM1): All chunks are saved
2025-03-09 02:31:34,352 [32mINFO [m [m[Server thread][m [mn.m.s.MinecraftServer.m_129885_(694)[m: ThreadedAnvilChunkStorage (alternadim): All chunks are saved
2025-03-09 02:31:34,352 [32mINFO [m [m[Server thread][m [mn.m.s.MinecraftServer.m_129885_(694)[m: ThreadedAnvilChunkStorage (mundo_plano): All chunks are saved
2025-03-09 02:31:34,353 [32mINFO [m [m[Server thread][m [mn.m.s.MinecraftServer.m_129885_(697)[m: ThreadedAnvilChunkStorage: All dimensions are saved
